ab	de	(origem;)/		para fora	(origem;)/
ab und zu	de vez em quando	/
abbrechen	cancelar	(cl:vb;)/
abend	tarde	(cl:subst;masc;plu:~e;)/
abendessen	jantar	(cl:subst;neu;)/(masc;)
abenteuer	aventura	(cl:subst;neu;)/(fem;)
aber	mas	(cl:conj;)/		porém	(cl:conj;)/
abgeben	entregar	(cl:vb;)/
abhängen	depender	(cl:vb;)/
abhängig	dependente	(cl:adj;)/
abonnieren	subscrever	(cl:vb;)/
absenden	remeter	(cl:vb;)/
abteilung	seção	(cl:subst;)/(fem;)		departamento	(cl:subst;fem;)/
abwandeln	variar	(cl:vb;)/
abwehr	defesa	(cl:subst;fem;)/(fem;)
acht	oito	(cl:num)/(cl:num)
achten	respeitar	(cl:vb;)/
achtung	respeito	(cl:subst;fem;)/(masc;)		atenção	(cl:subst;fem;)/(fem;)		advertência	(cl:subst;)/(fem;)
achzig	oitenta	(cl:num)/(cl:num)
addieren	adicionar	(cl:vb;)/
addition	adição	(cl:subst;fem;)/
adler	águia	(cl:subst;masc;)/(fem;)
adoptieren	adotar	(cl:vb;)/
adresse	endereço	(cl:subst;fem;)/(masc;)
affe	macaco	(cl:subst;masc;)/
ahnung	idéia	(cl:subst;fem;)/(fem;)
ahorn	bordo	(cl:subst;masc;)/
akademisch	acadêmico	(cl:adj;)/(cl:subst/adj;)
akne	acne	(cl:subst;fem;)/
aktie	ação	(cl:subst;fem;plu:~n;)/(fem;)
aktion	ação	(cl:subst;fem;)/(fem;)
aktiv	ativo	(cl:adj;)/
aktivität	atividade	(cl:subst;fem;)/
aktualisieren	atualizar	(cl:vb;)/
aktuell	atual	(cl:adj;)/
akzeptieren	aceitar	(cl:vb;)/
alkohol	álcool	(cl:subst;masc;)/(masc;)
all	universo	(cl:subst;neu;)/(masc;)
alle	todos	(cl:pron;)/(cl:art/pron;plu;)
allee	avenida	(cl:subst;fem;)/(fem;)
allein	sozinho	(plu:~e;)/(cl:adj/adv;)
allerdings	certamente	(cl:adv;)/
allergie	alergia	(cl:subst;fem;)/
allergisch	alérgico	(cl:adj;)/
alles	tudo	(cl:pron;)/
allgemein	geral	(cl:adj;)/		geralmente	(cl:adv;)/		em geral	(cl:adv;)/
alltag	rotina	(cl:subst;fem;)/
als	que	(cl:conj;)/
alt	velho	(cl:adj;)/
alter	idade	(cl:subst;neu;)/(fem;)
am	ao longo de	(cl:prep;)/		em	/
amerika	América	(cl:subst;)/(sing;fem;)		EUA	(cl:subst;)/(cl:pron;sing;)
amerikaner	americano	(cl:adj/subst;)/
an	em	(cl:prep;)/
andauern	continuar	(cl:vb;)/
andere	outro	(cl:pron;)/		outro	(flex:r//s;)/(cl:art/pronome;sing;)
anders	diferente	(cl:adj;)/
anfang	começo	(cl:subst;neu;)/(masc;)
anfangen	iniciar	(cl:vb;)/
anforderung	exigência	(cl:subst;fem;)/(fem;)
anfänger	novato	(cl:subst;masc;)/		principiante	(cl:subst;masc;)/
angeboren	nativo	(cl:adj;)/
angebot	oferta	(cl:subst;neu;plu:~e;)/(fem;)
angreifen	atacar	(cl:vb;)/
angriff	ataque	(cl:subst;masc;)/(masc;)
angst	medo	(cl:subst;fem;)/(masc;)
anklagen	acusar	(cl:vb;)/
anleitung	instrução	(cl:subst;fem;)/
anmeldung	registro	(cl:subst;fem;)/
anonym	anônimo	(cl:adj;)/
anreden	endereçar	(cl:vb;)/
anruf	chamado	(cl:subst;masc;)/
anrufen	chamar	(cl:vb;)/		telefonar	(cl:vb;)/
ansatz	rudimento	(cl:subst;masc;)/
anschauen	observar	(cl:vb;)/
ansonsten	de outra maneira	(cl:conj;)/(cl:adv;)
anstatt	em vez de	(cl:adv;)/
ansteckend	contagioso	(cl:adj;)/
anstellung	emprego	(cl:subst;)/(masc;)
anstrengung	esforço	(cl:subst;)/(masc;)
anteil	interesse	(cl:subst;masc;)/		quota	(cl:subst;fem;)/
antrag	proposta	(cl:subst;masc;)/(fem;)
antwort	resposta	(cl:subst;fem;plu:~en;)/(fem;)
anwenden	aplicar	(cl:vb;)/
anzeige	anúncio	(cl:subst;fem;)/(masc;)
anzeigen	indicar	(cl:vb;)/
anzug	terno	(cl:subst;masc;)/
apfel	maçã	(cl:subst;masc;plu:Äpfel;)/(fem;)
apotheke	farmácia	(cl:subst;fem;plu:~n;)/(fem;)
april	Abril	(cl:subst;masc;)/(sing;)
araber	árabe	(cl:subst;masc;)/
arbeit	trabalho	(cl:subst;fem;)/
arbeiten	trabalhar	(cl:vb;)/
arbeiter	trabalhador	(cl:subst;masc;)/
arbeitgeber	empregador	(cl:subst;masc;)/
arbeitnehmer	empregado	(cl:subst;masc;)/
arm	braço	(cl:subst;masc;plu:~e;)/(masc;)
art	tipo	(cl:subst;)/(masc;)
artikel	artigo	(cl:subst;masc;)/
arzt	médico	(cl:subst;masc;plu:Ärzte;fem:Ärztin;)/
asien	Ásia	(cl:subst;fem;)/(cl:pron;sing;fem;)
assistieren	ajudar	(cl:vb;)/
atmen	respirar	(cl:vb;)/
auch	também	(cl:adv;)/		também	(cl:adv;)/
auf	em	(cl:prep;em cima de)/		sobre	(cl:prep;)/
aufgeben	desistir	(cl:vb;)/
aufgehen	abrir	(cl:vb;)/(reflex;)
auflage	edição	(cl:subst;fem;)/(fem;)
aufstellen	postar	(cl:vb;)/
auftrag	missão	(cl:subst;masc;)/(fem;)
aufwand	custo	(cl:subst;masc;)/(masc;)		despesa	(cl:subst;fem;)/(fem;)
aufwenden	gastar	(cl:vb;)/
aufzug	elevador	(cl:subst;neu;)/(masc;)
auge	olho	(cl:subst;neu;plu:~n;)/(masc;)
augenblick	instante	(cl:subst;)/(masc;)
august	Agosto	(cl:subst;masc;)/(sing;)
aus	de	(from;)/(cl:prep;)		fora de	(cl:prep;)/		desligado	(cl:adj;)/		para fora	(from;)/
ausbildung	preparação	(cl:subst;fem;)/(fem;)
ausbreiten	espalhar	(cl:vb;)/
ausgabe	emissão	(cl:subst;fem;)/(fem;)		entrega	(cl:subst;fem;)/
ausgeben	emitir	(cl:vb;)/		distribuir	(cl:vb;)/		gastar	(cl:vb;)/
ausgehen	sair	(cl:vb;)/
ausgezeichnet	excelente	(cl:adj;)/
ausland	fora	(cl:adv;im ~;)/		exterior	(cl:subst;neu;)/(masc;)
ausrüstung	equipamento	(cl:subst;neu;)/
aussage	declaração	(cl:subst;fem;)/(fem;)
aussagen	testemunhar	(cl:vb;)/
ausstellung	exibição	(cl:subst;fem;)/
australien	Austrália	(cl:subst;)/(cl:pron;sing;fem;)
auswahl	seleção	(cl:subst;fem;)/(fem;)
auto	automóvel	(cl:subst;neu;plu:~s;)/(masc;)
autobahn	estrada de rodagem	(cl:subst;fem;)/(fem;)
autobus	ônibus	(cl:subst;)/(masc;)
autorität	autoridade	(cl:subst;)/(fem;)
außen	fora	(cl:adv;)/
außer	exceto	(cl:prep;)/
außer wenn	a menos que	(cl:conj;)/
außerdem	além disso	(cl:adv;)/
avenue	av.	(cl:subst;masc;)/(abrev;)
baby	bebê	(cl:subst;plu:~s)/
bach	riacho	(cl:subst;masc;)/(masc;)
badezimmer	banheiro	(cl:subst;)/(masc;)
bahn	estrada	(cl:subst;fem;)/(fem;)
bahnhof	estação de trem	(cl:subst;masc;plu:Bahnhöfe;)/
bakterie	bactéria	(cl:subst;fem;)/(fem;)
bakteriell	bacteriano	(cl:adj;)/
bald	logo	(cl:adv;)/
balkon	balcão	(cl:subst;masc;plu:~e;)/(masc;)		varanda	(cl:subst;masc;plu:~e;)/(fem;)
ball	bola	(cl:subst;masc;plu:Bälle;)/(fem;)
bank	banco	(cl:subst;fem;)/(masc;)
basis	base	(cl:subst;fem;)/(sing;)
batterie	bateria	(cl:subst;fem;)/(fem;)		pilha	(cl:subst;fem;)/(fem;)
bauch	ventre	(cl:subst;masc;)/(masc;)
bauen	construir	(cl:vb;)/
bauer	fazendeiro	(cl:subst;masc;plu:~n;)/
baum	árvore	(cl:subst;masc;plu:Bäume;)/(fem;)
baumwolle	algodão	(cl:subst;)/(masc;)
beabsichtigen	pretender	(cl:vb;)/
beantwortung	resposta	(cl:subst;fem;)/(fem;)
bedarf	necessidade	(cl:subst;)/
bedeuten	significar	(cl:vb;)/
bedienung	atendimento	(cl:subst;fem;)/(masc;)		garçom	(cl:subst;fem;)/
bedingung	condição	(cl:subst;)/(fem;)
begeistert	entusiasmado	(cl:adj;)/
beginnen	começar	(cl:vb;)/
begriff	conceito	(cl:subst;masc;)/(masc;)
begüngung	razão	(cl:subst;fem;)/(fem;)
behalten	guardar	(cl:vb;)/
behandeln	tratar	(cl:vb;)/
behandlung	tratamento	(cl:subst;)/(masc;)
bei	perto de	(flex:m//m;)/(cl:prep;)		junto a	(flex:m//m;)/(cl:prep;)
beide	ambos	(flex:r//s;)/(cl:pron;plu;)		ambos	(cl:art;plu;)/(plu;)
beides	cada um	(cl:pron;sing;)/(sing;)
bein	perna	(cl:subst;neu;plu:~e;)/(fem;)
beinhalten	conter	(cl:vb;)/
beispiel	exemplo	(cl:subst;neu;plu:~e;)/(masc;)
beitrag	contribuição	(cl:subst;masc;)/(fem;)
beißen	morder	(cl:vb;)/
bekannt	conhecido	(cl:adj;)/
bekomen	tornar-se	(cl:vb;)/
bekommen	ganhar	(cl:vb;)/
beliebt	popular	(cl:adj;)/		querido	(cl:adj;)/
benutzen	usar	(cl:vb;)/
benötigen	precisar	(cl:vb;)/		precisar	(cl:vb;)/
bequem	confortável	(cl:adj;)/
beraten	aconselhar	(cl:vb;)/
beratung	conselho	(cl:subst;fem;)/(masc;)
berechnen	calcular	(cl:vb;)/
berechtigung	autorização	(cl:subst;)/(fem;)
bereich	área	(cl:subst;masc;plu:~e;)/		alcance	(cl:subst;masc;)/
bereit	pronto	(cl:adj;)/
bereits	já	(cl:adv;)/
berg	montanha	(cl:subst;masc;plu:~e;)/(fem;)
bericht	relatório	(cl:subst;masc;plu:~e;)/
bernstein	âmbar	(cl:subst;)/
beruf	profissão	(cl:subst;masc;plu:~e;)/(fem;)
beruflich	ocupacional	(cl:adj;)/
berücksichtigen	considerar	(cl:vb;)/
beschreiben	descrever	(cl:vb;)/
beschreibung	descrição	(cl:subst;fem;)/(fem;)
besitzen	possuir	(cl:vb;)/
besonder	especial	(cl:adj;)/		particular	(cl:adj;er/es/e;)/
besonders	especialmente	(cl:adv;)/		particularmente	(cl:adv;)/
besser	melhor	(cl:adj;)/
bestehen	existir	(cl:vb;)/
bestehlen	ordenar	(cl:vb;)/
bestellen	cultivar	(cl:vb;)/		encomendar	(cl:vb;)/
bestellung	ordem	(cl:subst;fem;)/(fem;)
besten	melhor	(cl:adj;)/
bestimmen	determinar	(cl:vb;)/
bestimmung	determinação	(cl:subst;fem;)/
beständig machen	provar	(cl:vb;)/
bestätigen	confirmar	(cl:vb;)/
bestätigung	confirmação	(cl:subst;fem;)/(fem;)
besuch	visita	(cl:subst;masc;)/(fem;)
besuchen	visitar	(cl:vb;)/
besucher	visitante	(cl:subst;masc;sing;plu;)/
beton	concreto	(cl:subst;masc;)/(masc;)
betonen	enfatizar	(cl:vb;)/
betrachten	ver	(cl:vb;)/		olhar	(cl:vb;)/
betrag	quantia	(cl:subst;masc;)/(fem;)
betreffen	afetar	(cl:vb;)/		interessar	(cl:vb;)/
betreiben	operar	(cl:vb;)/
betreten	entrar	(cl:vb;)/
bett	cama	(cl:subst;neu;plu:~en;)/(fem;)
bevorzugen	favorecer	(cl:vb;)/
bevölkerung	população	(cl:subst;fem;)/(fem;)
bewegen	mover	(cl:vb;)/
bewegung	movimento	(cl:subst;fem;)/(masc;)
bewerbung	aplicação	(cl:subst;fem;)/
bewerten	taxar	(cl:vb;)/		avaliar	(cl:vb;)/
bezahlen	pagar	(cl:vb;)/
beziehen	relacionar	(cl:vb;)/
beziehung	relação	(cl:subst;fem;)/(fem;)
bezirk	distrito	(cl:subst;masc;)/(masc;)
biegen	virar	(cl:vb;)/
biene	abelha	(cl:subst;fem;)/(fem;)
bier	cerveja	(cl:subst;neu;)/(fem;)
bieten	oferecer	(cl:vb;)/
bild	imagem	(cl:subst;neu;plu:~er;)/(fem;)
bilden	formar	(cl:vb;)/
bildung	educação	(cl:subst;fem;)/(fem;)
billig	barato	(cl:adj;)/
billigen	aprovar	(cl:vb;)/
billion	trilhão	(cl:subst;fem;)/(cl:num;)
biologie	biologia	(cl:subst;fem;)/(fem;)
bis	até	(cl:prep;)/
bisher	até aqui	(cl:adv;)/
bisschen	pouco	/(cl:pron;sing;)
bissen	pedaço	(cl:subst;masc;)/(masc;)
bitte	por favor	(cl:interj;)/
bitten	pedir	(cl:vb;)/
bitter	amargo	(cl:adj;)/
blase	bexiga	(cl:subst;fem;)/(fem;)
blatt	folha	(cl:subst;)/(fem;)
blau	azul	(cl:adj;)/
bleiben	permanecer	(cl:vb;)/		ficar	(cl:vb;)/
blitz	relâmpago	(cl:subst;masc;)/(masc;)
blume	flor	(cl:subst;fem;plu:~n;)/(fem;)
blut	sangue	(cl:subst;neu;)/(masc;)
bluten	sangrar	(cl:vb;)/
boden	piso	(cl:subst;masc;)/(masc;)
bohne	fava	(cl:subst;masc;plu:~n;)/(fem;)		feijão	(cl:subst;masc;plu:~n;)/(masc;)
boot	barco	(cl:subst;neu;plu:~e;)/(masc;)
botschaft	embaixada	(cl:subst;fem;)/(fem;)
brauchen	precisar	(cl:vb;)/
braun	marrom	(cl:adj;)/
brennen	queimar	(cl:vb;)/
brief	carta	(cl:subst;masc;plu:~e;)/(fem;)
briefkasten	caixa de correio	(cl:subst;masc;)/
briefmarke	selo	(cl:subst;fem;)/(masc;)
bringen	trazer	(cl:vb;)/		entregar	(cl:vb;)/
britisch	britânico	(cl:adj;)/(subst;)
brot	pão	(cl:subst;neu;plu:~e;)/(masc;)
bruder	irmão	(cl:subst;masc;plu:Brüder;)/(masc;)
brunnen	poço	(cl:subst;masc;)/(masc;)
brust	peito	(cl:subst;masc;plu:Brüste;)/(masc;)
brustkorb	tórax	(cl:subst;masc;)/
brücke	ponte	(cl:subst;fem;plu:~n;)/(fem;)
buch	livro	(cl:subst;neu;plu:Bücher;)/(masc;)
buchen	reservar	(cl:vb;)/
bundes	federal	(cl:adj;pref;)/
bundesland	estado	(cl:subst;plu:Bundesländer)/
bunt	colorido	(cl:adj;)/
bus	ônibus	(cl:subst;masc;plu:se;)/(masc;)
busch	arbusto	(cl:subst;masc;plu:Büsche;)/(masc;)
butter	manteiga	(cl:subst;fem;)/(fem;)
bäckerei	padaria	(cl:subst;fem;plu:~en;)/(fem;)
bär	urso	(cl:subst;masc;plu:~en;)/
böse	zangado	(cl:adj;)/		mau	(cl:adj;)/
bühne	palco	(cl:subst;fem;)/
bürger	cidadão	(cl:subst;masc;)/
bürgermeister	prefeito	(cl:subst;)/
büro	escritório	(cl:subst;)/
bürste	escova	(cl:subst;fem;)/(fem;)
chef	chefe	(cl:subst;masc;plu:~s;fem:~in;)/(cl:adj;)
chemie	químico	(cl:subst;fem;)/
christ	cristão	(cl:subst;masc;)/
christlich	cristão	/(cl:adj;)
computer	computador	(cl:subst;masc;)/(masc;)
cousin	primo	(cl:subst;masc;)/
cousine	prima	(cl:subst;fem;plu:~n;)/
da	aí	(cl:adv;)/		já que	/
dabei	perto	(cl:adv;)/
dach	telhado	(cl:subst;neu;plu:Dächer;)/(masc;)
dadurch	assim	(cl:adv;)/
daher	daí	(cl:adv;)/
damals	então	(cl:adv;)/
dame	senhora	(cl:subst;fem;plu:~n;)/(fem;)
damit	com isso	(cl:adv;)/
danach	depois	(cl:conj;)/
danke	obrigado	(cl:interj;)/
dankfest	ação de graça	(cl:subst;neu;)/
dann	então	(cl:adv;)/(conj;)
darm	intestino	(cl:subst;masc;)/(masc;)
das	o	(cl:pron;sing;neu;caso:nom)/(sing;)
dass	dado que	(cl:conj;)/
daten	dados	(cl:subst;plu;)/(plu;)
datum	data	(cl:subst;neu;)/(fem;)
dauer	duração	(cl:subst;masc;)/
dauern	demorar	(cl:vb;)/
daumen	polegar	(cl:subst;neu;)/(masc;)
daß	que	(cl:conj;)/
deck	convés	(cl:subst;neu;)/(masc;)
decke	coberta	(cl:subst;fem;)/(fem;)		cobertura	(cl:subst;fem;)/
decken	cobrir	(cl:vb;)/
dein	teu	(cl:pron;pess:2;sing;caso:gen;)/(poss;)
demonstration	demonstração	(cl:subst;fem;)/(fem;)
denken	pensar	(cl:vb;)/
denn	porque	(cl:conj;)/
dennoch	no entanto	(cl:conj;)/
der	o	(cl:art;masc;sing;plu:die;caso:nom;)/
derzeitig	presente	(cl:adj;)/
deshalb	por isso	(cl:adv;)/		por isso	(cl:adv;)/
detaillierte	detalhado	(cl:adj;)/
deutlich	evidente	(cl:adj;)/		claramente	(cl:adv;)/
deutschland	Alemanha	(cl:pron;sing;)/(sing;)
dezember	Dezembro	(cl:subst;masc;)/(sing;)
diagnose	diagnóstico	(cl:subst;fem;)/(masc;)
dich	te	(cl:pron;pess:2;sing;caso:acc;)/
dick	gordo	(cl:adj;)/
die	a	(cl:art;fem;sing/plu;)/(sing;fem)		os	(cl:art;plu;)/(plu;)
dienen	servir	(cl:vb;)/
dienstag	Terça-Feira	(cl:subst;masc;)/
diese	este	(flex:r//s;)/(cl:pron;)
ding	coisa	(cl:subst;neu;plu:~e;)/
direkt	direto	(cl:adj;)/
diät	dieta	(cl:subst;)/(fem;)
doch	no entanto	(cl:conj;)/
dokument	documento	(cl:subst;neu;)/(masc;)
dollar	dólar	(cl:subst;masc;)/(masc;)
donner	trovão	(cl:subst;masc;)/(masc;)
donnerstag	Quinta-Feira	(cl:subst;masc;)/
dorf	aldeia	(cl:subst;neu;plu:Dörfer;)/(fem;)		vila	(cl:subst;neu;plu:Dörfer;)/(fem;)
dorn	espinho	(cl:subst;masc;plu:~en;)/
dort	ali	(cl:adv;)/		lá	(cl:adv;)/
dr	dr	(cl:abbrev;)/
dran	vez	(na vez)/(cl:subst;fem;)
draußen	fora	(fora de um recinto;)/(cl:adv;)
drei	três	(cl:num)/(cl:num)
dreizehn	treze	(cl:num)/(cl:num)
dreißig	trinta	(cl:num)/(cl:num)
drin	dentro	(cl:adv;)/
drinnen	dentro	(dentro de um recinto;)/(cl:adv;)
dritte	terceiro	(cl:num;)/(ord;)
droge	droga	(cl:subst;)/(fem;)
drohe	ameaça	(cl:subst;)/(fem;)
drucken	imprimir	(cl:vb;)/
drücken	pressionar	(cl:vb;)/
du	tu	(cl:pron;pess:2;sing;caso:nom;)/
dumm	estúpido	(cl:adj;)/
dunkel	escuro	(cl:adj;)/
durch	direto	(cl:adj;)/		através	(cl:prep;)/		através de	(cl:prep;)/
durchaus	inteiramente	(cl:adv;)/
durchfall	diarréia	(cl:subst;masc;)/(fem;)
durst	sede	(cl:subst;masc;)/(fem;)
duschen	tomar ducha	(cl:vb;)/
dutzend	dúzia	(cl:subst;neu;plu:~e;)/(fem;)
dünn	fino	(cl:adj;)/
dürfen	poder	(cl:vb;)/
ebenfalls	também	(cl:adv;)/
echt	real	(cl:adj;)/		genuíno	(cl:adj;)/
ecke	esquina	(cl:subst;fem;plu:~n;)/(fem;)
effekt	efeito	(cl:subst;)/(masc;)
ehemalig	antigo	(cl:adj;)/
eher	razoavelmente	(cl:adv;)/
ehrlich	honesto	(cl:adj;)/
ei	ovo	(cl:subst;neu;plu:~er;)/(masc;)
eichhörnchen	esquilo	(cl:subst;neu;)/(masc;)
eigen	único	(cl:num;)/		próprio	(cl:adj;)/
eigenschaft	característica	(cl:subst;fem;)/(fem;)
eigentlich	verdadeiramente	(cl:adv;)/
eilig	expresso	(cl:adj;)/
ein	um	(cl:art;)/(sing;)		um	(cl:art;sing;)/(sing;)		um	(cl:num;sing;)/(sing;)
ein paar	poucos	/(cl:art)
eindeutig	inequívoco	(cl:adj;)/		claro	(cl:adj;)/
eindruck	impressão	(cl:subst;masc;)/
einfach	simplesmente	(cl:adv;)/		fácil	(cl:adj;)/		simples	(cl:adj;)/
einfluss	influência	(cl:subst;masc;)/(fem;)
einführung	introdução	(cl:subst;fem;)/(fem;)
einhunderteins	cento e um	(cl:num)/(cl:num)
einige	algum	(flex:r//s;)/(cl:pron;)
einkaufen	fazer compra	(cl:vb;)/
einladung	convite	(cl:subst;fem;)/(masc;)
einlaß	admissão	(cl:subst;)/(fem;)
einmal	uma vez	(cl:adv;)/
einrichten	arrumar	(cl:vb;)/
einrichtung	instalação	(cl:subst;fem;)/(fem;)
eins	um	(cl:num)/(cl:num)
einsatz	implementação	(cl:subst;masc;)/
einschließen	fechar	(cl:vb;)/
einschließlich	inclusive	(cl:adv;)/
einstellen	por	(cl:vb;)/		contratar	(cl:vb;)/
eintauschen	comerciar	(cl:vb;)/
einundzwanzig	vinte e um	(cl:num)/(cl:num)
einwanderer	imigrante	(cl:subst;masc;)/
einwanderung	imigração	(cl:subst;)/(fem;)
einwohner	habitante	(cl:subst;)/
einzelhandel	varejo	(cl:subst;)/
einzelheit	detalhe	(cl:subst;fem;)/(masc;)
einzeln	individual	(cl:adj;)/
einzig	único	(cl:num;)/
eis	gelo	(cl:subst;neu;)/(masc;)
eisen	ferro	(cl:subst;neu;)/(masc;)
elektrisch	elétrico	(cl:adj;)/
elektronisch	eletrônico	(cl:adj;)/
elf	onze	(cl:num)/(cl:num)
ellbogen	cotovelo	(cl:subst;masc;)/(masc;)
empfehlen	recomendar	(cl:vb;)/
empfehlung	recomendação	(cl:subst;fem;)/(fem;)
empfinden	sentir	(cl:vb;)/
ende	fim	(cl:subst;neu;)/(masc;)
enden	terminar	/(cl:vb;)
engel	anjo	(cl:subst;masc;)/(masc;)
england	Inglaterra	(cl:subst;)/(cl:pron;sing;)
englisch	inglês	(cl:adj/subst;)/
enkel	neto	(cl:subst;masc;)/
entdecken	descobrir	(cl:vb;)/
ente	pato	(cl:subst;fem;plu:~n;)/
entfernen	remover	(cl:vb;)/
entscheiden	decidir	(cl:vb;)/
entschließung	resolução	(cl:subst;fem;)/(fem;)
entschuldigung	desculpe-me	(cl:interj;)/
entweder	ou	(cl:conj;entweder ... oder .... )/
entwerfen	projetar	(cl:vb;)/
entwickeln	desenvolver	(cl:vb;)/
entwickler	desenvolvedor	(cl:subst;)/
entwicklung	desenvolvimento	(cl:subst;fem;)/(masc;)
entwurf	projeto	(cl:subst;masc;)/(masc;)
enährung	dieta	(cl:subst;)/(fem;)
er	ele	(cl:pron;pess:3;sing;masc;caso:nom;)/(sing;masc;)
erachten	considerar	(cl:vb;)/
erbfaktor	gene	(cl:subst;masc;)/(masc;)
erbrechen	vomitar	(cl:vb;)/		vômito	(cl:subst;neu;)/(masc;)
erdbeere	morango	(cl:subst;fem;plu:~n;)/(masc;)
erde	terra	(cl:subst;fem;)/(fem;)		terra	(cl:subst;fem;)/(fem;)
ereignis	evento	(cl:subst;)/(masc;)
ereigniss	incidente	(cl:subst;)/
erfahren	descobrir	(cl:vb;)/
erfahrung	experiência	(cl:subst;fem;plu:~en;)/(fem;)
erfindung	invenção	(cl:subst;fem;)/
erfolg	sucesso	(cl:subst;masc;)/(masc;)
erfolgen	acontecer	(cl:vb;)/
erforden	requerer	(cl:vb;)/
ergeben	resultar	(cl:vb;)/		render	(cl:vb;refl;)/(refl;)
ergebnis	resultado	(cl:subst;neu;)/(masc;)
ergänzen	completar	(cl:vb;)/
erhalten	obter	(cl:vb;)/		receber	(cl:vb;)/
erhöhen	aumentar	(cl:vb;)/
erinnern	lembrar	(cl:vb;reflex;)/(reflex;)
erkennen	reconhecer	(cl:vb;)/
erklären	declarar	(cl:vb;)/		explicar	(cl:vb;)/
erklärung	explicação	(cl:subst;)/(fem;)
erlauben	permitir	(cl:vb;)/
erlaubnis	permissão	(cl:subst;fem;)/(fem;)		permissão	(cl:subst;fem;)/(fem;)
erlaubte	permitido	(cl:adj;)/
erleben	experimentar	(cl:vb;)/
ermitteln	verificar	(cl:vb;)/
erneut	novamente	(cl:adv;)/
ernst	sério	(cl:adj;)/		seriedade	(cl:subst;masc;)/(fem;)
erreichen	alcançar	(cl:vb;)/
erschaffen	criar	(cl:vb;)/
erscheinen	aparecer	(cl:vb;)/
ersetzen	substituir	(cl:vb;)/
erste	primeiro	(flex:r//s;)/(cl:num;)
erwachsene	adulto	(cl:subst;masc;plu:~n;)/(adj;)
erweitern	expandir	(cl:vb;)/
erwerben	adquirir	(cl:vb;)/
erziehung	educação	(cl:subst;fem;)/(fem;)
erzählen	contar	(cl:vb;)/		contar	(cl:vb;)/		narrar	(cl:vb;)/
es	ele	(cl:pron;neu;/caso:nom;)/(sing;)		o	(cl:pron;sing;neu;caso:acc)/(sing;)
es tut mir leid	lamento	/(cl:expr;)
esel	burro	(cl:subst;masc;)/(masc;)
essen	comida	(cl:subst;neu;)/(fem;)		comer	(cl:vb;)/
esszimmer	sala de jantar	(cl:subst;neu;)/
etwa	aproximadamente	(cl:adv;)/
etwas	um tanto	(cl:adv;)/		qualquer coisa	(cl:pron;)/(sing;)		algo	(cl:pron;sing;)/(sing;)
euch	vos	(cl:pron;pess:2;plu;caso:acc;)/
euer	vosso	(cl:pron;pess:2;plu;caso:gen;plu:eure;)/
eule	coruja	(cl:subst;fem;)/(fem;)
eure	seu	(cl:pron;)/(poss;)
europa	Europa	(cl:pron;sing;)/(sing;)
europäer	europeu	(cl:subst;masc;)/(cl:adj/subst;)
existenz	existência	(cl:subst;fem;)/(fem;)
experte	especialista	(cl:subst;masc;)/
extra	extra	(cl:adj;)/
fabrik	fábrica	(cl:subst;fem;)/(fem;)
fachbereich	departamento	(cl:subst;masc;)/
fahne	insígnia	(cl:subst;fem;)/(fem;)
fahren	dirigir	(cl:vb;)/		conduzir	(cl:vb;)/
fahrgast	passageiro	(cl:subst;masc;)/
fahrrad	bicicleta	/(cl:subst;fem;)
fahrt	viagem	(cl:subst;fem;)/(fem;)
fahrzeug	veículo	(cl:subst;)/
faktor	fator	(cl:subst;masc;)/(masc;)
fall	caso	(cl:subst;masc;)/(masc;)		queda	(cl:subst;masc;)/(fem;)
fallen	cair	(cl:vb;)/
falsch	errado	(cl:adj;)/
familie	família	(cl:subst;fem;)/(fem;)
fangen	pegar	(cl:vb;)/
farbe	cor	(cl:subst;fem;plu:~n;)/(fem;)
fast	quase	(cl:adv;)/
faul	preguiçoso	(cl:adj;)/
februar	Fevereiro	(cl:subst;masc;)/
fehlen	faltar	(cl:vb;)/
fehler	falha	(cl:subst;masc;)/
feiern	celebrar	(cl:vb;)/
feind	inimigo	(cl:subst;masc;plu:~e;)/
feld	campo	(cl:subst;neu;)/(masc;)
fenster	janela	(cl:subst;neu;)/(fem;)
ferien	férias	(cl:subst;fem;plu:pl;)/(fem;plu;)
fernsehen	televisão	(cl:subst;neu;)/(fem;)		assistir televisão	(cl:vb;)/
ferpflichtet	comprometido	(cl:adj;)/
ferse	calcanhar	(cl:subst;fem;)/(masc;)
fertig	pronto	(cl:adj;)/
fertigung	produção	(cl:subst;fem;)/(fem;)
fest	firme	(cl:adj;)/
festlegen	determinar	(cl:vb;)/
festplatte	disco rígido	(cl:subst;masc;)/(masc;)
feuer	fogo	(cl:subst;neu;)/(masc;)
feuerwehr	brigada de incêndio	(cl:subst;fem;)/
feuerzeug	isqueiro	(cl:subst;)/(masc;)
fier	quatro	(cl:num)/(cl:num)
fierzig	quarenta	(cl:num)/(cl:num)
finanziell	financeiro	(cl:adj;)/
finanzierung	financiamento	(cl:subst;fem;)/
finden	achar	(cl:vb;)/
finger	dedo	(cl:subst;masc;)/(masc;)
fisch	peixe	(cl:subst;masc;plu:~e;)/(masc;)
flagge	bandeira	(cl:subst;fem;)/(fem;)
flasche	garrafa	(cl:subst;fem;plu:~n;)/(fem;)
fleck	marca	(cl:subst;masc;)/(fem;)		mancha	(cl:subst;masc;plu:~e;)/(fem;)
fleisch	carne	(cl:subst;neu;)/(fem;)
fliege	mosca	(cl:subst;fem;plu:~n;)/(fem;)
floh	pulga	(cl:subst;masc;plu:Flöhe;)/(fem;)
flug	vôo	(cl:subst;masc;plu:Flüge;)/(masc;)
fluggerät	aeronave	(cl:subst;)/(fem;)
flughafen	aeroporto	(cl:subst;masc;)/(masc;)
flugzeug	avião	(cl:subst;)/(masc;)
fluss	rio	(cl:subst;masc;plu:Flüsse;)/(masc;)
fläche	face	(cl:subst;fem;)/
folge	sequência	(cl:subst;fem;)/(fem;)
folgen	seguir	(cl:vb;)/
forelle	truta	(cl:subst;fem;)/(fem;)
form	forma	(cl:subst;fem;)/(fem;)
formular	formulário	(cl:subst;neu;)/(masc;)
forname	primeiro nome	(cl:subst;masc;plu:~n;)/
forschung	pesquisa	(cl:subst;fem;)/(fem;)
frachtführer	transportador	(cl:subst;masc;)/
frage	pergunta	(cl:subst;fem;plu:~n;)/(fem;)		questão	(cl:subst;)/(fem;)
fragen	perguntar	(cl:vb;)/
frankreich	França	(cl:subst;)/(sing;)
franzose	francês	(cl:adj/subst;)/(cl:adj;)
französisch	francês	(cl:subst;)/
frau	mulher	(cl:subst;fem;plu:~en;)/(fem;)
frei	livre	(cl:adj;)/
freiheitlich	liberal	(cl:adj;)/
freitag	Sexta-Feira	(cl:subst;masc;)/
fremd	estrangeiro	(cl:adj;)/
fremdenverkehr	turismo	(cl:subst;masc;)/(masc;)
fressen	devorar	(ref. animal;)/(cl:vb;)
freude	alegria	(cl:subst;fem;)/(fem;)
freuen	alegrar	(cl:vb;)/
freund	amigo	(cl:subst;masc;plu:~e;fem:~in)/
frieden	paz	(cl:subst;)/(fem;)
frisch	recente	(cl:adj;)/		fresco	(cl:adj;)/
frist	prazo	(cl:subst;fem;)/(masc;)
front	frente	(cl:subst;fem;)/
früh	cedo	(cl:adj;)/(adv;)
früher	mais cedo	(cl:adj;)/
frühling	primavera	(cl:subst;masc;)/
frühstück	desjejum	(cl:subst;neu;plu:~e;)/(masc;)
fuchs	raposa	(cl:subst;masc;)/(fem;)
funktionieren	funcionar	(cl:vb;)/
fuß	pé	(cl:subst;masc;plu:Füße;)/(masc;)
fußball	futebol	(cl:subst;masc;)/(masc;)
fähig	capaz	(cl:adj;)/
fähigkeit	capacidade	(cl:subst;fem;)/(fem;)
fähre	barca	(cl:subst;neu;)/
fäkal	fecal	(cl:adj;)/
fäkalien	fezes	(cl:subst;plu;)/(plu;)
färben	colorir	(cl:vb;)/
fördern	sustentar	(cl:vb;)/
fühlen	sentir	(cl:vb;)/
führen	conduzir	(cl:vb;)/		guiar	(cl:vb;)/
führer	líder	(cl:subst;masc;)/		guia	(cl:subst;masc;)/
führung	administração	(cl:subst;fem;)/(fem;)
fünf	cinco	(cl:num;plu;)/(plu;)
fünfzig	cinquenta	(cl:num)/(cl:num)
für	para	(cl:prep)/(cl:prep;)
füttern	alimentar	(cl:vb;)/
gabel	garfo	(cl:subst;fem;plu:~n;)/(masc;)
gans	ganso	(cl:subst;fem;)/(masc;)
ganz	todo	(cl:adj;)/
garten	jardim	(cl:subst;masc;)/(masc;)
gast	hóspede	(cl:subst;masc;plu:Gäste;)/
geben	dar	(cl:vb;)/
gebet	oração	(cl:subst;neu;)/(fem;)
geboren	nascido	(cl:adj;)/
gebrauch	uso	(cl:subst;masc;)/
geburt	nascimento	(cl:subst;fem;)/(masc;)
geburtstag	aniversário	(cl:subst;masc;)/(masc;)
gebäude	construção	(cl:subst;neu;plu:~n;)/(fem;)		prédio	(cl:subst;neu;plu:~n;)/(masc;)
gebühr	taxa	(cl:subst;)/(fem;)
gedanke	pensamento	(cl:subst;masc;)/(masc;)
gefahr	perigo	(cl:subst;fem;)/(masc;)
gefallen	agradar	(cl:vb;)/
gefeit	imune	(cl:adj;)/
geflügelfleisch	carne de frango	(cl:subst;neu;)/
gefährlich	perigoso	(cl:adj;)/
gefühl	sentimento	(cl:subst;neu;)/(masc;)
gegen	contra	(cl:prep;)/
gegensatz	oposição	(cl:subst;masc;)/(fem;)
gegenstand	item	(cl:subst;masc;)/(masc;)
gegenwärtige	atualmente	(cl:adv;)/
gegenüber	oposto	/(cl:adj;/subst)
gegner	oponente	(cl:subst;masc;)/
geheimnis	segredo	(cl:subst;)/(masc;)
gehen	ir	(cl:vb;)/		ir	(cl:vb;)/
gehirn	cérebro	(cl:subst;masc;)/(masc;)
gehören	pertencer	(cl:vb;)/
geist	espírito	(cl:subst;masc;plu:Gëister;)/		espírito	(cl:subst;masc;)/
gelb	amarelo	(cl:adj;)/
geld	dinheiro	(cl:subst;neu;)/(masc;)
geldautomat	caixa eletrônico	(cl:subst;masc;plu:~en;)/
gelegenheit	oportunidade	(cl:subst;fem;)/(fem;)
gemein	comum	(cl:adj;)/
gemeinde	comunidade	(cl:subst;fem;plu:~n;)/(fem;)
gemeinsam	unido	(cl:adj;)/		comumente	(cl:adv;)/
gemäß	conforme	(cl:adv;)/
gemüse	legumes	(cl:subst;neu;)/(plu;)
genau	exatamente	(cl:adv;)/
genauso	justo	(cl:adv;)/(cl:adj/adv;)
genehmigung	permissão	(cl:subst;fem;)/(fem;)
genf	Genebra	(cl:subst;)/
genug	bastante	(cl:adj/adv;)/(cl:adj;)		suficiente	(cl:adj;/adv)/(/adv)
gerade	agora	(cl:adv;)/
gering	pequeno	(cl:adj;)/		diminuto	(cl:adj;)/
geringst	menor	(cl:adj;)/
gern	com gosto	(cl:adv;)/
gern geschehen	de nada	/
geruch	odor	(cl:subst;masc;)/(masc;)		cheiro	(cl:subst;masc;)/(masc;)
gerät	aparelho	(cl:subst;neu;plu:~e;)/(masc;)
gesamt	total	(cl:adj;)/
geschenk	presente	(cl:subst;neu;plu:~e;)/(masc;)
geschichte	história	(cl:subst;)/(fem;)		história	(cl:subst;)/
geschlossen	fechado	(cl:adj;)/
geschwindigkeit	velocidade	(cl:subst;fem;)/(fem;)
geschäft	loja	(cl:subst;neu;plu:~e;)/(fem;)
geschäftsführer	diretor	(cl:subst;masc;)/		gerente	(cl:subst;masc;)/
gesellschaft	companhia	(cl:subst;fem;)/(fem;)		sociedade	(cl:subst;fem;)/(fem;)		reunião	(cl:subst;fem;)/(fem;)
gesetz	lei	(cl:subst;neu;)/
gesicht	face	(cl:subst;neu;plu:~er;)/(fem;)
geslecht	gênero	(cl:subst;neu;plu:~er;)/
gespräch	conversa	(cl:subst;neu;)/
gestern	ontem	(cl:adv;)/
gesund	saudável	(cl:adj;)/
gesundheit	saúde	(cl:subst;)/(fem;sing;)
geteilt	dividido	(cl:adj;)/
getränk	bebida	(cl:subst;neu;plu:~e;)/(fem;)
gewalt	força	(cl:subst;fem;)/(fem;)
gewicht	peso	(cl:subst;neu;)/(masc;)
gewinn	lucro	(cl:subst;masc;)/(masc;)
gewinnen	vencer	(cl:vb;)/
gewitter	temporal	(cl:subst;neu;)/(masc;)
gewährleisten	garantir	(cl:vb;)/
gewährleistet	garantido	(cl:vb;)/(cl:adj;)
gewöhnlich	usualmente	(cl:adv;)/
giftig	tóxico	(cl:adj;)/
gitarre	violão	(cl:subst;fem;)/(masc;)
glas	copo	(cl:subst;neu;plu:ër;)/(masc;)		vidro	(cl:subst;neu;plu:ër;)/(masc;)
glauben	acreditar	(cl:vb;)/
gleich	mesmo	(cl:adj;)/
gleichgewicht	equilíbrio	(cl:subst;neu;)/(masc;)
gleichmäßig	uniforme	(cl:adj;)/
glocke	campainha	(cl:subst;fem;)/(fem;)		sino	(cl:subst;fem;)/(masc;)
glück	felicidade	(cl:subst;neu;)/(fem;)		sorte	(cl:subst;)/(fem;)
glücklich	feliz	(cl:adj;)/
gold	ouro	(cl:subst;neu;)/(masc;)
gott	deus	(cl:subst;masc;plu:Götter;)/
grad	grau	(cl:subst;)/(masc;)
gras	grama	(cl:subst;neu;plu:Grässe;)/
grau	cinza	(cl:adj;)/(subst;)
grenze	borda	(cl:subst;fem;)/(fem;)
grenzen	limitar	(cl:subst;fem;)/(cl:vb;)
groß	grande	(cl:adj;)/		grande	(cl:adj;)/
großartig	grandioso	(cl:adj;)/
großbrittanien	Bretanha	(cl:pron;sing;)/(sing;)
großmutter	avó	(plu:Großmütter;)/(cl:subst;fem;)
grund	solo	(cl:subst;plu:Gründe;)/(masc;)		razão	(cl:subst;)/(fem;)
grundlage	princípio	(cl:subst;)/(masc;)
grundlegend	básico	(cl:adj;)/
grundschule	escola fundamental	(cl:subst;fem;plu:~n;)/(fem;)
grundstück	terreno	(cl:subst;)/
gruppe	grupo	(cl:subst;fem;plu:~n;)/(masc;)
größe	tamanho	(cl:subst;fem;)/(masc;)
größer	maior	(cl:adj;)/
grün	verde	(cl:adj;)/
grüß	saudação	(cl:subst;masc;plu:~e;)/(fem;)
gut	bom	(cl:adj;)/		bem	(cl:adv;)/
gutschein	voucher	(cl:subst;masc;plu:~e;)/
günstig	oportuno	(cl:adj;)/
haar	cabelo	(cl:subst;neu;plu:~e;)/(masc;)
haben	ter	(cl:vb;)/
hahn	galo	(cl:subst;masc;plu:Hähne;)/(masc;)
hai	tubarão	(cl:subst;masc;)/(masc;)
halb	meio	(cl:adv;)/(cl:adj;)
halbbruder	meio irmão	(plu:Halbbrüder;)/(cl:subst;)
halle	salão	(cl:subst;fem;plu:~n;)/
hallo	oi	(cl:interj;)/
hals	pescoço	(cl:subst;masc;plu:Hälse;)/(masc;)
halsband	colarinho	(cl:subst;neu;)/(masc;)
halten	manter	(cl:vb;)/		segurar	(cl:vb;)/
haltestelle	parada	(cl:subst;fem;de ônibus;)/(fem;)
hand	mão	(cl:subst;fem;plu:Hände;)/(fem;)
handel	comércio	(cl:subst;masc;)/(masc;)
handeln	agir	(cl:vb;)/		lidar	(cl:vb;)/		negociar	(cl:vb;)/
handgelenk	pulso	(cl:subst;neu;)/(masc;)
handtuch	toalha de mão	(cl:subst;)/(fem;)
handwerk	ofício	(cl:subst;neu;)/(masc;)
handy	celular	(cl:subst;neu;)/
hart	muito	(cl:adv;)/		duro	(cl:adj;)/
hass	ódio	(cl:subst;masc;)/(masc;)
hassen	odiar	(cl:vb;)/
haupstadt	capital	(cl:subst;fem;)/(fem;)
haupt	chefe	(cl:subst;neu;plu:Häupter;)/(masc;)		topo	(cl:subst;neu;plu:Häupter;)/
hauptgericht	prato principal	(cl:subst;neu;)/(masc;)
haus	casa	(cl:subst;neu;plu:Häuser;)/(fem;)
haushalt	casa	(cl:subst;)/(fem;)
haustier	animal de estimação	(cl:subst;neu;plu:~e;)/
haut	pele	(cl:subst;fem;plu:Häute;)/(fem;)
heilig	sagrado	(cl:adj;)/
heimat	pátria	(cl:subst;fem;)/(fem;)
heizen	aquecer	(cl:vb;)/
heiß	quente	(plu:~e;)/(cl:adj;)
heißen	chamar	(cl:vb;)/(reflex;)
herbst	outono	(cl:subst;masc;)/
herr	senhor	(cl:subst;masc;plu:~en;)/(masc;)		cavalheiro	(cl:subst;masc;plu:~en;)/(masc;)
herrschaft	domínio	(cl:subst;fem;)/
herstellen	produzir	(cl:vb;)/
hertz	coração	(cl:subst;neu;plu:~en;)/(masc;)
herunter	abaixo	(cl:prep;)/
heute	hoje	(cl:adv;)/
hier	aqui	(cl:adv;)/
hiesig	local	(cl:adj;)/
hilfe	ajuda	(cl:subst;fem;)/
hilfen	ajudar	(cl:vb;)/
hilfreich	útil	(cl:adj;)/
himmel	céu	(cl:subst;masc;)/(masc;)
hineinziehen	envolver	(cl:vb;)/
hinten	atrás	/(cl:adv;)
hinter	atrás	(cl:prep/adv;)/
hintergrund	fundo	(cl:subst;masc;)/(masc;)
hinweis	pista	(cl:subst;)/
hirsch	cervo	(cl:subst;masc;)/
historisch	histórico	(cl:adj;)/
hoch	alto	(cl:adj/adv;)/		altamente	(cl:adv;)/
hochschule	faculdade	(cl:subst;)/(fem;)
hochzeit	núpcias	(cl:subst;fem;)/(fem;plu;)
hof	pátio	(cl:subst;masc;plu:Höfe;)/(masc;)
hoffen	esperar	(cl:vb;)/(ter esperança)
hoffnung	esperança	(cl:subst;fem;)/(fem;)
holz	madeira	(cl:subst;)/
honig	mel	(cl:subst;masc;)/(masc;)
hotel	hotel	(cl:subst;)/(masc;)
huhn	galinha	(cl:subst;neu;)/(fem;)
hund	cachorro	(cl:subst;masc;plu:~e;)/(masc;)
hundert	cem	(cl:num)/(cl:num)
hunger	fome	(cl:subst;masc;)/(fem;)
hut	chapéu	(cl:subst;masc;plu:Hüte;)/(masc;)
hähnchen	frango	(cl:subst;neu;)/(masc;)
hälfte	metade	(cl:subst;fem;plu:~n;)/(cl:pron;sing;)
häufig	frequentemente	(cl:adv;)/		frequente	(cl:adj;)/
häuslich	doméstico	(cl:adj;)/
höchst	mais alto	(cl:adj;)/
höher	mais alto	(cl:adj;)/
hölle	interno	(cl:subst;fem;)/(cl:adj;)		inferno	(cl:subst;)/(masc;)
hören	ouvir	(cl:vb;)/
hübsch	lindo	(cl:adj;)/
hüfte	quadril	(cl:subst;fem;)/(masc;)
ich	eu	(cl:pron;pess:1;sing;caso:nom;)/(sing;)
idee	idéia	(cl:subst;fem;)/(fem;)
ihn	ele	(cl:pron;pess:3;sing;masc;caso:acc;)/(sing;masc;)		o	(cl:pron;sing;masc;caso:acc)/(sing;masc;)
ihnen	eles	(cl:pron;plu;)/(plu;)
ihr	seu	(cl:pron;pess:1;sing;fem;caso:gen;plu:~e;)/		vós	(cl:pron;pess:2;plu;caso:nom;)/
ihre	seu	(flex:r//s;)/(cl:pron;)
im freien	ao ar livre	(cl:adj;)/
immer	sempre	(cl:adv;)/		sempre	(cl:adv;)/
impfstoff	vacina	(cl:subst;)/(fem;)
in	em	(plu:m//m;)/(cl:prep;)		em	(cl:prep;)/		dentro	(flex:m//m;)/(cl:prep;)
individuell	individual	(cl:adj;)/
infektion	infecção	(cl:subst;fem;)/(fem;)
infizierte	infectado	(cl:adj;)/
information	informação	(cl:subst;)/(fem;)
ingenieurwesen	engenharia	(cl:subst;neu;)/(fem;)
inhaber	proprietário	(cl:subst;masc;)/
innen	dentro	(cl:adv;)/
innenstadt	centro da cidade	(cl:subst;fem;)/
innere	interior	(cl:subst;neu;)/(masc;)
insbesondere	particularmente	(cl:adv;)/
insekt	inseto	(cl:subst;neu;plu:~en;)/(masc;)
insel	ilha	(cl:subst;fem;plu:~n;)/(fem;)
intelligenz	inteligência	(cl:subst;fem;)/(fem;)
interesse	interesse	(cl:subst;neu;)/
interessiert	interessado	(cl:adj;)/
international	internacional	(cl:adj;)/
inzwischen	até o momento	/		entretanto	(cl:conj;)/
irgendwann	em algum momento	/
irgendwas	alguma coisa	(cl:pron;)/(sing;)
irgendwer	alguém	(cl:pron;sing;)/(sing;)
irgendwie	de algum modo	(cl:pron;sing;)/(sing;)
irgendwo	em algum lugar	/(cl:pron;sing;)
irren	errar	(cl:vb;)/
italien	Itália	(cl:subst;)/(cl:pron;sing;)
ja	sim	(cl:interj;)/
jacke	jaqueta	(cl:subst;fem;plu:~n;)/(fem;)
jahr	ano	(cl:subst;neu;plu:~e;)/(masc;)
jahreszeit	estação	(cl:subst;fem;)/(do ano;)
jahrhundert	século	(cl:subst;neu;)/(masc;)
januar	Janeiro	(cl:subst;masc;)/(sing;)
jede	todo	(flex:r//s;)/(cl:art;sing;)		cada um	(cl:pron;)/(sing;)		cada	(flex:r//s;)/(cl:art;sing;)
jedenfalls	em todo caso	(cl:adv;)/
jedoch	contudo	(cl:conj;)/		no entanto	(cl:conj;)/
jemand	alguém	(cl:pron;sing;)/(sing;)
jene	aquele	(flex:r//s;)/(cl:pron;)
jetzt	agora	(cl:adv;)/
job	trabalho	(cl:subst;)/(masc;)
jugend	juventude	(cl:subst;)/(fem;)
juli	Julho	(cl:subst;masc;)/(sing;)
jung	jovem	(cl:adj;)/
junge	menino	(cl:subst;masc;plu:~n;)/(masc;)		moço	(cl:subst;masc;plu:~n;)/(masc;)
juni	Junho	(cl:subst;masc;)/(sing;)
kabel	cabo	(cl:subst;neu;)/(masc;)
kaffee	café	(cl:subst;masc;plu:~s;)/(masc;)
kalb	vitela	(cl:subst;neu;plu:Kälber;)/
kalt	frio	(cl:adj;)/
kampf	luta	(cl:subst;masc;)/(fem;)		luta	(cl:subst;masc;)/(fem;)
kanadier	canadense	(cl:adj/subst;)/
kaninchen	coelho	(cl:subst;neu;)/
kann nicht	não poder	(cl:vb;)/
kaputt	quebrado	(cl:adj;)/		rasgado	(cl:adj;)/
karotte	cenoura	(cl:subst;fem;)/(fem;)
karte	cartão	(cl:subst;fem;)/(masc;)
kartoffel	batata	(cl:subst;fem;plu:~n;)/(fem;)
karton	caixa	(cl:subst;masc;)/(fem;)
kasse	caixa	(cl:subst;fem;)/
kastrierte	neutralizado	(cl:adj;)/
katholisch	católico	(cl:adj;)/
katze	gato	(cl:subst;fem;plu:~n;)/		felino	(cl:subst;fem;)/(cl:adj/subst;)
kaufen	comprar	(cl:vb;)/
kaufer	comprador	(cl:subst;masc;)/
kaum	mal	(cl:adv;)/
kaum können	mal poder	(cl:vb;)/
kein	nenhum	(cl:adv;)/		nenhum	(plu:/e;)/(cl:art;)
keine ahnung	sem idéia	/(cl:expr;)
keinerlei	nenhum	/(cl:pron;sing;)
keller	porão	(cl:subst;masc;)/
kellner	garçom	(cl:subst;masc;)/
kennen	conhecer	(cl:vb;)/
kenntnis	conhecimento	(cl:subst;fem;)/(masc;)
kerze	vela	(cl:subst;fem;)/(fem;)
kind	criança	(cl:subst;neu;plu:~er;)/(fem;)
kinn	queixo	(cl:subst;neu;)/(masc;)
kino	cinema	(cl:subst;neu;)/(masc;)
kirche	igreja	(cl:subst;fem;)/(fem;)
klar	claro	(cl:adj;)/
klasse	classe	(cl:subst;fem;)/(fem;)
klaue	garra	(cl:subst;)/(fem;)
klausel	cláusula	(cl:subst;fem;)/(fem;)
kleid	vestido	(cl:subst;neu;plu:~er;)/(masc;)
kleidung	roupa	(cl:subst;fem;)/(fem;)
klein	pequeno	(cl:adj;)/
kleinstädtisch	provinciano	(cl:adj;)/
klima	clima	(cl:subst;neu;)/
klingen	tocar	(cl:vb;telefone;)/
klinik	clínica	(cl:subst;fem;)/(fem;)
knapp	escasso	(cl:adj;)/
kneipe	bar	(cl:subst;fem;plu:~n;)/(masc;)
knie	joelho	(cl:subst;neu;)/(masc;)
knoblauch	alho	(cl:subst;masc;)/(masc;)
knochen	osso	(cl:subst;masc;)/(masc;)
knopf	botão	(cl:subst;masc;plu:Knöpfe;)/(masc;)
knöchel	tornozelo	(cl:subst;masc;)/(masc;)
koche	cozinheiro	(cl:subst;masc;)/
kochen	cozinhar	(cl:vb;)/
kodieren	codificar	(cl:vb;)/
kohle	carvão	(cl:subst;fem;)/(masc;)
kollege	colega	(cl:subst;masc;)/
kolonie	colônia	(cl:subst;fem;)/(fem;)
komisch	esquisito	(cl:adj;)/
komitee	comitê	(cl:subst;neu;)/
kommen	vir	(cl:vb;)/
kommerziell	comercial	(cl:adj;)/(subst;)
kommunist	comunista	(cl:adj;)/(subst;)
komplett	completamente	(cl:adv;)/		completo	(cl:adj;)/
kongress	congresso	(cl:subst;masc;)/(masc;)
konservativ	conservador	(cl:adj;)/
konstitution	constituição	(cl:subst;fem;)/(fem;)
konsulat	consulado	(cl:subst;neu;)/(masc;)
kontakt	contato	(cl:subst;masc;)/(masc;)
konto	conta	(cl:subst;neu;)/(fem;)
kontrolle	controle	(cl:subst;fem;)/(masc;)
kontrollieren	controlar	(cl:vb;)/
kopf	cabeça	(cl:subst;masc;plu:Köpfe;)/(fem;)
kosten	custar	(cl:vb;)/
kostenlos	gratuito	(cl:adj;)/
krabbe	camarão	(cl:subst;fem;plu:~n;)/(fem;)
kraft	poder	(cl:subst;fem;)/(masc;)		força	(cl:subst;fem;)/
krank	doente	(cl:adj;)/
krankenhaus	hospital	(cl:subst;neu;)/(masc;)
krankenwagen	ambulância	(cl:subst;masc;)/(fem;)
krankheit	doença	(cl:subst;fem;)/(fem;)		doença	(cl:subst;fem;)/(fem;)
kratzen	arranhar	(cl:vb;)/
krebs	câncer	(cl:subst;)/(masc;)
kredit	crédito	(cl:subst;masc;)/(masc;)
kreis	círculo	(cl:subst;masc;)/(masc;)
krieg	guerra	(cl:subst;masc;)/(fem;)
kuchen	bolo	(cl:subst;masc;)/(masc;)
kuh	vaca	(cl:subst;fem;plu:Kühe;)/(fem;)
kultur	cultura	(cl:subst;)/(fem;)
kunde	cliente	(cl:subst;masc;)/
kunst	arte	(cl:subst;fem;plu:Künste;)/(fem;)
kunststoff	plástico	(cl:subst;masc;)/(masc;)
kupfer	cobre	(cl:subst;neu;)/(masc;)
kurs	curso	(cl:subst;masc;)/
kurz	curto	(cl:adj;)/
kuss	beijo	(cl:subst;masc;)/(masc;)
käfer	besouro	(cl:subst;masc;)/(masc;)
käfig	gaiola	(cl:subst;masc;plu:~e;)/(fem;)
käse	queijo	(cl:subst;masc;)/(masc;)
kätzchen	gatinho	(cl:subst;)/
könig	rei	(cl:subst;masc;)/(masc;)
königin	rainha	(cl:subst;fem;)/(fem;)
königlich	real	(cl:adj;)/
können	poder	(cl:vb;)/		poder	(cl:vb;)/		poder	(cl:vb;)/
körper	corpo	(cl:subst;masc;)/(masc;)
küche	cozinha	(cl:subst;fem;plu:~n;)/
kühl	fresco	(cl:adj;)/
kühlschrank	geladeira	(cl:subst;)/(fem;)
künstlich	artificial	(cl:adj;)/
küste	costa	(cl:subst;fem;)/(fem;)
lache	gargalhada	(cl:subst;fem;)/(fem;)
lachen	rir	(cl:vb;)/
lachs	salmão	(cl:subst;masc;plu:~e;)/(masc;)
laden	loja	(cl:subst;masc;plu:Läden;)/(fem;)
lage	situação	(cl:subst;fem;)/(fem;)		posição	(cl:subst;fem;)/(fem;)
lager	depósito	(cl:subst;neu;)/(masc;)
lamm	cordeiro	(cl:subst;)/(masc;)
lammfleisch	carne de cordeiro	(cl:subst;neu;)/
lampe	lâmpada	(cl:subst;fem;plu:~n;)/(fem;)
land	país	(cl:subst;neu;plu:Länder;)/		região	(cl:subst;neu;plu:Länder;)/(fem;)
landen	desembarcar	(cl:vb;)/
landwirtschaft	agricultura	(cl:subst;)/(fem;)
lang	longo	(cl:adj;)/
langsam	devagar	(cl:adj;)/
langweilig	tedioso	(cl:adj;)/
lassen	deixar	(cl:vb;)/		deixar	(cl:vb;)/
laufen	correr	(cl:vb;)/		andar	(cl:vb;)/
laut	barulhento	(cl:adj;)/
lautsprecher	alto-falante	(cl:subst;)/
leben	vida	(cl:subst;neu;)/(fem;)		viver	(cl:vb;)/
leber	fígado	(cl:subst;fem;)/(masc;)
lecker	saboroso	(cl:adj;)/
leder	couro	(cl:subst;neu;)/(masc;)
leer	vazio	(cl:adj;)/
legen	colocar	(cl:vb;)/
lehren	ensinar	(cl:vb;)/
lehrer	professor do fundamental	(cl:subst;masc;fem:~in;)/
leicht	facilmente	(cl:adv;)/		leve	(cl:adj;)/		ligeiro	(cl:adj;)/
leider	infelizmente	(cl:adv;)/
leise	silencioso	(cl:adj;)/		suave	(cl:adj;)/
leisten	realizar	(cl:vb;)/
leistung	desempenho	(cl:subst;fem;)/
leiter	escada	(cl:subst;fem;plu:~n;)/(fem;)
lernen	aprender	(cl:vb;)/
lesen	ler	(cl:vb;)/
letzte	último	(flex:r//s;)/(cl:num;)
leute	pessoas	(cl:subst;fem;muitas;)/(fem;plu;)		povo	(cl:subst;fem;muitas;)/(masc;)
level	nível	(cl:subst;)/(masc;)
licht	luz	(cl:subst;neu;)/(fem;)
liebe	amor	(cl:subst;fem;)/(masc;)
lieben	amar	(cl:vb;)/
lied	canção	(cl:subst;neu;)/(fem;)
lieferung	suprimento	(cl:subst;fem;)/(masc;)
liegen	deitar	(cl:vb;)/
linie	linha	(cl:subst;fem;)/(fem;)
link	esquerdo	(cl:adj;)/
lippe	lábio	(cl:subst;fem;)/(masc;)
liste	lista	(cl:subst;fem;)/(fem;)
listen	listar	(cl:vb;)/
liter	litro	(cl:subst;neu;)/(masc;)
loch	buraco	(cl:subst;neu)/(masc;)
lohnen	valer	(cl:vb;refl;)/
luft	ar	(cl:subst;fem;)/(masc;)
lunge	pulmão	(cl:subst;fem;)/(masc;)
lust	vontade	(cl:subst;fem;)/(fem;)
lustig	divertido	(cl:adj;)/
lächeln	sorrir	(cl:vb;)/
länge	comprimento	(cl:subst;fem;)/
löchen	apagar	(cl:vb;)/
löffel	colher	(cl:subst;masc;)/(fem;)
lösen	resolver	(cl:vb;)/
lösung	solução	(cl:subst;fem;)/(fem;)
löwe	leão	(cl:subst;masc;)/(masc;)
lügen	mentir	(cl:vb;)/
machen	fazer	(make;)/(cl:vb;)		importar	(cl:vb;)/
macht	poder	(cl:subst;fem;)/(masc;)
magen	estômago	(cl:subst;masc;plu:Mägen;)/(masc;)
mai	Maio	(cl:subst;masc;)/(masc;)
major	major	(cl:subst;)/
malten	pintar	(cl:vb;)/
manche	algum	(flex:r//s;)/(cl:pron;sing;)
manchmal	às vezes	(cl:adv;)/
mann	homem	(cl:subst;masc;plu:Männer;)/(masc;)
mantel	casaco	(cl:subst;masc;)/(masc;)
marine	fuzileiro naval	(cl:subst;masc;)/
markieren	marcar	(cl:vb;)/
markt	mercado	(cl:subst;masc;plu:Märkte;)/(masc;)
marktplatz	praça do mercado	(cl:subst;)/
marmelade	geléia	(cl:subst;fem;)/(fem;)
maschine	máquina	(cl:subst;fem;)/(fem;)
material	material	(cl:adj;)/
materie	matéria	(cl:subst;)/(fem;)
maus	camundongo	(cl:subst;fem;plu:Mäuse;)/(masc;)
maß	medida	(cl:subst;fem;)/(fem;)
medikamente	medicação	(cl:subst;)/
medizin	medicamento	(cl:subst;fem;)/(masc;)
medizinich	médico	(cl:adj;)/
meer	mar	(cl:subst;neu;plu:~e;)/(masc;)		oceano	(cl:subst;neu;)/(masc;)
mehr	mais	(cl:pron;)/
mehrere	vários	(cl:art;plu;)/(plu;)
meile	milha	(cl:subst;fem;)/(fem;)
mein	meu	(cl:pron;pess:1;sing;caso:gen;)/
meinung	opinião	(cl:subst;fem;)/(fem;)
meisten	a maior parte	(cl:pron;)/
meistens	na maior parte	(cl:adv;)/
melden	anunciar	(cl:vb;)/
meldung	anúncio	(cl:subst;fem;)/(masc;)
menge	porção	(cl:subst;fem;plu:~en;)/		quantidade	(cl:subst;fem;)/(fem;)
mensch	homem	(cl:subst;masc;plu:~en;)/(masc;humano;)		pessoa	(cl:subst;masc;plu:~en;)/(fem;)
menschen	povo	(cl:subst;plu;)/(masc;)		humano	(cl:adj;)/
menschenaffe	chimpanzé	(cl:subst;masc;)/
merken	notar	(cl:vb;)/		lembrar	(cl:vb;reflex;)/(reflex;)
messen	medir	(cl:vb;)/
messer	faca	(cl:subst;neu;)/(fem;)
metall	metal	(cl:subst;neu;plu:~e;)/(masc;)
methode	método	(cl:subst;fem;)/(masc;)
mich	mim	(cl:pron;pess:1;sing;)/(sing;)		me	(cl:pron;pess:1;sing;caso:acc;)/(sing;)
mieten	alugar	(cl:vb;)/
mietwagen	carro de aluguel	(cl:subst;masc;)/
milch	leite	(cl:subst;fem;)/(masc;)
militär	militar	(cl:subst;masc;)/(masc;)
milliarde	bilhão	(cl:subst;fem;)/(cl:num;plu;)
million	milhão	(cl:subst;fem;)/(cl:num;)
mindestens	no mínimo	(cl:adv;)/
minister	ministro	(cl:subst;)/
minute	minuto	(cl:subst;fem;)/(masc;)
missbrauchen	abusar	(cl:vb;)/
mit	com	(cl:prep;)/
mitarbeiter	colega de trabalho	(cl:subst;)/
mitglied	membro	(cl:subst;neu;plu:~er;)/(masc;)
mitmachen	participar	(cl:vb;)/
mittagessen	almoço	(cl:subst;neu;)/(masc;)
mitteilung	mensagem	(cl:subst;fem;)/(fem;)
mittel	meios	(cl:subst;fem;)/
mittelpunkt	centro	(cl:subst;masc;)/(masc;)
mitternacht	meia noite	(cl:subst;)/
mittlerweile	agora	(cl:adv;)/
mittwoch	Quarta-Feira	(cl:subst;masc;)/
monat	mês	(cl:subst;masc;plu:~e;)/(masc;)
monatlich	mensalmente	(cl:adv;)/
mond	lua	(cl:subst;masc;plu:~e;)/(fem;)
montag	Segunda-Feira	(cl:subst;masc;)/
morgen	manhã	(cl:subst;masc;)/(fem;)		amanhã	(cl:adv;)/
motorrad	motocicleta	(cl:vb;)/(cl:subst;fem;)
mund	boca	(cl:subst;masc;plu:Münder;)/(fem;)
museum	museu	(cl:subst;neu;)/(masc;)
musik	música	(cl:subst;fem;)/(fem;)		música	(cl:subst;fem;)/(fem;)
muskel	músculo	(cl:subst;masc;)/(masc;)
mutter	mãe	(cl:subst;fem;plu:Mütter;)/(fem;)
mädchen	menina	(cl:subst;neu;)/(fem;)		moça	(cl:subst;neu;)/
männlicher	macho	(cl:adj;)/
märz	Março	(cl:subst;masc;)/(sing;)
möbel	mobília	(cl:subst;fem;)/(fem;)
möchten	querer	(cl:vb;)/
mögen	gostar	(cl:vb;)/
möglich	possível	(cl:adj;)/
mörder	assassino	(cl:subst;masc;)/
müde	cansado	(cl:adj;)/
müll	lixo	(cl:subst;)/(masc;)
münze	moeda	(cl:subst;fem;)/(fem;)
müsli	cereal	(cl:subst;neu;)/
müssen	dever	(cl:vb;)/
nach	após	(cl:prep;)/		depois	(cl:adv;)/
nachbar	vizinho	(cl:subst;masc;plu:~n;)/
nachricht	notícias	(cl:subst;fem;)/(fem;plu;)
nacht	noite	(cl:subst;fem;plu:Nächte;)/(fem;)
nachtisch	sobremesa	(cl:subst;masc;)/(fem;)
nachweis	prova	(cl:subst;fem;)/(fem;)
nagel	unha	(cl:subst;masc;)/(fem;)
namen	nome	(cl:subst;masc;)/(masc;)
nase	nariz	(cl:subst;fem;)/(masc;)
national	nacional	(cl:adj;)/
natur	natureza	(cl:subst;fem;)/(fem;)
naturgemäß	natural	(cl:adj;)/
natürlich	naturalmente	(cl:adv;)/
naß	molhado	(cl:adj;)/
neben	ao lado de	(cl:prep;)/
nebenan	ao lado	(cl:prep;)/
neffe	sobrinho	(cl:subst;masc;plu:~n;)/(masc;)
nehmen	tomar	(cl:vb;)/		pegar	(cl:vb;)/
nein	não	(cl:adv;)/
nennen	chamar	(cl:vb;)/
nett	amável	(cl:adj;)/		simpático	(cl:adj;)/
netz	rede	(cl:subst;neu;)/(fem;)
netzwerk	rede	(cl:subst;neu;)/(fem;)
neu	novo	(cl:adj;)/
neun	nove	(cl:num)/(cl:num)
neunzig	noventa	(cl:num)/(cl:num)
neutral	neutro	(cl:adj;)/(subst;)
nicht	não	(cl:adv;)/
nicht können	não poder	(cl:vb;)/
nichte	sobrinha	(cl:subst;fem;plu:~n;)/(fem;)
nichts	nada	(cl:adv;)/(cl:pron;sing;)
nie	nunca	(cl:adv;)/
niedrig	baixo	(cl:adj/adv;)/
niedrigerer	mais baixo	(cl:adj;)/
niemand	ninguém	(cl:pron;)/
noch	ainda	(cl:adv;)/		nem	(cl:conj;)/		ainda	(cl:adv;)/
norden	norte	(cl:subst;masc;)/(masc;)
normal	normal	(cl:adj;)/
normalerweise	normalmente	(cl:adv;)/
not	necessidade	(cl:subst;fem;)/
note	nota	(cl:subst;fem;musical;)/(fem;)
notfall	emergência	(cl:subst;masc;)/(fem;)
notiz	nota	(cl:subst;fem;anotação;)/(fem;)
notwendig	necessário	(cl:adj;)/
november	novembro	(cl:subst;masc;)/(cl:pron;sing;)
nudel	macarrão/massa	(cl:subst;fem;plu:~n;)/
null	zero	(cl:num)/(cl:num)
nummer	número	(cl:subst;fem;plu:~n;)/(masc;)
nun	então	(cl:adv;)/
nur	somente	(cl:adv;)/
nutzer	usuário	(cl:subst;masc;)/
nuß	noz	(cl:subst;fem;plu:Nüßsse;)/(fem;)
nächste	seguinte	(cl:adj;)/
nähe	proximidade	(cl:subst;fem;)/
nützlich	útil	(cl:adj;)/
ob	se	(cl:conj;)/		se	(cl:conj;)/
oben	para cima	(cl:adv;)/		acima	(cl:prep;)/(adv;)		em cima	(cl:adv)/(cl:adv)
ober	superior	(cl:adj;)/
oberfläche	superfície	(cl:subst;fem;)/(fem;)
obst	fruta	(cl:subst;neu;plu:sorten;)/(fem;)
obwohl	embora	(cl:conj;)/		embora	(cl:conj;)/
oder	ou	(cl:conj;)/
offen	aberto	(cl:adj;)/
offensichtlich	evidentemente	(cl:adj;)/(cl:adv;)
offiziell	oficial	(cl:adj;)/
oft	frequentemente	(cl:adv;)/
ohne	sem	(cl:prep;)/
ohr	ouvido	(cl:subst;)/(masc;)		orelha	(cl:subst;neu;plu:~en;)/(fem;)
oktober	Outubro	(cl:subst;masc;)/(cl:pron;sing;)
onkel	tio	(cl:subst;masc;)/(masc;)
opfer	vítima	(cl:subst;neu;)/
orange	cor de laranja	(cl:adj;)/		laranja	(cl:subst;fem;)/(fem;)
organisation	organização	(cl:subst;fem;)/(fem;)
original	original	(cl:adj;)/
ort	lugar	(cl:subst;masc;)/(masc;)
ost	leste	(cl:adj;)/
osten	leste	(cl:subst;masc;)/(masc;)
paar	par	(cl:subst;plu:~e;)/		par	/(cl:subst;)
paket	pacote	(cl:subst;neu;)/
papier	papel	(cl:subst;neu;plu:~e;)/(masc;)
pappe	papelão	(cl:subst;fem;)/
paradies	paraíso	(cl:subst;neu;)/
park	parque	(cl:subst;masc;)/(masc;)
parken	estacionar	(cl:vb;)/
parlament	parlamento	(cl:subst;masc;)/(masc;)
partei	partido	(cl:subst;fem;)/(masc;)
partner	parceiro	(cl:subst;masc;)/
partnerschaft	parceria	(cl:subst;fem;)/
party	festa	(cl:subst;fem;)/(fem;)
pass	passaporte	(cl:subst;masc;)/(masc;)
passen	caber	(cl:vb;)/
passieren	acontecer	(cl:vb;)/
patient	paciente	(cl:subst;masc;plu:~en;)/(adj;)
pelz	pele de animal	(cl:subst;masc;)/
pension	pensão	(cl:subst;)/
perfekt	perfeito	(cl:adj;)/
permanent	permanente	(cl:adj;)/
person	pessoa	(cl:subst;fem;plu:~en;)/(fem;)
personal	pessoal	(cl:subst;neu;)/(masc;)
pferd	cavalo	(cl:subst;neu;plu:~e;)/(masc;)
pflanze	planta	(cl:subst;fem;)/(fem;)
pflanzen	plantar	(cl:vb;)/
pflaster	emplastro	(cl:subst;neu;)/(masc;)
pflege	cuidado	(cl:subst;fem;)/(masc;)
pflegen	tratar	(cl:vb;)/		cuidar	(cl:vb;)/
pfote	pata	(cl:subst;fem;)/(fem;)
physik	física	(cl:subst;fem;)/(fem;)
pilz	cogumelo	(cl:subst;masc;plu:~e;)/(masc;)
pink	rosa	(cl:adj;)/
plan	plano	(cl:subst;masc;plu:Pläne;)/(masc;)		projeto	(cl:subst;masc;plu:Pläne;)/(masc;)
planen	planejar	(cl:vb;)/
planung	projeto	(cl:subst;fem;)/(masc;)
plastik	plástico	(cl:subst;neu;)/(masc;)		escultura	(cl:subst;fem;)/(fem;)
platz	lugar	(cl:subst;masc;plu:Plätze;)/(masc;)		praça	(cl:subst;masc;plu:Plätze;)/(fem;)
plus	mais	(cl:prep;)/
plötzlich	repentinamente	(cl:adv;)/
poliltisch	político	(cl:adj;)/
politik	política	(cl:subst;fem;)/(fem;)		política	(cl:subst;fem;)/(sing;)
polizist	policial	(cl:subst;masc;)/
post	postal	(cl:pref;)/(cl:adj;)		correio	(cl:subst;fem;)/(masc;)
posten	posto	(cl:subst;masc;)/(masc;)
postkarte	cartão postal	(cl:subst;fem;)/
postleitzahl	código postal	(cl:subst;)/
praktisch	prático	(cl:adj;)/
praxis	consultório	(cl:subst;)/
preis	preço	(cl:subst;masc;plu:~e;)/(masc;)
presse	imprensa	(cl:subst;fem;)/(fem;)
priester	padre	(cl:subst;masc;)/(masc;)
privat	particular	(cl:adj;)/
pro	por	(cl:prep;)/
problem	problema	(cl:subst;masc;plu:~e;)/(masc;)
produkt	produto	(cl:subst;neu;plu:~e;)/(masc;)
professionell	profissional	(cl:adj;)/
programm	programa	(cl:subst;neu;)/(masc;)
programmieren	programar	(cl:vb;)/
prophet	profeta	(cl:subst;)/
provinz	província	(cl:subst;fem;)/(fem;)
prozedur	procedimento	(cl:subst;fem;)/(masc;)
prozent	porcento	(cl:subst;neu;plu:~e;)/
präsentieren	apresentar	(cl:vb;)/
präsident	presidente	(cl:subst;)/		governador	(cl:subst;masc;)/
prüfen	testar	(cl:vb;)/		conferir	(cl:vb;)/
prüfung	prova	(cl:subst;fem;)/(fem;)
publikum	audiência	(cl:subst;neu;)/(fem;)		público	(cl:subst;neu;)/(masc;)
punkt	ponto	(cl:subst;masc;)/(masc;)
purpurfarbig	púrpura	(cl:adj;)/
putzen	limpar	(cl:vb;)/
quartal	trimestre	(cl:subst;neu;plu:~e;)/
quelle	fonte	(cl:subst;)/(fem;)
rad	roda	(cl:subst;neu;plu:Räder;)/(fem;)
radio	rádio	(cl:subst;)/(masc;)
rahmen	moldura	(cl:subst;masc;)/
rasierer	lâmina	(de barbear)/(cl:subst;fem;)
rat	conselho	(cl:subst;masc;)/(masc;)
rate	taxa	(cl:subst;fem;)/(fem;)
ratte	rato	(cl:subst;fem;)/(masc;)
raum	espaço	(cl:subst;masc;)/(masc;)		espaço	(cl:subst;masc;plu:Räume;)/
rausch	fumaça	(cl:subst;masc;)/(fem;)
rechnung	conta	(cl:subst;fem;plu:~en;)/(fem;)
recht	direito	(cl:subst;neu;)/
rechtsanwalt	advogado	(cl:subst;masc;)/
rede	fala	(cl:subst;fem;)/
reden	falar	(cl:vb;)/
referenz	referência	(cl:subst;fem;)/(fem;)
regeln	reger	(cl:vb;)/
regen	chover	(cl:vb;)/		chuva	(cl:subst;masc;)/(fem;)
regenbogen	arco íris	(cl:subst;masc;)/
regenschirm	guarda-chuva	(cl:subst;masc;)/(masc;)
regie	direção	(cl:subst;fem;)/(fem;)
regierung	governo	(cl:subst;fem;)/(masc;)
regime	regime	(cl:subst;neu;)/
region	região	(cl:subst;fem;)/(fem;)
registrieren	registrar	(cl:vb;)/
regulär	regular	(cl:adj;)/		regularmente	(cl:adv;)/
reich	rico	(cl:adj;)/
reichen	alcançar	(cl:vb;)/		chegar	(cl:vb;)/
reis	arroz	(cl:subst;masc;)/(incont)
reise	viagem	(cl:subst;fem;)/(fem;)		viagem	(cl:subst;fem;)/(fem;)
reiseführer	guia de viagem	(cl:subst;masc;)/
reisen	viajar	(cl:vb;)/
reiten	conduzir	(cl:vb;)/
religion	religião	(cl:subst;)/(fem;)
rennen	correr	(cl:vb;)/		raça	(cl:subst;neu;)/(fem;)
republik	república	(cl:subst;fem;)/(fem;)
resident	residente	(cl:adj;)/(subst;)
restaurant	restaurante	(cl:subst;neu;)/(masc;)
rezept	receita	(cl:subst;neu;)/(fem;)
richter	juiz	(cl:subst;masc;fem:~in;)/
richtig	certo	(cl:adj;)/		correto	(cl:adj;)/
richtung	direção	(cl:subst;fem;)/(fem;)
rindfleisch	carne de boi	(cl:subst;neu;)/(fem;)
ring	anel	(cl:subst;masc;plu:~e;)/(masc;)
risiko	risco	(cl:subst;neu;)/(masc;)
rock	saia	(cl:subst;masc;plu:Röcke;)/(fem;)
rolle	papel	(cl:subst;fem;)/(masc;)
rollstuhl	cadeira de rodas	(cl:subst;)/
rot	vermelho	(cl:adj;)/
rucksack	mochila	(cl:subst;masc;)/(fem;)
ruhe	descanso	(cl:subst;fem;)/(masc;)
ruhen	descansar	(cl:vb;)/
ruhig	calmo	(cl:adj;)/
rund	redondo	(cl:adj;)/
rücken	costas	(cl:subst;masc;)/(fem;plu;)
sache	encomenda	(cl:subst;fem;)/		coisa	(cl:subst;fem;)/
saft	suco	(cl:subst;masc;plu:Säfte;)/(masc;)
sagen	dizer	(cl:vb;)/		dizer	(cl:vb;)/		dizer	(cl:vb;)/
saison	estação	(cl:subst;fem;)/(do ano;)
salat	salada	(cl:subst;masc;)/(fem;)
salz	sal	(cl:subst;neu;plu:~e;)/(masc;)
salzig	salgado	(cl:adj;)/
sammeln	colecionar	(cl:vb;)/
sammlung	coleção	(cl:subst;fem;)/(fem;)
samstag	Sábado	(cl:subst;masc;)/
sand	areia	(cl:subst;masc;)/(fem;)
sankt	São	(cl:subst;)/(sing;)
satz	frase	(cl:subst;masc;)/(fem;)		sentença	(cl:subst;masc;)/(fem;)
sauber	limpo	(cl:adj;)/
sauer	azedo	(cl:adj;)/
schade	dano	(cl:subst;)/(masc;)
schaf	carneiro	(cl:subst;neu;)/(masc;)
scharf	afiado	(cl:adj;)/
schauen	vigiar	(cl:vb;)/
schauspieler	ator	(cl:subst;masc;)/
scheck	cheque	(cl:subst;masc;)/(masc;)
scheinbar	aparentemente	(cl:adv;)/
scheinen	parecer	(cl:vb;)/		parecer	(cl:vb;)/		brilhar	(cl:vb;)/
schenkel	coxa	(cl:subst;masc;)/(fem;)
schenken	presentear	(cl:vb;)/
schere	tesoura	(cl:subst;fem;)/(fem;)
schicken	enviar	(cl:vb;)/
schicksal	destino	(cl:subst;neu;)/(masc;)
schiff	navio	(cl:subst;neu;)/(masc;)
schildkröte	tartaruga	(cl:subst;fem;)/(fem;)
schlafen	dormir	(cl:vb;)/
schlange	serpente	(cl:subst;fem;)/(fem;)		cobra	(cl:subst;fem;)/(fem;)
schlau	esperto	(cl:adj;)/
schlecht	ruim	(cl:adj;)/		podre	(cl:adj;)/
schließen	fechar	(cl:vb;)/
schließen ... ein	incluir	(cl:vb;)/
schließlich	finalmente	(cl:adv;)/		finalmente	(cl:adv;)/
schlimm	severo	(cl:adj;)/
schloss	castelo	(cl:subst;neu;plu:Schlösser;)/(masc;)
schluß	fim	(cl:subst;masc;plu:Schlüsse;)/		término	(cl:subst;masc;plu:Schlüsse;)/
schlüssel	chave	(cl:subst;masc;)/(fem;)
schmecken	ter cheiro	(cl:vb;)/
schmerz	dor	(cl:subst;masc;)/(fem;)
schmetterling	borboleta	(cl:subst;neu;)/(fem;)
schmuck	adorno	(cl:subst;masc;)/		jóias	(cl:subst;masc;)/(plu;)
schmutzig	sujo	(cl:adj;)/
schnee	neve	(cl:subst;masc;)/(fem;)
schneiden	cortar	(cl:vb;)/
schneien	nevar	(cl:vb;)/
schnell	rapidamente	(cl:adv;)/		rápido	(cl:adj;)/(adv;rapidamente)
schokolade	chocolate	(cl:subst;fem;plu:~n;)/(masc;)
schon	já	(cl:adv;)/
schon genug	bastante	(cl:adv;)/
schrank	armário	(cl:subst;masc;plu:Schränke;)/(masc;)
schreiben	escrever	(cl:vb;)/
schreiber	escritor	(cl:subst;masc;)/
schrift	escrita	(cl:subst;fem;)/
schuh	sapato	(cl:subst;masc;plu:~e;)/(masc;)
schuld	falta	(cl:subst;)/
schuldig	devido	(cl:adj;)/
schule	escola	(cl:subst;fem;plu:~n;)/(fem;)
schulter	ombro	(cl:subst;masc;plu:~n;)/(masc;)
schuppen	galpão	(cl:subst;masc;)/
schwach	fraco	(cl:adj;)/
schwan	cisne	(cl:subst;masc;)/
schwanger	grávida	(cl:adj;)/
schwarz	preto	(cl:adj;)/
schwein	porco	(cl:subst;neu;plu:~e;)/(masc;)
schweinefleisch	carne de porco	(cl:subst;neu;)/
schwer	difícil	(cl:adj;)/		pesado	(cl:adj;)/
schwester	irmã	(cl:subst;fem;plu:~n;)/(fem;)
schwimmen	nadar	(cl:vb;)/
schön	bonito	(cl:adj;)/
schüssel	tigela	(cl:subst;fem;)/(fem;)
schützen	proteger	(cl:vb;)/
sechs	seis	(cl:num)/(cl:num)
sechzig	sessenta	(cl:num)/(cl:num)
see	lago	(cl:subst;masc;)/(masc;)
seele	alma	(cl:subst;fem;)/(fem;)
sehen	ver	(cl:vb;)/
sehen ... aus	parecer	(cl:vb;)/
sehenswürdigskeit	monumento	(cl:subst;fem;plu:~en;)/(masc;)		vista	(cl:subst;fem;plu:~en;)/(fem;)
sehr	muito	(cl:adv;)/
seide	seda	(cl:subst;fem;)/(fem;)
seife	sabão	(cl:subst;fem;)/(masc;)
sein	ser	(cl:vb;pres:bin/bist/ist/sind/seid;)/		estar	(cl:vb;pres:bin/bist/ist/sind/seid;)/		seu	(cl:pron;)/		seu	(cl:pron;pess:3;sing;masc;caso:gen;plu:~e;)/		dele	(cl:pron;)/
seit	desde	(cl:conj;)/(cl:prep/adv/conj;)
seite	página	(cl:subst;)/(fem;)		lado	(cl:subst;fem;)/(masc;)
selben	mesmo	(cl:pron;)/(reflex;)
selber	ele mesmo	/(cl:pron;sing;masc;)
selbst	mesmo	(cl:adv;)/		você mesmo	(cl:pron;sing;)/(sing;)		próprio	(cl:adj;)/(reflex;)
selten	raro	(cl:adj;)/
seltsam	estranho	(cl:adj;)/
senat	senado	(cl:subst;masc;)/(masc;)
senden	enviar	(cl:vb;)/
sender	transmissor	(cl:subst;masc;)/
sendung	programa	(cl:subst;fem;)/(TV;)
senf	mostarda	(cl:subst;masc;plu:~e;)/(fem;)
september	Setembro	(cl:subst;masc;)/
service	serviço	(cl:subst;)/(masc;)
setzen	por	(cl:vb;)/		colocar	(cl:vb;)/		sentar	(cl:vb;)/
sich selber	si próprio	(cl:pron;)/(sing;)
sich selbst	si próprios	(cl:pron;refl;)/(refl;plu;)
sicher	certo	(cl:adj;)/		certo	(cl:adj;)/		seguro	(cl:adj;)/
sicherheit	segurança	(cl:subst;fem;)/(fem;)
sichern	tornar seguro	(cl:vb;)/
sichtbar	visível	(cl:adj;)/
sie	você	(cl:pron;formal;)/		eles	(cl:pron;pess:3;plu;caso:nom;)/(plu;)		ela	(cl:pron;pess:3;sing;fem;caso:nom;)/(sing;fem;)		ela	(cl:pron;pess:3;sing;fem;caso:acc;)/(sing;fem;)		a	(cl:pron;sing;fem;caso:acc)/(sing;fem;)		os	(cl:pron;plu;caso:acc)/(plu;)		senhor	(cl:pron;pess:3;sing;caso:nom;)/(pess:3;sing;formal)
sieben	sete	(cl:num)/(cl:num)
siebzig	setenta	(cl:num)/(cl:num)
sieg	vitória	(cl:subst;masc;)/(fem;)
silber	prata	(cl:subst;neu;)/(fem;)
singen	cantar	(cl:vb;)/
single	solteiro	(cl:adj;)/
sinken	afundar	(cl:vb;)/
sinn	sentido	(cl:subst;masc;)/
sinnvoll	razoável	(cl:adj;)/
sitz	assento	(cl:subst;masc;)/(masc;)
so	tão	(cl:adv;)/		semelhante	(cl:adj;)/		então	(cl:conj;)/
sobald	uma vez que	(cl:conj;)/		assim que	(cl:adv;)/
sockel	base	(cl:subst;)/(fem;)
soeben	há pouco	(cl:adv;)/
sofa	sofá	(cl:subst;neu;)/(masc;)
sofort	imediatamente	(cl:adv;)/
sogar	até	(cl:adv;)/
sohn	filho	(cl:subst;masc;plu:Söhne;)/(masc;)
solange	enquanto	(cl:conj;)/
solid	sólido	(cl:adj;)/
sollen	dever	(cl:vb;)/		dever	(cl:vb;)/
sommer	Verão	(cl:subst;masc;)/(masc;)
sonderangebot	oferta especial	(cl:subst;)/
sondern	mas sim	(cl:conj;)/		porém	(cl:conj;)/
sonne	sol	(cl:subst;fem;)/(masc;)
sonntag	Domingo	(cl:subst;masc;)/
sonst	de outra maneira	(cl:conj;)/(cl:adv;)
sorgen	cuidar	(cl:vb;)/		preocupar	(cl:vb;refl;)/(refl;)
sorgfältig	cuidadosamente	(cl:adv;)/
sowjetsche	soviético	(cl:adj;)/
sowohl	tanto	/
sozial	social	(cl:adj;)/
sozialistisch	socialista	(cl:adj;)/
spalte	coluna	(cl:subst;fem;)/(fem;)
spanien	Espanha	(cl:subst;)/
spanier	espanhol	(cl:subst;)/
sparen	economizar	(cl:vb;)/
spargel	aspargo	(cl:subst;masc;)/(masc;)
spazieren	caminhar	(cl:vb;)/
speise	prato	(cl:subst;fem;)/(masc;)
speisekarte	menu	(cl:subst;fem;)/(masc;)
sperren	barrar	(cl:vb;)/
spezialität	especialidade	(cl:subst;fem;plu:~en;)/
spezies	espécie	(cl:subst;fem;)/(fem;)
spezifisch	específico	(cl:adj;)/
spiegel	espelho	(cl:subst;masc;)/(masc;)
spiel	jogo	(cl:subst;neu;)/(masc;)
spielen	jogar	(cl:vb;)/		brincar	(cl:vb;)/		tocar	(instrumento;)/(cl:vb;)
spielzeug	brinquedo	(cl:subst;)/(masc;)
spinne	aranha	(cl:subst;fem;plu:~n;)/(fem;)
sprache	idioma	(cl:subst;fem;)/(fem;)		língua	(cl:subst;fem;)/
spray	spray	(cl:subst;)/
sprechen	falar	(cl:vb;)/
springen	pular	(cl:vb;)/
später	mais tarde	(cl:adv;)/
spätesten	mais tardar	(cl:adv;)/
staat	nação	(cl:subst;masc;)/(fem;)
staatsangehörigkeit	cidadania	(cl:subst;)/(fem;)
stadt	cidade	(cl:subst;fem;plu:Städte;)/(fem;)		cidade	(cl:subst;fem;plu:Städte;)/(fem;)
stadtplan	mapa da cidade	(cl:subst;)/
stahl	aço	(cl:subst;masc;plu:Stähle;)/(masc;)
standard	padrão	(cl:subst;masc;)/
standort	posição	(cl:subst;masc;plu:~e;)/(fem;)
stark	forte	(cl:adj;)/
station	estação	(cl:subst;)/(fem;)
stechen	picar	(cl:vb;)/
steckdose	tomada	(cl:subst;fem;)/(fem;)
stehen	levantar	(cl:vb;)/
stehlen	furtar	(cl:vb;)/
steigen	permanecer	(cl:vb;)/
stein	pedra	(cl:subst;masc;plu:~e;)/(fem;)		rocha	(cl:subst;masc;plu:~e;)/
stelle	local	(cl:subst;fem;)/(masc;)
stellen	colocar	(cl:vb;)/
stellung	posição	(cl:subst;fem;)/(fem;)
sterben	morrer	(cl:vb;)/
stern	estrela	(cl:subst;masc;plu:~e;)/(fem;)
steuer	imposto	(cl:subst;fem;plu:~n;)/(masc;)
stift	caneta	(cl:subst;masc;plu:~e;)/(fem;)
still	parado	(cl:adj;)/
stimme	voz	(cl:subst;fem;)/(fem;)		voto	(cl:subst;fem;)/(masc;)
stirn	testa	(cl:subst;fem;)/(fem;)
stolz	orgulhoso	(cl:adj;)/
stoppen	parar	(cl:vb;)/
str	est	(cl:abbrev;)/
strahlung	radiação	(cl:subst;fem;)/(fem;)
strand	praia	(cl:subst;masc;plu:~e;)/(fem;)
straße	rua	(cl:subst;fem;)/(fem;)
strecke	rota	(cl:subst;fem;plu:~n;)/(fem;)
streife	listra	(cl:subst;)/
streit	conflito	(cl:subst;masc;)/(masc;)
stroh	palha	(cl:subst;neu;)/(fem;)
strom	eletricidade	(cl:subst;corrente elétrica;)/(fem;)		corrente	(cl:subst;)/(fem;)
student	estudante	(cl:subst;masc;plu:~en;fem:~in;)/
studie	estudo	(cl:subst;fem;)/(masc;)
studieren	estudar	(cl:vb;)/
stufe	passo	(cl:subst;fem;)/(masc;)
stuhl	cadeira	(cl:subst;masc;plu:Stühle;)/(fem;)
stunde	hora	(cl:subst;plu:~n;)/(fem;)
sturm	tempestade	(cl:subst;masc;plu:Stürme;)/(fem;)
stück	pedaço	(cl:subst;neu;)/(masc;)
stütze	apoio	(cl:subst;)/(masc;)
suche	busca	(cl:subst;fem;)/(fem;)
suchen	buscar	(cl:vb;)/		procurar	(cl:vb;)/
summe	soma	(cl:subst;fem;plu:~n;)/(fem;)
suppe	sopa	(cl:subst;fem;plu:~n;)/(fem;)
symptom	sintoma	(cl:subst;neu;)/(masc;)
system	sistema	(cl:subst;neu;)/(masc;)
säubern	limpar	(cl:vb;)/
säugetier	mamífero	(cl:subst;)/(masc;)
säure	ácido	(cl:subst;masc;)/(masc;)
süden	sul	(cl:subst;masc;)/(masc;)
südosten	sudeste	(cl:subst;)/
süß	doce	(cl:adj;)/
tablette	pílula	(cl:subst;fem;)/(fem;)
tag	dia	(cl:subst;masc;plu:~e;)/(masc;)
tagesbericht	boletim	(cl:subst;masc;)/
tante	tia	(cl:subst;fem;plu:~n;)/(fem;)
tanz	dança	(cl:subst;masc;plu:Tänze;)/(fem;)
tanzen	dançar	(cl:vb;)/
tapfer	corajoso	(cl:adj;)/
tasche	bolsa	(cl:subst;fem;plu:~n;)/(fem;)
taschenbuch	dicionário	(cl:subst;neu;)/(masc;)
tasse	xícara	(cl:subst;fem;plu:~n;)/(fem;)
tastatur	teclado	(cl:subst;fem;)/(masc;)
taste	tecla	(cl:subst;fem;)/(fem;)
tatsache	fato	(cl:subst;fem;)/(masc;)
tatsächlich	realmente	(cl:adv;)/
tausend	mil	(cl:num;)/
tee	chá	(cl:subst;masc;plu:~s;)/(masc;)
teil	parte	(cl:subst;masc;plu:~e;)/(fem;)		porção	(cl:subst;)/
teilen	compartilhar	(cl:vb;)/
teilnehmen	participar	(cl:vb;)/
telefon	telefone	(cl:subst;neu;)/(masc;)
telephon	telefone	(cl:subst;neu;)/(masc;)
teller	prato	(cl:subst;masc;)/(masc;)
teppich	tapete	(cl:subst;masc;plu:~e;)/(masc;)
termin	termo	(cl:subst;masc;)/(masc;)		compromisso	(cl:subst;masc;)/(masc;)
territorium	território	(cl:subst;)/(masc;)
test	verificação	(cl:subst;masc;)/(fem;)		teste	(cl:subst;masc;)/(fem;)
testen	testar	(cl:vb;)/
teuer	caro	(cl:adj;)/
thema	assunto	(cl:subst;neu;)/		tópico	(cl:subst;neu;)/
therapie	terapia	(cl:subst;fem;)/(fem;)
tief	fundo	(cl:adj;)/
tier	animal	(cl:subst;neu;plu:~e;)/(masc;)
tierarzt	veterinário	(cl:subst;fem:Tierärztin)/
tierwelt	vida selvagem	(cl:subst;fem;)/
tisch	mesa	(cl:subst;masc;plu:~e;)/(fem;)
titel	título	(cl:subst;masc;)/
tochter	filha	(cl:subst;fem;plu:Töchter;)/(fem;)
tod	morte	(cl:subst;masc;)/(fem;)
toilette	lavabo	(cl:subst;fem;)/
toll	fantástico	(cl:adj;)/
tomate	tomate	(cl:subst;fem;plu:~n;)/(masc;)
ton	som	(cl:subst;masc;)/(masc;)
tor	portão	(cl:subst;neu;plu:~e;)/(masc;)
tot	morto	(cl:adj;)/
tour	passeio	(cl:subst;fem;plu:~en;)/(turístico)
tourist	turista	(cl:subst;masc;)/
tragen	levar	(cl:vb;)/		vestir	(cl:vb;)/
traube	cacho	(cl:subst;fem;plu:~n;de uvas;)/(masc;)
traum	sonho	(cl:subst;masc;plu:Träume;)/(masc;)
traurig	triste	(cl:adj;)/
treffen	encontrar	(cl:vb;)/(refl;)
treppe	escada	(cl:subst;fem;plu:~n;)/(fem;)
treten	chutar	(cl:vb;)/
trinken	beber	(cl:vb;)/
trinkgeld	gorjeta	(cl:subst;neu;)/(fem;)
trocken	seco	(cl:adj;)/
trommel	tambor	(cl:subst;fem;)/(masc;)
trotzdem	apesar de	(cl:conj;)/		apesar disso	(cl:adv;)/
träumen	sonhar	(cl:vb;)/
tschüss	tchau	(cl:interj;)/
tuch	pano	(cl:subst;neu;)/(masc;)
tun	fazer	(do;)/(cl:vb;)
turm	torre	(cl:subst;masc;plu:Türme;)/(fem;)
typ	tipo	(cl:subst;masc;)/(masc;)
täglich	diariamente	(cl:adv;)/
tätigkeit	atividade	(cl:subst;fem;)/
tür	porta	(cl:subst;fem;plu:~en;)/(fem;)
türke	turco	(cl:subst;masc;)/
türkin	turca	(cl:subst;fem;)/
tüte	saco	(cl:subst;fem;plu:~n;)/(masc;)
uhr	hora	(cl:subst;)/(fem;)		relógio	(cl:subst;fem;)/(masc;)		relógio	(cl:subst;fem;)/(masc;)
um	em torno	(cl:prep;)/
umfang	circunferência	(cl:subst;masc;)/(fem;)
umgang	relação	(cl:subst;masc;)/
umgebung	vizinhança	(cl:subst;)/(fem;)
umwelt	ambiente	(cl:subst;fem;)/
unabhängig	independente	(cl:adj;)/
unbekannt	desconhecido	(cl:adj;)/
und	e	(cl:conj;)/
unfall	acidente	(cl:subst;masc;plu:Unfälle;)/(masc;)
unheimlich	sinistro	(cl:adj;)/
union	união	(cl:subst;fem;)/(fem;)
universität	universidade	(cl:subst;fem;)/(fem;)
unmöglich	impossível	(cl:adj;)/
unordnung	desordem	(cl:subst;fem;)/(fem;)
uns	nós	(cl:pron;pess:1;plu;caso:acc;)/(plu;)		nos	(cl:pron;pess:1;plu;caso:acc;)/(plu;)
unser	nosso	(cl:pron;pess:1;plu;caso:gen;plu:~e)/
unsichtbar	invisível	(cl:adj;)/
unten	abaixo	(cl:adv;)/		abaixo	(cl:adv;)/
unter	debaixo	(cl:adv;)/		embaixo de	(cl:prep;)/
unterhalten	manter	(cl:vb;)/
unterhaltung	conversa	(cl:subst;fem;)/(fem;)
unterkunft	alojamento	(cl:subst;)/
unternehmen	negócio	(cl:subst;neu;)/(masc;)
unterricht	lição	(cl:subst;plu:~n;)/(fem;)
unterschied	diferença	(cl:subst;masc;)/(fem;)
unterschiedlich	diferente	(cl:adj;)/
unterschlupf	abrigo	(cl:subst;)/(masc;)
unterschreiben	assinar	(cl:vb;)/
unterstützen	apoiar	(cl:vb;)/
unterstützung	suporte	(cl:subst;fem;)/(masc;)
untersuchung	exame	(cl:subst;fem;plu:~en;)/(masc;)
unterwegs	no caminho	(cl:adv;)/
urenkel	bisneto	(cl:subst;masc;)/
urgroßmutter	bisavó	(plu:Urgroßmütter;)/(cl:subst;fem;)
urin	urina	(cl:subst;masc;)/(fem;)
urlaub	viagem de férias	(cl:subst;masc;plu:~e;)/
ursache	causa	(cl:subst;fem;)/(fem;)
usw	etc	(cl:subst;)/
vater	pai	(cl:subst;masc;plu:Väter;)/(masc;)
verantwortlich	responsável	(cl:adj;)/
verband	associação	(cl:subst;masc;)/
verbessen	melhorar	(cl:vb;)/
verbindung	conexão	(cl:subst;fem;)/(fem;)
verbraucher	consumidor	(cl:subst;masc;)/
verdienen	ganhar	(cl:vb;)/
verdienst	receita	(cl:subst;)/(fem;)
verein	clube	(cl:subst;masc;plu:~e;)/
verfahren	julgamento	(cl:subst;neu;)/
verfasser	autor	(cl:subst;masc;)/
verfassungsmäßig	constitucional	(cl:adj;)/
verfügbar	disponível	(cl:adj;)/
vergangenheit	passado	(cl:subst;neu;)/(masc;)
vergeben	perdoar	(cl:vb;)/
vergießen	verter	(cl:vb;)/
vergleichen	comparar	(cl:vb;)/
verhalten	comportamento	(cl:subst;)/(masc;)
verhandeln	negociar	(cl:vb;)/
verheiratet	casado	(cl:adj;)/
verhindern	prevenir	(cl:vb;)/		prevenir	(cl:vb;)/
verhältnis	relacionamento	(cl:subst;neu;)/
verirren	perder	(cl:vb;)/(reflex;)
verkaufen	vender	(cl:vb;)/
verkäufer	vendedor	(cl:subst;masc;)/
verlag	editora	(cl:subst;neu;)/
verlauf	processo	(cl:subst;masc;)/(masc;)		curso	(cl:subst;masc;)/
verletzen	ferir	(cl:vb;)/
verlieben	apaixonar	(cl:vb;)/(reflex;)
verlieren	perder	(cl:vb;)/
verlust	perda	(cl:subst;masc;)/(fem;)
vermeiden	evitar	(cl:vb;)/
vermessen	medir	(cl:vb;)/
vermieten	alugar	(cl:vb;)/
vermindern	reduzir	(cl:vb;)/
vermissen	sentir falta	(cl:vb;)/
verpassen	perder	(cl:vb;)/
verpflichtung	obrigação	(cl:subst;fem;)/(fem;)
verrückt	louco	(cl:subst;)/(masc;)
verschiedenheit	variedade	(cl:subst;fem;)/(fem;)
verseichnis	diretório	(cl:subst;)/(masc;)
versicherung	seguro	(cl:subst;fem;plu:~en)/(masc;)
version	versão	(cl:subst;fem;)/
versorgen	prover	(cl:vb;)/		fornecer	(cl:vb;)/
versorgung	fornecimento	(cl:subst;fem;)/
verspäten	atrasado	(cl:adj;)/
verspätung	atraso	(cl:subst;fem;)/(masc;)
verstehen	entender	(cl:vb;)/
verstopfung	obstrução	(cl:subst;fem;)/(fem;)
verständnis	compreensão	(cl:subst;)/
versuch	tentativa	(cl:subst;masc;)/
versuchen	tentar	(cl:vb;)/
vertrag	acordo	(cl:subst;masc;)/(masc;)		contrato	(cl:subst;masc;)/(masc;)
verursachen	causar	(cl:vb;)/
verwaltung	administração	(cl:subst;fem;)/(fem;)
verwandte	parente	(cl:subst;masc;)/
verwenden	usar	(cl:vb;)/
verwendung	uso	(cl:subst;fem;)/(masc;)
verzeichnis	lista	(cl:subst;neu;)/
verzeihung	perdão	(cl:subst;fem;)/(masc;)
veröffentlichen	publicar	(cl:vb;)/
viel	muito	(cl:adv;)/
viele	muitos	(cl:pron;plu;)/(plu;)		vários	(cl:art;plu;)/(plu;)
vielleicht	talvez	(cl:adv;)/
viertel	quarto	(cl:num;)/(cl:subst;masc;)
virus	vírus	(cl:subst;plu:Viren)/
visum	visto	(cl:subst;neu;plu:Visa;)/(masc;)
vogel	pássaro	(cl:subst;masc;plu:Vögel;)/(masc;)		ave	(cl:subst;masc;plu:Vögel;)/
volkszählung	censo	(cl:subst;fem;)/(masc;)
voll	cheio	(cl:adj;)/
vollstopfen	encher	(cl:vb;)/
von	de	(plu:m//m;)/(cl:prep;)		por	(cl:prep;)/
vor	antes	(cl:prep;)/(adv;)
voraus	adiante	(cl:adv;)/
vorbei	acabado	(cl:adv;)/
vorbereiten	preparar	(cl:vb;)/
vorfallen	ocorrer	(cl:vb;)/
vorher	atrás	(cl:adv;)/
vorname	pré-nome	(cl:subst;masc;plu:~n;)/
vorne	adiante	(cl:adv;)/
vornehmen	tomar	(cl:vb;)/
vorsatz	propósito	(cl:subst;masc;)/(masc;)
vorschlag	sugestão	(cl:subst;)/(fem;)
vorschlagen	sugerir	(cl:vb;)/
vorspeise	prato de entrada	(cl:subst;fem;)/(masc;)
vorstellen	apresentar	(cl:vb;)/		imaginar	(cl:vb;reflex)/
vortag	conferência	(cl:subst;masc;)/
völlig	completamente	(cl:adv;)/
wachsen	crescer	(cl:vb;)/		crescimento	(cl:subst;neu;)/(masc;)
wagen	carro	(cl:subst;masc;)/(masc;)		vagão	(cl:subst;masc;)/(masc;)
wahl	eleição	(cl:subst;)/(fem;)		escolha	(cl:subst;fem;)/(fem;)		voto	(cl:subst;fem;)/(masc;)
wahr	verdadeiro	(cl:adj;)/
wahrheit	verdade	(cl:subst;fem;)/
wahrscheinlich	provavelmente	(cl:adv;)/		provavelmente	(cl:adv;)/
wal	baleia	(cl:subst;)/(fem;)
wald	floresta	(cl:subst;masc;plu:Wälder;)/(fem;)
wand	parede	(cl:subst;fem;plu:Wände;)/(fem;)
wandern	caminhar	(cl:vb;)/
wann	quando	(cl:adv;)/
ware	mercadoria	(cl:subst;plu;)/(fem;)
warm	morno	(cl:adj;)/
warten	esperar	(cl:vb;)/
warum	por que	(cl:adv;)/
was	que	(cl:pron;)/(sing;)
waschen	lavar	(cl:vb;)/
wasser	água	(cl:subst;neu;)/(fem;)
wechseln	trocar	(cl:vb;)/		trocar	(cl:vb;)/
wecken	acordar	(cl:vb;)/
weder	nem	(cl:conj;weder ..noch ...)/
weg	jeito	(cl:subst;masc;)/(masc;)		longe	(cl:adv;)/		caminho	(cl:subst;masc;)/(masc;)		caminho	(cl:subst;masc;plu:~e;)/(masc;)
wegen	por causa de	(cl:conj;)/
weiblich	feminino	(cl:adj;)/
weich	macio	(cl:adj;)/
weihnacht	Natal	(cl:subst;fem;plu:~en;)/
weil	porque	(cl:conj;)/		como	(cl:conj;)/
wein	vinho	(cl:subst;masc;plu:~e;)/(masc;)
weise	maneira	(cl:subst;fem;)/(fem;)
weit	distante	(cl:adj;)/		largo	(cl:adj;)/		largamente	(cl:adv;)/		longe	(cl:adv;)/
weiter	a mais	(cl:adj;)/
weiterbildung	aperfeiçoamento	(cl:subst;fem;)/
weiterhin	além	(cl:adv;)/
weiß	branco	(cl:adj;)/
welche	qual	(flex:r//s;)/(cl:pron;sing;)
welle	onda	(cl:subst;fem;plu:~n;)/(fem;)
welt	mundo	(cl:subst;fem;)/(masc;)
wenden	virar	(cl:vb;)/
wenig	pouco	(cl:adv;)/
wenige	poucos	(cl:adj;)/(cl:art/pronome;plu;)
weniger	menos	(cl:adv;)/
wenigstens	pelo menos	(cl:adv;)/
wenn	se	(cl:conj;)/		quando	(conj.;)/(cl:conj;)
wer	quem	(acc:wen;dat:wem)/(cl:pron;sing;)
werbung	anúncio	(cl:subst;fem;)/(masc;)
werden	ir	(cl:vb;)/		ficar	(cl:vb;)/		tornar	(cl:vb;)/(refl;)
werk	trabalho	(cl:subst;neu;plu:~e;)/(masc;)		obra	(cl:subst;neu;plu:~e;)/(fem;)
werkstatt	oficina	(cl:subst;fem;)/(fem;)
werkzeug	ferramenta	(cl:subst;)/(fem;)
wert	valor	(cl:subst;masc;)/		merecedor	(sein es wert/valer a pena;)/(cl:adj;)		valor	(cl:subst;)/(masc;)
wertvoll	valioso	(cl:subst;)/(cl:adj;)
wespe	vespa	(cl:subst;fem;)/(fem;)
wessen	de quem	(cl:pron;)/
westen	oeste	(cl:subst;masc;)/(masc;)
westlichen	do oeste	(cl:adj;)/
wettbewerb	competição	(cl:subst;masc;)/(fem;)
wette	aposta	(cl:subst;fem;)/(fem;)
wetter	tempo	(cl:subst;neu;)/(masc;)
wichtig	importante	(cl:adj;)/
wie	como	(cl:conj/prep;)/		como	(cl:adv;)/
wie bitte	como?	(pedindo para repetir)/(cl:interj;)
wie viel	quanto	(cl:adv;)/
wieder	novamente	(cl:adv;)/
wiederholen	repetir	(cl:vb;)/
wiese	prado	(cl:subst;fem;plu: ~n;)/(masc;)
wieso	de que modo	(cl:adv;)/
wild	selvagem	(cl:adj;)/
wind	vento	(cl:subst;masc;)/(masc;)
winter	Inverno	(cl:subst;masc;)/(masc;)
wir	nós	(cl:pron;pess:1;plu:sing;caso:nom;)/(plu;)
wirken	trabalhar	(cl:vb;)/
wirklich	realmente	(cl:adv;)/
wirksam	eficaz	(cl:adj;)/
wirkung	efeito	(cl:subst;fem;)/(masc;)
wirtschaft	economia	(cl:subst;fem;)/(fem;)
wirtschaftlich	econômico	(cl:adj;)/
wissen	saber	(cl:vb;)/
wissenschaft	ciência	(cl:subst;fem;)/(fem;)
wissenschaftler	cientista	(cl:subst;masc;fem:~rin;)/
witz	piada	(cl:subst;masc;)/(fem;)
witzig	engraçado	(cl:adj;)/
wo	onde	(cl:adv;)/
woche	semana	(cl:subst;fem;plu:~n;)/(fem;)
wofür	para que	/
woher	de onde	/
wohin	para onde	/
wohl	bem	(cl:adv;)/		bem	(cl:subst;neu;)/
wohltat	benefício	(cl:subst;fem;)/(masc;)
wohnen	morar	(cl:vb;)/
wohnung	apartamento	(cl:subst;fem;plu:~en;)/(masc;)
wohnzimmer	sala de estar	(cl:subst;neu;)/
wolf	lobo	(cl:subst;masc;)/
wolke	nuvem	(cl:subst;fem;)/(fem;)
wolle	lã	(cl:subst;fem;)/(fem;)
wollen	querer	(cl:vb;)/
womit	com o que	/
wort	palavra	(cl:subst;neu;)/(fem;)
wrack	naufrágio	(cl:subst;neu;)/(masc;)
wunder	milagre	(cl:subst;neu;)/(masc;)
wunderbar	maravilhoso	(cl:adj;)/
wunsch	desejo	(cl:subst;masc;plu:Wünsche;)/(masc;)
wurm	verme	(cl:subst;masc;plu:Würmer;)/(masc;)
wurst	salsicha	(cl:subst;fem;plu:Würste;)/
wählen	votar	(cl:vb;)/
währen	durar	(cl:prep;)/(cl:vb;)
während	enquanto	(cl:prep;)/(cl:conj;)		durante	(cl:prep;)/
währung	moeda	(cl:subst;fem;)/
wöchentlich	semanalmente	(cl:adv;)/
wünschen	desejar	(cl:vb;)/
würde	iria	(cl:vb;)/
würtzig	temperado	(cl:adj;)/
wüste	deserto	(cl:subst;neu;plu: ~n;)/(masc;)
zahl	número	(cl:subst;fem;plu:Zählen;)/(masc;)		conta	(cl:subst;fem;plu:Zählen;)/(fem;)
zahlen	pagar	(cl:vb;)/		contar	(cl:vb;)/
zahlreich	inúmeros	(cl:adj;)/
zahlung	pagamento	(cl:subst;fem;)/(masc;)
zahn	dente	(cl:subst;masc;plu:Zähne;)/(masc;)
zahnbürste	escova de dentes	(cl:subst;fem;)/
zaun	cerca	(cl:subst;masc;plu:Zäune;)/(fem;)
zeh	dedo	(cl:subst;fem;)/(~ do pé;)
zehn	dez	(cl:num)/(cl:num;plu;)
zeichen	sinal	(cl:subst;neu;)/(masc;)
zeigen	mostrar	(cl:vb;)/		apontar	(cl:vb;)/
zeit	tempo	(cl:subst;fem;)/(masc;)
zeiten	cronometrar	(cl:vb;)/
zeitraum	período	(cl:subst;masc;)/
zeitschrift	revista	(cl:subst;fem;)/(fem;)
zeitung	jornal	(cl:subst;fem;plu:~en;)/(masc;)
zelle	célula	(cl:subst;fem;)/
zentral	central	(cl:adj;)/(subst;)
zentrale	matriz	(cl:subst;)/
zentrum	centro	(cl:subst;neu;)/(masc;)
zerstörung	destruição	(cl:subst;)/(fem;)
zeug	coisa	(cl:subst;neu;plu:~e;)/
ziege	cabra	(cl:subst;fem;)/(fem;)
ziel	meta	(cl:subst;)/(fem;)
ziemlich	razoavelmente	(cl:adv;)/
zimmer	quarto	(cl:subst;neu;)/(masc;)		sala	(cl:subst;neu;)/(fem;)
zins	juro	(cl:subst;masc;plu:~en;)/(masc;)
zitieren	citar	(cl:vb;)/
zitrone	limão	(cl:subst;fem;plu:~n;)/(masc;)
zoll	alfândega	(cl:subst;masc;plu:Zölle;)/(fem;)		polegada	(cl:subst;masc;plu:Zölle;)/(fem;)
zu	para	(flex:m/r/m;)/(cl:prep;)		demais	(cl:adv;)/		muito	(cl:adv;)/		em	(flex:m/r/m;)/(cl:prep;)
zubehör	equipamento	(cl:subst;neu;)/(masc;)
zucker	açúcar	(cl:subst;masc;)/(masc;)
zuckerkrankheit	diabetes	(cl:subst;fem;)/
zuerst	primeiro	(cl:adv;)/
zufrieden	satisfeito	(cl:adj;)/
zug	trem	(cl:subst;masc;plu:Züge;)/(masc;)
zugang	acesso	(cl:subst;masc;)/(masc;)
zugleich	ao mesmo tempo	(cl:adv;)/
zuhause	lar	(cl:subst;)/(masc;)
zukunft	futuro	(cl:subst;fem;)/(masc;)
zuletzt	por último	(cl:adv;)/
zumindest	no mínimo	(cl:adv;)/
zunge	língua	(cl:subst;fem;)/(fem;)
zurück	para trás	(cl:adv;)/
zurückkehren	retornar	(cl:vb;)/
zusammen	junto	(cl:adv;)/
zusammenarbeit	colaboração	(cl:subst;fem;)/
zusammenfassung	sumário	(cl:subst;fem;)/
zustand	status	(cl:subst;masc;)/(masc;)
zustimmung	aprovação	(cl:subst;fem;)/
zuständig	responsável	(cl:adj;)/
zusätzlich	adicional	(cl:adj;)/
zwanzig	vinte	(cl:num)/(cl:num)
zwei	dois	(cl:num)/(cl:num)
zweifel	dúvida	(cl:subst;masc;)/(fem;)
zweimal	duas vezes	(cl:adv;)/
zweite	segundo	(cl:num;)/
zwiebel	cebola	(cl:subst;fem;plu:~n;)/(fem;)
zwilling	gêmeo	(cl:subst;masc;plu:~e;)/
zwingen	forçar	(cl:vb;)/
zwischen	entre	(cl:prep;)/		entre	(cl:prep;)/
zwölf	doze	(cl:num)/(cl:num)
ähnlich	similar	(cl:adj;)/
älter	mais velho	(cl:adj;)/
ändern	mudar	(cl:vb;)/		mudar	(cl:vb;)/
änderung	mudança	(cl:subst;fem;)/(fem;)		troco	(cl:subst;fem;)/(masc;)
ärger	problema	(cl:subst;masc;)/(masc;)
öffentlich	público	(cl:adj;)/
öffentlichkeit	público	(cl:subst;neu;)/(masc;)
öffnen	abrir	(cl:vb;)/
öl	óleo	(cl:subst;neu;)/(masc;)
über	sobre	(cl:prep;)/		sobre	(cl:prep;)/
überblick	resumo	(cl:subst;masc;)/
überfall	agressão	(cl:subst;)/(fem;)
überhaupt	ao todo	(cl:adv;)/
überlegen	refletir	(cl:vb;)/
überraschen	surpreender	(cl:vb;)/
überraschung	surpresa	(cl:subst;fem;)/(fem;)
übersetzung	tradução	(cl:subst;fem;)/(fem;)
überweisen	enviar	(cl:vb;)/
übrig	outro	(cl:adj;)/
übrigens	por sinal	(cl:adv;)/
übung	exercício	(cl:subst;)/
