a	uno	(cl:art;sing;)/(sing;)
a few	pocos	(cl:art)/(cl:art)
ability	capacidad	(cl:subst;)/(fem;)
able	capaz	(cl:adj;)/
abnormal	anormal	(cl:adj;)/
about	sobre	(cl:prep;)/
about to	casi	(cl:adv;)/
above	arriba	(cl:prep/adv;)/
abroad	fuera	(cl:adv;)/		exterior	(cl:subst;)/(masc;)
abstract	abstrair	(cl:vb;)/		abstracto	(cl:adj;)/		resumen	(cl:subst;)/(masc;)
abuse	abusar	(cl:vb;)/
academic	academico	(cl:subst/adj;)/
accept	aceptar	(cl:vb;)/
acceptable	aceptable	(cl:adj;)/
access	entrada	(cl:subst;)/(fem;)
accident	accidente	(cl:subst;)/(masc;)
accompanied	acompañado	(cl:vb;)/
accomplish	realizar	(cl:vb;)/
accord	otorgar	(cl:vb;)/		acuerdo	(cl:subst;)/(masc;)
accordance	acuerdo	(cl:subst;)/(masc;)
according to	conforme	(cl:adv;)/
account	considerar	(cl:vb;)/		cuenta	(cl:subst;)/(fem;)
acid	ácido	(cl:subst;)/
acne	acne	(cl:subst;)/
across	através	(cl:prep;)/
act	actuar	(cl:vb;)/		acto	(cl:subst;)/(masc;)
action	acción	(cl:subst;)/(fem;)
active	activo	(cl:adj;)/
activity	actividad	(cl:subst;)/		actividad	(cl:subst;)/
actor	actor	(cl:subst;)/
actress	actriz	(cl:subst;)/(fem;)
actual	actual	(cl:adj;)/
actually	realmente	(cl:adv;)/		en efecto	(cl:adv;)/
add	adicionar	(cl:vb;)/(cl:adj;)
addition	adición	(cl:subst;)/
additional	adicional	(cl:adj;)/
address	dirigir	(cl:vb;)/		dirección	(cl:subst;)/(fem;)
adequate	suficiente	(cl:adj;)/
administration	administración	(cl:subst;)/(fem;)
admission	aceptación	(cl:subst;)/(fem;)
adopt	adoptar	(cl:vb;)/
adult	adulto	(cl:subst/adj;)/
advantage	ventaja	(cl:subst;)/(fem;)
adventure	aventura	(cl:subst;)/(fem;)
adversary	oponente	(cl:subst;)/
advertisement	reclamo	(cl:subst;)/(masc;)		reclamo	(cl:subst;)/(masc;)
advice	consejo	(cl:subst;)/(masc;)
advise	aconsejar	(cl:vb;)/
affair	asunto	(cl:subst;)/
affect	afectar	(cl:vb;)/
after	después	(cl:prep;)/		después	(cl:adv;)/
again	nuevamente	(cl:adv;)/		nuevamente	(cl:adv;)/
against	contra	(cl:prep;)/
age	edad	(cl:subst;)/(fem;)		envejecer	(cl:vb;)/
agent	agente	(cl:subst;)/
aggression	agresión	(cl:subst;)/(fem;)
aggressive	agressivo	(cl:adj;)/
agreement	acuerdo	(cl:subst;)/(masc;)
agriculture	agricultura	(cl:subst;)/(fem;)
ahead	adelante	(cl:adv;)/		adelante	(cl:adv;)/
aid	ayudar	(cl:vb;)/		ayuda	(cl:subst;)/(fem;)
air	aire	(cl:subst;)/(masc;)
aircraft	aeronave	(cl:subst;)/
airline	aerolinea	(cl:subst;)/(fem;)
airport	aeropuerto	(cl:subst;)/(masc;)
alcohol	alcohol	(cl:subst;)/
all	todos	(cl:art/pron;plu;)/(plu;)
allergic	alérgico	(cl:adj;)/
allergy	alergia	(cl:subst;)/
allow	permitir	(cl:vb;)/
allowed	permitido	(cl:adj;)/
almanac	almanaque	(cl:subst;)/
almost	casi	(cl:adv;)/
alone	solo	(cl:adj/adv;)/		solo	(cl:adv;)/
along	a lo largo de	(cl:prep;)/
already	ya	(cl:adv;)/		ya	(cl:adv;)/
also	también	(cl:adv;)/
alternative	alternativa	(cl:adj/subst;)/
although	aunque	(cl:conj;)/
always	siempre	(cl:adv;)/
amber	ámbar	(cl:subst;)/
ambulance	ambulancia	(cl:subst;)/(fem;)
america	América	(cl:subst;sing;fem;)/(sing;fem;)
american	americano	(cl:adj/subst;)/
among	entre	(cl:prep;)/
amount	cuantía	(cl:subst;)/(fem;)		cantidad	(cl:subst;)/(fem;)		importar	(cl:vb;)/
an	uno	(cl:art;sing;)/(sing;)
ancient	antiguo	(cl:adj;)/
and	y	(cl:conj;)/
angel	ángel	(cl:subst;)/
angry	enojado	(cl:adj;)/
animal	animal	(cl:subst;)/(masc;)
ankle	tobillo	(cl:subst;)/(masc;)
announce	anunciar	(cl:vb;)/
announcement	anuncio	(cl:subst;)/(masc;)
annual	anual	(cl:adj;)/
anonymous	anónimo	(cl:adj;)/
another	otro	(cl:art/pronome;sing;)/(sing;)
answer	contestación	(cl:subst;)/(fem;)		contestar	(cl:vb;)/
antibiotics	antibiótico	(cl:subst;)/
antibodies	anticuerpo	(cl:subst;)/(masc;)
anxiety	ansiedad	(cl:subst;)/
any	alguno	(cl:pron;sing;)/(sing;)		ningun	(cl:adv;)/
anything	algo	(cl:pron;sing;)/(sing;)
apart	separado	(cl:adj;)/		separadamente	(cl:adv;)/
apartment	apartamento	(cl:subst;)/(masc;)
ape	mono	(cl:subst;)/
apparently	evidentemente	(cl:adv;)/
appear	aparecer	(cl:vb;)/
apple	manzana	(cl:subst;)/(fem;)
application	solicitud	(cl:subst;)/
apply	aplicar	(cl:vb;)/
appoint	nombrar	(cl:vb;)/
appointment	compromiso	(cl:subst;)/(masc;)
appropriate	apropriado	(cl:adj;)/		destinar	(cl:vb;)/
approve	aprobar	(cl:vb;)/
approximately	aproximadamente	(cl:adv;)/
april	Abril	(cl:subst;sing;)/(sing;)
arab	árabe	(cl:subst;)/
arabia	Arabia	(cl:subst;)/
area	área	(cl:subst;)/
arm	brazo	(cl:subst;)/(masc;)
around	alrededor	(cl:prep;)/		alrededor	(cl:adv;)/
arrange	arreglar	(cl:vb;)/
art	arte	(cl:subst;)/(masc;)
article	artículo	(cl:subst;)/(masc;)
artificial	artificial	(cl:adj;)/
as	como	(cl:conj/prep;)/
as well	también	(cl:adv;)/
ascertain	verificar	(cl:vb;)/
ashes	cenizas	(cl:subst;plu;)/(plu;)
asia	Asia	(cl:pron;sing;fem;)/(sing;fem;)
ask	preguntar	(cl:vb;)/		pedir	(cl:vb;)/
asparagus	espárrago	(cl:subst;)/(masc;)
assist	ayudar	(cl:vb;)/		ayuda	(cl:subst;)/(fem;)
assistance	ayuda	(cl:subst;)/(fem;)
associate	asociar	(cl:vb;)/
at	en	(cl:prep;)/
attack	ataque	(cl:subst;)/(masc;)		atacar	(cl:vb;)/
attempt	intentar	(cl:vb;)/
attention	atención	(cl:subst;)/(fem;)
audience	audiencia	(cl:subst;)/(fem;)		público	(cl:subst;)/(masc;)
august	Agosto	(cl:subst;sing;)/(sing;)
aunt	tía	(cl:subst;)/(fem;)
australia	Australia	(cl:pron;sing;fem;)/(sing;fem;)
authority	autoridad	(cl:subst;)/(fem;)
authorization	autorización	(cl:subst;)/(fem;)
autism	autismo	(cl:subst;)/(masc;)
auto	automóvil	(cl:subst;)/
automatically	automaticamente	(cl:adv;)/
autumn	Otoño	(cl:subst;)/
available	disponible	(cl:adj;)/
ave.	av.	(cl:subst;abrev;)/(abrev;)
avenue	avenida	(cl:subst;)/(fem;)
aviation	aviación	(cl:subst;)/(fem;)
avoid	evitar	(cl:vb;)/
award	premio	(cl:subst;)/(masc;)
away	lejos	(cl:adv;)/
baby	bebé	(cl:subst;)/
back	atrás	(cl:adv;)/		espalda	(cl:subst;)/(fem;)		detrás	(cl:adv;)/		parte trasera	(cl:subst;)/
background	fondo	(cl:subst;)/(masc;)
backpack	mochila	(cl:subst;)/(fem;)
bacteria	bacteria	(cl:subst;plu;)/(fem;)
bacterial	bacteriano	(cl:adj;)/
bad	mal	(cl:adj;)/
bag	bolsa	(cl:subst;)/(fem;)		bolsa	(cl:subst;)/(fem;)
bakery	panadería	(cl:subst;)/(fem;)
balance	equilibrio	(cl:subst;)/(masc;)
balcony	balcón	(cl:subst;)/(masc;)
ball	pelota	(cl:subst;)/(fem;)
band-aid	emplasto	(cl:subst;)/(masc;)
bank	banco	(cl:subst;)/(masc;)
bar	bar	(cl:subst;)/		impedir	(cl:vb;)/
base	base	(cl:subst;)/
basic	básico	(cl:adj;)/
basis	base	(cl:subst;sing;)/
bath	baño	(cl:subst;)/(masc;)
bathe	bañar	(cl:vb;)/
bathroom	cuarto de baño	(cl:subst;)/
battery	batería	(cl:subst;)/(fem;)		pila	(cl:subst;)/(fem;)
battle	batalla	(cl:subst;)/(fem;)
bay	bahía	(cl:subst;)/(fem;)
be	ser	(cl:vb;)/		estar	(cl:vb;)/
be happy	alegrar	(cl:vb;)/
beach	playa	(cl:subst;)/(fem;)
bean	haba	(cl:subst;)/(fem;)		frijol	(cl:subst;)/(masc;)
bear	oso	(cl:subst;)/
beautiful	bonito	(cl:adj;)/		bello	(cl:adj;)/
beauty	hermosura	(cl:subst;)/(fem;)
because	porque	(cl:conj;)/
because of	a causa de	(cl:conj;)/
become	tornar	(cl:vb;)/(refl;)		tornarse	(cl:vb;)/
bed	cama	(cl:subst;)/(fem;)
bedding	fundamento	(cl:subst;)/(masc;)
bee	abeja	(cl:subst;)/(fem;)
beef	carne de vaca	(cl:subst;)/(fem;)
beer	cerveza	(cl:subst;)/(fem;)
beetle	escarabajo	(cl:subst;)/(masc;)
before	antes	(cl:prep/adv;)/(cl:adv;)		antes de que	(cl:conj;)/
begin	empezar	(cl:vb;)/
beginner	novato	(cl:subst;)/		principiante	(cl:subst;)/
beginning	comienzo	(cl:subst;)/(masc;)		principio	(cl:subst;)/(masc;)
behavior	comportamiento	(cl:subst;)/
behind	atrás	(cl:prep/adv;)/
being	existencia	(cl:subst;)/(fem;)
believe	creer	(cl:vb;)/
bell	campanilla	(cl:subst;)/(fem;)		campana	(cl:subst;)/(fem;)
belly	vientre	(cl:subst;)/(masc;)		barriga	(cl:subst;)/(fem;)
belong	pertenecer	(cl:vb;)/
beloved	cariño	(cl:adj;)/
below	abajo	(cl:adv;)/		debajo de	(cl:prep;)/
benefit	beneficio	(cl:subst;)/(masc;)		beneficiar	(cl:vb;)/		beneficiar	(cl:vb;)/
besides	además	(cl:adv;)/
best	mejor	(cl:adj;)/		mejor	(cl:adv;)/(cl:adj;)
bet	apuesta	(cl:subst;)/(fem;)
better	mejor	(cl:adj;)/		mejor	(cl:adv;)/(cl:adj;)
between	entre	(cl:prep;)/
beyond	después	(cl:adv;)/
bicycle	bicicleta	(cl:subst;)/(fem;)
big	grande	(cl:adj;)/
bill	cuenta	(cl:subst;)/(fem;)		cuenta	(cl:subst;)/(fem;)
billion	mil millones	(cl:num;plu;)/(plu;)
biology	biología	(cl:subst;)/(fem;)
bird	pájaro	(cl:subst;)/(masc;)		ave	(cl:subst;)/
birth	nacimiento	(cl:subst;)/(masc;)
birthday	cumpleaños	(cl:subst;)/
bit	pieza	(cl:subst;)/(fem;)
bite	morder	(cl:vb;)/
bitter	amargo	(cl:adj;)/
black	negro	(cl:adj;)/
bladder	vejiga	(cl:subst;)/(fem;)
bleed	sangrar	(cl:vb;)/
blind	ciego	(cl:adj;)/(cl:subst;)
blood	sangre	(cl:subst;)/
blue	azul	(cl:adj;)/
board	embarcar	(cl:vb;)/		embarcar	(cl:vb;)/		tabla	(cl:subst;)/(fem;)
boat	barco	(cl:subst;)/(masc;)
body	cuerpo	(cl:subst;)/(masc;)
bone	hueso	(cl:subst;)/(masc;)
book	libro	(cl:subst;)/(masc;)		reservar	(cl:vb;)/
border	borde	(cl:subst;)/(masc;)
boring	tedioso	(cl:adj;)/
born	nacido	(cl:adj;)/
boss	jefe	(cl:adj;)/
both	ambos	(cl:pron;plu;)/(plu;)		ambos	(cl:art;plu;)/(plu;)		tanto	/
bottle	botella	(cl:subst;)/(fem;)
bottom	lado inferior	(cl:subst;)/(masc;)
boundary	límite	(cl:subst;)/(masc;)
bowl	cuenco	(cl:subst;)/(masc;)
box	caja	(cl:subst;)/(fem;)
boy	niño	(cl:subst;masc;)/(masc;)
brain	cerebro	(cl:subst;)/(masc;)
brake	frenar	(cl:vb;)/
brave	bravo	(cl:adj;)/
bread	pan	(cl:subst;)/(masc;)
breakfast	desayuno	(cl:subst;)/(masc;)
breast	pecho	(cl:subst;)/(masc;)
breathe	respirar	(cl:vb;)/
breed	raza	(cl:subst;)/(fem;)		criar	(cl:vb;)/
breeder	criador	(cl:subst;)/
bridge	puente	(cl:subst;)/(fem;)
bright	brillante	(cl:adj;)/
bring	traer	(cl:vb;)/
britain	Gran Bretaña	(cl:pron;sing;)/(sing;)
british	británico	(cl:adj/subst;)/
brock	tejón	(cl:subst;)/
broken	quebrado	(cl:adj;)/
brother	hermano	(cl:subst;)/(masc;)
brotherhood	fraternidad	(cl:subst;)/(fem;)
brown	marrón	(cl:adj;)/
brush	cepillo	(cl:subst;)/(masc;)
build	construir	(cl:vb;)/
building	construcción	(cl:subst;)/(fem;)		edificio	(cl:subst;)/(masc;)
bulgarian	búlgaro	(cl:adj/subst;)/
burn	quemar	(cl:vb;)/
bus	autobús	(cl:subst;)/(masc;)		autobús	(cl:subst;)/(masc;)
bush	arbusto	(cl:subst;)/(masc;)
business	negocio	(cl:subst;)/(masc;)
but	pero	(cl:conj;)/		excepto	(cl:prep;)/
butter	mantequilla	(cl:subst;)/(fem;)
butterfly	mariposa	(cl:subst;)/(fem;)
button	botón	(cl:subst;)/(masc;)
buy	comprar	(cl:vb;)/
buyer	comprador	(cl:subst;)/
by	por	(cl:prep;)/		cerca de	(cl:adv;)/
by now	ahora	(cl:adv;)/
bye	adiós	(cl:interj;)/
cabinet	gabinete	(cl:subst;sing;)/(sing;)
cable	cable	(cl:subst;)/(masc;)
cage	jaula	(cl:subst;)/(fem;)
cake	bollo	(cl:subst;)/(masc;)
calculate	calcular	(cl:vb;)/
calf	ternero	(cl:subst;)/
call	llamar	(cl:vb;)/
called	llamar	(cl:vb;be ~;)/
calm	calmo	(cl:adj;)/
can	poder	(cl:vb;)/		lata	(cl:subst;)/(fem;)
canadian	canadiense	(cl:adj/subst;)/
cancel	cancelar	(cl:vb;)/
cancer	cáncer	(cl:subst;)/(masc;)
candle	vela	(cl:subst;)/(fem;)
capital	capital	(cl:subst;)/(fem;)		capital	(cl:adj;)/
car	coche	(cl:subst;)/(masc;)
carbon	carbón	(cl:subst;)/(masc;)
card	tarjeta	(cl:subst;)/(fem;)
care	cuidado	(cl:subst;)/(masc;)
carefully	cuidadosamente	(cl:adv;)/
carpet	alfombra	(cl:subst;)/(fem;)
carrier	transportista	(cl:subst;)/
carrot	zanahoria	(cl:subst;)/(fem;)
carry	llevar	(cl:vb;)/
case	caso	(cl:subst;)/(masc;)
cash	efectivo	(cl:subst;)/
cashier	caja	(cl:subst;)/
castle	castillo	(cl:subst;)/(masc;)
cat	gato	(cl:subst;)/
catch	coger	(cl:vb;)/
category	categoría	(cl:subst;)/(fem;)
catholic	católico	(cl:adj;)/
cause	causar	(cl:vb;)/		causa	(cl:subst;)/(fem;)
celebrate	celebrar	(cl:vb;)/
cell	célula	(cl:subst;)/
cellular	celular	(cl:adj;)/
census	censo	(cl:subst;)/(masc;)
center	centro	(cl:subst;)/(masc;)		centro	(cl:subst;)/(masc;)
central	central	(cl:adj/subst;)/
century	siglo	(cl:subst;)/(masc;)
cereal	cereal	(cl:subst;)/
certain	seguro	(cl:adj;)/
certainly	por supuesto	(cl:adv;)/
certificate	certificado	(cl:subst;)/(masc;)
chain	cadena	(cl:subst;)/(fem;)
chair	silla	(cl:subst;)/(fem;)
chairman	presidente	(cl:subst;sing;)/
chance	ocurrir	(cl:vb;)/		accidental	(cl:adj;)/
change	cambiar	(cl:vb;)/		cambio	(cl:subst;)/(masc;)		cambiar	(cl:vb;)/		cambio	(cl:subst;)/(masc;)
chapel	capilla	(cl:subst;)/(fem;)
character	indole	(cl:subst;)/
charge	acusar	(cl:vb;)/		acusación	(cl:subst;)/
cheap	barato	(cl:adj;)/		oportuno	(cl:adj;)/
check	comprobacíon	(cl:subst;)/(fem;)		conferir	(cl:vb;)/
cheese	queso	(cl:subst;)/(masc;)
chef	cocinero	(cl:subst;)/
chemical	químico	(cl:adj;)/
chemistry	químico	(cl:subst;)/
cheque	cheque	(cl:subst;)/(masc;)
chest	tórax	(cl:subst;)/
chew	masticar	(cl:vb;)/
chewing	masticación	(cl:subst;)/(fem;)
chicken	pollo	(cl:subst;)/		pollo	(cl:subst;)/(masc;)
chief	jefe	(cl:subst;)/
child	niño	(cl:subst;sing;plu:children)/
chin	mentón	(cl:subst;)/(masc;)
chocolate	chocolate	(cl:subst;)/
choice	elección	(cl:subst;)/(fem;)
choose	escoger	(cl:vb;)/
christian	cristiano	(cl:adj;)/		cristiano	(cl:subst;)/
christmas	Navidad	(cl:subst;)/
church	iglesia	(cl:subst;)/(fem;)
cigarette	cigarrillo	(cl:subst;)/(masc;)
cinema	cinema	(cl:subst;)/(masc;)
circle	círculo	(cl:subst;)/(masc;)
circumference	circunferencia	(cl:subst;)/(fem;)
circumstances	circunstancias	(cl:subst;plu)/(plu)
citizen	ciudadano	(cl:subst;)/
citizenship	ciudadanía	(cl:subst;)/(fem;)
city	ciudad	(cl:subst;)/(fem;)
civilian	civil	(cl:adj/subst;)/
class	clase	(cl:subst;)/
clause	cláusula	(cl:subst;)/(fem;)
claw	garra	(cl:subst;)/(fem;)
clean	limpio	(cl:adj;)/		limpar	(cl:vb;)/		limpar	(cl:vb;)/
clear	claro	(cl:adj;)/		aclarar	(cl:vb;)/
clearly	claramente	(cl:adv;)/
client	cliente	(cl:subst;)/
climate	clima	(cl:subst;)/
climb	subir	(cl:vb;)/
clinic	clínica	(cl:subst;)/(fem;)
clinical	clínico	(cl:adj;)/
clock	reloj	(cl:subst;)/(masc;)
close	cerrar	(cl:vb;)/		cerrar	(cl:vb;)/		próximo	(cl:adj;)/		cerca	(cl:adv;)/
closed	cerrado	(cl:adj;)/
cloth	paño	(cl:subst;)/(masc;)
clothing	ropa	(cl:subst;)/(fem;)
cloud	nube	(cl:subst;)/(fem;)
clown	payaso	(cl:subst;)/(masc;)
club	club	(cl:subst;)/
coast	costa	(cl:subst;)/(fem;)
coat	abrigo	(cl:subst;)/(fem;)
cock	gallo	(cl:subst;)/(masc;)
cockroach	cucaracha	(cl:subst;)/(fem;)
code	codificar	(cl:vb;)/		código	(cl:subst;)/(masc;)
coffee	café	(cl:subst;)/(masc;)
coin	moneda	(cl:subst;)/(fem;)
cold	frío	(cl:adj;)/		frío	(cl:subst;)/(masc;)		resfriado	(cl:subst;)/(masc;)
collaboration	colaboración	(cl:subst;)/
collar	cuello	(cl:subst;)/(masc;)
colleague	colega	(cl:subst;)/
collect	recoger	(cl:vb;)/
collection	colección	(cl:subst;)/(fem;)
college	colegio	(cl:subst;)/(masc;)
colony	colonia	(cl:subst;)/(fem;)
color	colorear	(cl:vb;)/		color	(cl:subst;)/(masc;)
colorful	colorido	(cl:adj;)/
column	columna	(cl:subst;)/(fem;)
come	venir	(cl:vb;)/
comfortable	cómodo	(cl:adj;)/
commercial	comercial	(cl:adj/subst;)/(cl:adj;)
commission	comisión	(cl:subst;)/
committed	comprometido	(cl:adj;)/
committee	comité	(cl:subst;)/
common	común	(cl:adj;)/
commonly	comúnmente	(cl:adv;)/
commons	pueblo	(cl:subst;plu;)/(masc;)
communication	comunicación	(cl:subst;)/
communist	comunista	(cl:adj/subst;)/
community	comunidad	(cl:subst;)/
company	compañía	(cl:subst;)/
compare	comparar	(cl:vb;)/
competition	competición	(cl:subst;)/
complete	completar	(cl:vb;)/		completo	(cl:adj;)/
completely	completamente	(cl:adv;)/		completamente	(cl:adv;)/
complex	complejo	(cl:adj;)/
computer	computador	(cl:subst;)/(masc;)
concept	concepto	(cl:subst;)/(masc;)
concern	interesar	(cl:vb;)/
concerned	interesar	(cl:vb;)/
concrete	concreto	(cl:subst;)/(masc;)		concreto	(cl:adj;)/
condition	condición	(cl:subst;)/(fem;)
conduct	conducir	(cl:vb;)/
confirm	confirmar	(cl:vb;)/
confirmation	confirmación	(cl:subst;)/
conflict	conflicto	(cl:subst;)/(masc;)
congress	congreso	(cl:subst;)/(masc;)
connection	conexión	(cl:subst;)/(fem;)
conservative	conservador	(cl:adj;)/(cl:subst;)		conservador	(cl:subst;)/
consider	considerar	(cl:vb;)/
consist	componer se	(cl:vb;)/
constantly	constantemente	(cl:adv;)/
constitution	constitución	(cl:subst;)/(fem;)
construction	construcción	(cl:subst;)/(fem;)
consulate	consulado	(cl:subst;)/(masc;)
consult	consultar	(cl:vb;)/
consultation	consulta	(cl:subst;)/(fem;)
consumer	consumidor	(cl:subst;)/
contact	contacto	(cl:subst;)/(masc;)
contain	contener	(cl:vb;)/
container	contenedor	(cl:subst;)/(masc;)
continue	continuar	(cl:vb;)/
contract	contrato	(cl:subst;)/(masc;)		contratar	(cl:vb;)/
contribution	contribución	(cl:subst;)/(fem;)
control	controlar	(cl:vb;)/		control	(cl:subst;)/
convenient	conveniente	(cl:adj;)/
convention	convención	(cl:subst;)/(fem;)
conversation	conversación	(cl:subst;)/(fem;)
cook	cocinar	(cl:vb;)/
cool	fresco	(cl:adj;)/
copper	cobre	(cl:subst;)/(masc;)
copy	copia	(cl:subst;)/(fem;)		copiar	(cl:vb;)/
cord	cuerda	(cl:subst;)/(fem;)
corn	maíz	(cl:subst;)/(masc;)
corner	esquina	(cl:subst;)/(fem;)		esquina	(cl:subst;)/(fem;)
corporation	corporación	(cl:subst;)/(fem;)
correct	corregir	(cl:vb;)/		correcto	(cl:adj;)/
correction	corrección	(cl:subst;)/(fem;)
cost	custar	(cl:vb;)/		costo	(cl:subst;)/(masc;)
costless	gratuito	(cl:adj;)/
cotton	algodón	(cl:subst;)/(masc;)
council	consejo	(cl:subst;)/(masc;)
count	contar	(cl:vb;)/		contar	(cl:vb;)/
counter	mostrador	(cl:subst;)/		contrarrestar	(cl:vb;)/
country	país	(cl:subst;)/		región	(cl:subst;)/(fem;)		rural	(cl:adj;)/
couple	par	(cl:subst;)/
course	plato	(cl:subst;)/(masc;)		curso	(cl:subst;)/		curso	(cl:subst;)/
court	tribunal	(cl:subst;)/(masc;)
cousin	prima	(cl:subst;)/		primo	(cl:subst;)/
cover	cubrir	(cl:vb;)/		cubierta	(cl:subst;)/(fem;)		cubierta	(cl:subst;)/(fem;)
cow	vaca	(cl:subst;)/(fem;)
craft	oficio	(cl:subst;)/(masc;)
crazy	loco	(cl:subst;)/(masc;)
cream	crema	(cl:subst;)/
create	crear	(cl:vb;)/
creation	creación	(cl:subst;)/(fem;)
credit	crédito	(cl:subst;)/(masc;)
creek	arroyo	(cl:subst;)/(masc;)
cross	atravesar	(cl:vb;)/		atravesar	(cl:vb;)/		cruz	(cl:subst;)/(fem;)
cultivate	cultivar	(cl:vb;)/
culture	cultura	(cl:subst;)/(fem;)
cup	taza	(cl:subst;)/(fem;)
cupboard	armario	(cl:subst;)/(masc;)
currency	moneda	(cl:subst;)/(fem;)
current	actual	(cl:adj;)/		corriente	(cl:subst;)/(fem;)
currently	actualmente	(cl:adv;)/
custom	costumbre	(cl:subst;)/(masc;)
customs	aduana	(cl:subst;plu;)/(fem;)
cut	cortar	(cl:vb;)/		corte	(cl:subst;)/(masc;)
daily	diariamente	(cl:adv;)/		diario	(cl:adj;)/
damage	daño	(cl:subst;)/(masc;)
dance	danza	(cl:subst;)/(fem;)		bailar	(cl:vb;)/
danger	peligro	(cl:subst;)/(masc;)
dangerous	peligroso	(cl:adj;)/
dark	oscuro	(cl:adj;)/
darkness	tinieblas	(cl:subst;sing;)/
data	datos	(cl:subst;plu;)/(plu;)
date	fecha	(cl:subst;)/(fem;)
daughter	hija	(cl:subst;fem;)/(fem;)
day	día	(cl:subst;)/(masc;)
dead	muerto	(cl:adj;)/
deadline	plazo	(cl:subst;)/(masc;)
deal	lidiar	(cl:vb;)/
death	muerte	(cl:subst;)/(fem;)
december	Diciembre	(cl:subst;sing;)/(sing;)
decide	resolver	(cl:vb;)/
deck	cubierta	(cl:subst;)/(fem;)
declare	declarar	(cl:vb;)/
decrease	disminuir	(cl:vb;)/
deep	hondo	(cl:adj;)/		abismo	(cl:subst;)/(masc;)		profundo	(cl:adj;)/
deeply	profundamente	(cl:adv;)/
defense	defensa	(cl:subst;)/(fem;)
define	definir	(cl:vb;)/
degree	grado	(cl:subst;)/(masc;)
delay	retraso	(cl:subst;)/(masc;)
delete	borrar	(cl:vb;)/
demand	demanda	(cl:subst;)/(fem;)		exigir	(cl:vb;)/
democratic	democrático	(cl:adj;)/
department	departamento	(cl:subst;)/		departamento	(cl:subst;)/
depend	depender	(cl:vb;)/
dependent	dependiente	(cl:adj;)/
deposit	depósito	(cl:subst;)/(masc;)		depositar	(cl:vb;)/
describe	describir	(cl:vb;)/
description	descripción	(cl:subst;)/(fem;)
desert	desierto	(cl:subst;)/(masc;)
design	dibujar	(cl:vb;)/		proyecto	(cl:subst;)/(masc;)		proyecto	(cl:subst;)/(masc;)
dessert	postre	(cl:subst;)/(masc;)
destiny	destino	(cl:subst;)/(masc;)
destruction	destrucción	(cl:subst;)/(fem;)
detail	detalle	(cl:subst;)/(masc;)
determine	determinar	(cl:vb;)/		determinar	(cl:vb;)/
develop	desarrollar	(cl:vb;)/
development	dasarollo	(cl:subst;)/(masc;)
device	aparato	(cl:subst;)/(masc;)
devour	devorar	(cl:vb;)/
diabetes	diabetes	(cl:subst;)/
diagnosis	diagnóstico	(cl:subst;)/(masc;)
dial	discar	(cl:vb;)/
diarrhoea	diarrea	(cl:subst;)/(fem;)
dice	dados	(cl:subst;plu;)/(plu;)
dictionary	diccionario	(cl:subst;)/(masc;)
die	morir	(cl:vb;)/
diet	dieta	(cl:subst;)/(fem;)
difference	diferencia	(cl:subst;)/(fem;)
different	diferente	(cl:adj;)/		diferente	(cl:adj;)/
difficult	dificil	(cl:adj;)/
dinner	cena	(cl:subst;)/(fem;)
direct	directo	(cl:adj;)/		inmediatamente	(cl:adv;)/		dirigir	(cl:vb;)/
direction	dirección	(cl:subst;)/(fem;)		dirección	(cl:subst;)/(fem;)
directly	directamente	(cl:adv;)/
director	director	(cl:subst;)/
directory	directorio	(cl:subst;)/(masc;)		catálogo	(cl:subst;)/(masc;)
dirty	sucio	(cl:adj;)/
discipline	disciplina	(cl:subst;)/(fem;)
discover	descubrir	(cl:vb;)/
discuss	discutir	(cl:vb;)/
disease	enfermedad	(cl:subst;)/(fem;)
dish	plato	(cl:subst;)/(masc;)
disorder	desorden	(cl:subst;)/(fem;)
distance	distancia	(cl:subst;)/(fem;)
distinct	evidente	(cl:adj;)/
distribute	distribuir	(cl:vb;)/
district	distrito	(cl:subst;)/(masc;)
divide	dividir	(cl:vb;)/
divided	dividido	(cl:adj;)/
divine	divino	(cl:adj;)/
do	hacer	(cl:vb;)/
doctor	médico	(cl:subst;)/
document	documento	(cl:subst;)/(masc;)
dog	perro	(cl:subst;)/(masc;)
dollar	dólar	(cl:subst;)/(masc;)
domestic	doméstico	(cl:adj;)/
donkey	burro	(cl:subst;)/(masc;)
door	puerta	(cl:subst;)/(fem;)
dose	dosis	(cl:subst;)/(fem;)
doubt	duda	(cl:subst;)/(fem;)
down	abajo	(cl:adv;)/		abajo	(cl:prep;)/
dozen	docena	(cl:subst;)/(fem;)
dr	dr	(cl:abbrev;)/
dream	soñar	(cl:vb;)/		sueño	(cl:subst;)/(masc;)
dress	vestido	(cl:subst;)/(masc;)		vestir	(cl:vb;)/
drink	beber	(cl:vb;)/		bebida	(cl:subst;)/(fem;)
drive	dirigir	(cl:vb;)/		paseo	(cl:subst;)/(masc;)
drug	droga	(cl:subst;)/(fem;)
drugs	narcóticos	(cl:subst;)/
drum	tambor	(cl:subst;)/(masc;)
dry	seco	(cl:adj;)/		secar	(cl:vb;)/
dual	dual	(cl:adj;)/
duck	pato	(cl:subst;)/
dumb	estúpido	(cl:adj;)/
during	durante	(cl:prep;)/
dust	polvo	(cl:subst;)/(masc;)
duty	obligación	(cl:subst;)/(fem;)
each	cada uno	(cl:pron;sing;)/(sing;)		cada	(cl:art;sing;)/(sing;)
eagle	águila	(cl:subst;)/(fem;)
ear	oído	(cl:subst;)/(masc;)		oreja	(cl:subst;)/(fem;)
earlier	más temprano	(cl:adj;)/
early	temprano	(cl:adj/adv;)/
earn	ganar	(cl:vb;)/
earth	tierra	(cl:subst;)/(fem;)
easier	más fácil	(cl:adj;)/
east	este	(cl:adj;)/		este	(cl:subst;)/(masc;)
eastern	oriental	(cl:adj;)/
easy	fácil	(cl:adj;)/
eat	comer	(cl:vb;)/
economic	económico	(cl:adj;)/
economics	economía	(cl:subst;plu;)/(fem;)
economy	economía	(cl:subst;)/(fem;)
edge	borde	(cl:subst;)/
edition	edición	(cl:subst;)/(fem;)
education	educación	(cl:subst;)/(fem;)		educación	(cl:subst;)/(fem;)
effect	efecto	(cl:subst;)/(masc;)		efecto	(cl:subst;)/(masc;)
effective	eficaz	(cl:adj;)/		soldado	(cl:subst;)/
effort	esfuerzo	(cl:subst;)/(masc;)
egg	huevo	(cl:subst;)/(masc;)
eggplant	berenjena	(cl:subst;)/(fem;)
eight	ocho	(cl:num)/(cl:num)
eighty	ochenta	(cl:num)/(cl:num)
either	o	(cl:conj;either ... or .... )/
elbow	codo	(cl:subst;)/(masc;)
elect	elegir	(cl:vb;)/
election	elección	(cl:subst;)/(fem;)
electrical	eléctrico	(cl:adj;)/
electricity	electricidad	(cl:subst;)/(fem;)
electronic	electrónico	(cl:adj;)/
elementary school	escuela primaria	(cl:subst;)/(fem;)
eleven	once	(cl:num)/(cl:num)
else	más	(cl:adv;)/
embassy	embajada	(cl:subst;)/(fem;)
emergency	emergencia	(cl:subst;)/(fem;)
emission	emisión	(cl:subst;)/(fem;)
employee	empleado	(cl:subst;)/
employment	trabajo	(cl:subst;)/(masc;)
empty	vacío	(cl:adj;)/
end	fin	(cl:subst;)/(masc;)		terminar	(cl:vb;)/
enemy	enemigo	(cl:subst;)/
energy	energía	(cl:subst;)/(fem;)
engineer	ingeniero	(cl:subst;)/
engineering	ingeniería	(cl:subst;)/(fem;)
england	Inglaterra	(cl:pron;sing;)/(sing;)
english	inglés	(cl:adj/subst;)/
enjoy	disfrutar	(cl:vb;)/
enough	bastante	(cl:adj/adv;)/(cl:adj;)		bastante	(cl:pron;sing;)/(sing;)		suficiente	(cl:adj;/adv)/
ensign	insignia	(cl:subst;)/(fem;)
enter	entrar	(cl:vb;)/
entertainment	entretenimiento	(cl:subst;)/(masc;)
entire	entero	(cl:adj;)/
entirely	completamente	(cl:adv;)/
entry	entrada	(cl:subst;)/(fem;)
environment	ambiente	(cl:subst;)/
equal	igual	(cl:adj;)/
equality	equidad	(cl:subst;)/(fem;)
equipment	equipamiento	(cl:subst;)/(masc;)		equipamiento	(cl:subst;)/(masc;)
err	equivocarse	(cl:vb;)/
errand	pedido	(cl:subst;)/
escape	escapar	(cl:vb;)/
especially	especialmente	(cl:adv;)/
essential	esencial	(cl:adj;)/
establish	establecer	(cl:vb;)/
etc	etc	(cl:subst;)/
europe	Europa	(cl:pron;sing;)/(sing;)
european	europeo	(cl:adj/subst;)/
even	mismo	(cl:adv;)/		igual	(cl:adj;)/		hasta	(cl:adv;)/
evening	tarde	(cl:subst;)/
event	evento	(cl:subst;)/(masc;)
eventually	finalmente	(cl:adv;)/
ever	siempre	(cl:adv;)/
every	todo	(cl:art;sing;)/(sing;)
everything	todo	(cl:pron;)/
evil	malo	(cl:adj;)/
exact	exacto	(cl:adj;)/
exactly	exactamente	(cl:adv;)/
exam	examen	(cl:subst;)/(masc;)
examine	examinar	(cl:vb;)/
example	ejemplo	(cl:subst;)/(masc;)
excellent	excelente	(cl:adj;)/
except	excepto	(cl:prep;)/
exception	excepción	(cl:subst;)/(fem;)
exchange	cambiar	(cl:vb;)/		cambio	(cl:subst;)/(masc;)
excited	entusiasmado	(cl:adj;)/
exist	existir	(cl:vb;)/
expand	expandir	(cl:vb;)/
expect	esperar	(cl:vb;)/
expenses	gastos	(cl:subst;plu;)/(plu;)
expensive	caro	(cl:adj;)/
experience	experiencia	(cl:subst;)/(fem;)		probar	(cl:vb;)/
experiment	experimento	(cl:subst;)/(fem;)		probar	(cl:vb;)/
experimental	experimental	(cl:adj;)/
expert	especialista	(cl:subst;)/
explain	explicar	(cl:vb;)/
explanation	aclaración	(cl:subst;)/(fem;)
explore	explorar	(cl:vb;)/
expose	exponer	(cl:vb;)/
extend	alargar	(cl:vb;)/
extra	extra	(cl:adj;)/
extreme	extremo	(cl:adj;)/
eye	ojo	(cl:subst;)/(masc;)
face	rostro	(cl:subst;)/(fem;)
facility	instalación	(cl:subst;)/(fem;)
fact	hecho	(cl:subst;)/(masc;)
factor	factor	(cl:subst;)/(masc;)
factory	fábrica	(cl:subst;)/(fem;)
faith	fe	(cl:subst;)/(fem;)
fall	caer	(cl:vb;)/		caída	(cl:subst;)/(fem;)
familiar	familiar	(cl:adj;)/
family	familia	(cl:subst;)/(fem;)
fantastic	fantástico	(cl:adj;)/
far	lejano	(cl:adj;)/		lejos	(cl:adv;)/
farm	hacienda	(cl:subst;)/(fem;)
farmer	campesino	(cl:subst;)/
fast	rápido	(cl:adj/adv;)/
fat	gordo	(cl:adj;)/
father	padre	(cl:subst;)/(masc;)
fault	culpa	(cl:subst;)/(fem;)
favor	favor	(cl:subst;)/(masc;)		favorecer	(cl:vb;)/
fear	miedo	(cl:subst;)/(masc;)		temer	(cl:vb;)/
features	características	(cl:subst;plu)/(fem;plu;)
february	Febrero	(cl:subst;)/
fecal	fecal	(cl:adj;)/
federal	federal	(cl:adj;)/
fee	tasa	(cl:subst;)/(fem;)
feed	alimentar	(cl:vb;)/		alimento	(cl:subst;)/(masc;)
feel	sentir	(cl:vb;)/
feeling	sentimiento	(cl:subst;)/(masc;)
feline	felino	(cl:adj/subst;)/
felt	fieltro	(cl:subst;)/(masc;)
female	femenino	(cl:adj;)/		hembra	(cl:subst;)/(fem;)
fence	cerca	(cl:subst;)/(fem;)
ferry	transbordador	(cl:subst;)/(masc;)
fever	fiebre	(cl:subst;)/(fem;)
few	pocos	(cl:art/pronome;plu;)/(plu;)
field	campo	(cl:subst;)/(masc;)
fifteen	quince	(cl:num)/(cl:num)
fifty	cincuenta	(cl:num)/(cl:num)
fight	lucha	(cl:subst;)/(fem;)		luchar	(cl:vb;)/		lucha	(cl:subst;)/(fem;)
figure	figura	(cl:subst;)/(fem;)
file	archivar	(cl:vb;)/		fichero	(cl:subst;)/
fill	llenar	(cl:vb;)/
final	final	(cl:adj;)/
finally	finalmente	(cl:adv;)/
financial	financiero	(cl:adj;)/
find	hallar	(cl:vb;)/
find out	descubrir	(cl:vb;)/
fine	excelente	(cl:adj;)/		multar	(cl:vb;)/
finger	dedo	(cl:subst;)/(masc;)
finished	listo	(cl:adj;)/
fire	fuego	(cl:subst;)/(masc;)		despedir	(cl:vb;)/
firm	firme	(cl:adj;)/
first	primero	(cl:num;)/		primero	(cl:adv;)/
fish	pez	(cl:subst;)/(masc;)
fist	puño	(cl:subst;)/(masc;)
fit	adecuado	(cl:adj;)/		apoplejía	(cl:subst;)/(fem;)		adaptar	(cl:vb;)/
five	cinco	(cl:num;plu;)/(plu;)
flag	bandera	(cl:subst;)/(fem;)
flea	pulga	(cl:subst;)/(fem;)
flee	huir	(cl:vb;)/
flight	vuelo	(cl:subst;)/(masc;)
flood	inundar	(cl:vb;)/
floor	piso	(cl:subst;)/(masc;)
flour	harina	(cl:subst;)/(fem;)
flower	flor	(cl:subst;)/(fem;)
fly	mosca	(cl:subst;)/(fem;)
follow	seguir	(cl:vb;)/
follower	seguidor	(cl:subst;)/
food	comida	(cl:subst;)/(fem;)
foot	pie	(cl:subst;)/(masc;)
for	para/hacia	(cl:prep;)/
forbid	prohibir	(cl:vb;)/
force	forzar	(cl:vb;)/		fuerza	(cl:subst;)/(fem;)		fuerza	(cl:subst;)/(fem;)
forehead	frente	(cl:subst;)/(fem;)
foreign	extranjero	(cl:adj;)/
forest	foresta	(cl:subst;)/(fem;)
forgive	perdonar	(cl:vb;)/
fork	tenedor	(cl:subst;)/(masc;)
form	formar	(cl:vb;)/		hoja	(cl:subst;)/(fem;)		formulario	(cl:subst;)/(masc;)
formal	formal	(cl:adj;)/
former	antiguo	(cl:adj;)/		anterior	(cl:adj;)/
forty	cuarenta	(cl:num)/(cl:num)
forward	adelante	(cl:adv;)/		adelantado	(cl:adj;)/
found	fundar	(cl:vb;)/
four	cuatro	(cl:num)/(cl:num)
fourth	cuarto	(cl:num;)/
fox	zorro	(cl:subst;)/(masc;)
france	Francia	(cl:subst;)/
free	libre	(cl:adj;)/
freedom	libertad	(cl:subst;)/(fem;)
french	francés	(cl:subst;)/		francés	(cl:adj;)/
frequent	frecuente	(cl:adj;)/
frequently	frecuentemente	(cl:adv;)/
fresh	fresco	(cl:adj;)/
friday	Viernes	(cl:subst;)/
friend	amigo	(cl:subst;)/
frog	rana	(cl:subst;)/(fem;)
from	de	(cl:prep;)/
front	frontón	(cl:subst;)/
fruit	fruta	(cl:subst;)/(fem;)
full	lleno	(cl:adj;)/
fully	completamente	(cl:adv;)/
fun	divertido	(cl:adj;)/		divertimento	(cl:subst;)/(masc;)
function	función	(cl:subst;)/(fem;)
funny	divertido	(cl:adj;)/
fur	piel	(cl:subst;)/(fem;)
furniture	muebles	(cl:subst;)/(masc;plu;)
further	más	(cl:adj;)/
future	futuro	(cl:subst;)/(masc;)
gallery	galería	(cl:subst;)/(fem;)
game	juego	(cl:subst;)/(masc;)
garbage	basura	(cl:subst;)/(fem;)
garden	jardín	(cl:subst;)/(masc;)
garlic	ajo	(cl:subst;)/(masc;)
gas	gas	(cl:subst;)/(masc;)
gate	puerta	(cl:subst;)/(fem;)
gene	gen	(cl:subst;)/(masc;)
general	general	(cl:adj;)/		general	(cl:subst;)/
generally	generalmente	(cl:adv;)/
generator	generador	(cl:subst;)/(masc;)
geneva	Ginebra	(cl:subst;)/
gentleman	caballero	(cl:subst;)/(masc;)
germany	Alemania	(cl:pron;sing;)/(sing;)
get	hacerse	(cl:vb;)/		tomar	(cl:vb;)/		obtener	(cl:vb;)/
gift	regalo	(cl:subst;)/(masc;)
giraffe	jirafa	(cl:subst;)/(fem;)
girl	niña	(cl:subst;fem;)/(fem;)
give	dar	(cl:vb;)/		presentar	(cl:vb;)/
give up	ceder	(cl:vb;)/
glass	vaso	(cl:subst;)/(masc;)		vidrio	(cl:subst;)/(masc;)
go	ir	(cl:vb;)/
go out	salir	(cl:vb;)/
goal	objeto	(cl:subst;)/(masc;)
goat	cabra	(cl:subst;)/(fem;)
god	dios	(cl:subst;)/
going	ir	(cl:vb;)/
gold	oro	(cl:subst;)/(masc;)
good	bueno	(cl:adj;)/		bien	(cl:subst;)/
goods	mercancía	(cl:subst;plu;)/(fem;)
goose	ganso	(cl:subst;)/(masc;)
government	gobierno	(cl:subst;)/(masc;)
governor	gobernador	(cl:subst;)/
gradually	poco a poco	(cl:adv;)/
grandfather	abuelo	(cl:subst;)/(masc;)
grandmother	abuela	(cl:subst;)/(fem;)
grandson	nieto	(cl:subst;)/
grape	uva	(cl:subst;)/(fem;)
grass	yerba	(cl:subst;)/(cl:vb;)
gray	gris	(cl:adj/subst;)/
great	grandioso	(cl:adj;)/
great-grandmother	bisabuela	(cl:subst;)/(fem;)
great-grandson	bisnieto	(cl:subst;)/
greater	más grande	(cl:adj;)/
greek	griego	(cl:adj;)/
green	verde	(cl:adj;)/
greeting	saludo	(cl:subst;)/(masc;)
grey	gris	(cl:adj/subst;)/
grind	moler	(cl:vb;)/
groom	tratar	(cl:vb;)/
ground	suelo	(cl:subst;)/(masc;)
group	grupo	(cl:subst;)/(masc;)		agrupar	(cl:vb;)/
grow	crecer	(cl:vb;)/
growth	aumento	(cl:subst;)/(masc;)
guarantee	garantizar	(cl:vb;)/		garantía	(cl:subst;)/(fem;)
guard	vigilar	(cl:vb;)/		guardia	(cl:subst;)/
guess	adivinar	(cl:vb;)/
guest	huésped	(cl:subst;)/
guide	guiar	(cl:vb;)/		guía	(cl:subst;)/
guitar	guitara	(cl:subst;)/(fem;)
had	tener	(cl:vb;)/		tener	(cl:vb;)/
hair	pelo	(cl:subst;)/(masc;)
half	mitad	(cl:pron;sing;)/(sing;)
hall	vestíbulo	(cl:subst;)/(masc;)
hand	mano	(cl:subst;)/(fem;)		entregar	(cl:vb;)/
hand in	entregar	(cl:vb;)/
handle	tratar	(cl:vb;)/		manivela	(cl:subst;)/(fem;)
hang	colgar	(cl:vb;)/
happen	acontecer	(cl:vb;)/		acontecer	(cl:vb;)/
happiness	felicidad	(cl:subst;)/(fem;)
happy	feliz	(cl:adj;)/
hard	duro	(cl:adj;)/
hard disk	disco duro	(cl:subst;)/(masc;)
harvest	cosecha	(cl:subst;)/(fem;)		cosechar	(cl:vb;)/
hat	sombrero	(cl:subst;)/(masc;)
hate	odiar	(cl:vb;)/
hatred	odio	(cl:subst;)/(masc;)
have	tener	(cl:vb;)/
he	él	(cl:pron;sing;masc;)/(sing;masc;)
head	cabeza	(cl:subst;)/(fem;)
health	salud	(cl:subst;sing;)/(fem;)
healthy	saludable	(cl:adj;)/
hear	oír	(cl:vb;)/
heart	corazón	(cl:subst;)/
heat	calor	(cl:subst;)/		calentar	(cl:vb;)/
heavy	pesado	(cl:adj;)/
heel	talón	(cl:subst;)/(masc;)
height	altura	(cl:subst;)/(fem;)
hell	infierno	(cl:subst;)/(masc;)
help	ayudar	(cl:vb;)/		ayuda	(cl:subst;)/(fem;)
helpful	oficioso	(cl:adj;)/
hen	gallina	(cl:subst;)/(fem;)
her	ella/la	(cl:pron;sing;fem;)/(sing;fem;)		la	(cl:pron;sing;fem;)/(sing;fem;)		su	(cl:pron;)/
here	acá	(cl:adv;)/
hidden	oculto	(cl:adj;)/
hide	esconder	(cl:vb;)/
high	alto	(cl:adj/adv;)/
higher	más alto	(cl:adj;)/
highest	más alto	(cl:adj;)/
highway	autopista	(cl:subst;)/(fem;)
hill	loma	(cl:subst;)/
him	él/lo	(cl:pron;sing;masc;)/(sing;masc;)		lo	(cl:pron;sing;masc;)/(sing;masc;)
hip	cadera	(cl:subst;)/(fem;)
hire	contratar	(cl:vb;)/
his	su	(cl:pron;)/		su	(cl:pron;)/
historic	histórico	(cl:adj;)/
historical	histórico	(cl:adj;)/
history	historia	(cl:subst;)/(fem;)
hit	golpear	(cl:vb;)/		golpe	(cl:subst;)/(masc;)
hold	tener	(cl:vb;)/		mantener	(cl:vb;)/		mantener	(cl:vb;)/		apoyo	(cl:subst;)/(masc;)
hole	agujero	(cl:subst;)/(masc;)
holy	sagrado	(cl:adj;)/
home	hogar	(cl:subst;)/(masc;)
homeland	patria	(cl:subst;)/(fem;)
honest	honesto	(cl:adj;)/
honey	miel	(cl:subst;)/(masc;)
honor	honor	(cl:subst;)/(masc;)		honrar	(cl:vb;)/
hope	esperar	(cl:vb;)/		esperanza	(cl:subst;)/(fem;)		esperar	(cl:vb;)/
horn	cuerno	(cl:subst;)/(masc;)
horse	caballo	(cl:subst;)/(masc;)
hospital	hospital	(cl:subst;)/(masc;)
host	hospedar	(cl:vb;)/
hostile	hostil	(cl:adj;)/
hot	caliente	(cl:adj;)/
hotel	hotel	(cl:subst;)/(masc;)
hour	hora	(cl:subst;)/(fem;)		hora	(cl:subst;)/(fem;)
house	casa	(cl:subst;fem;)/(fem;)
household	vivienda	(cl:subst;)/(fem;)
how	como	(cl:adv;)/
how much	cuánto	(cl:adv;)/
however	sin embargo	(cl:conj;)/
human	hombre	(cl:subst;)/(masc;)		humano	(cl:adj;)/
humane	humanitario	(cl:adj;)/
hundred	cien	(cl:num)/(cl:num)
hunger	hambre	(cl:subst;)/(fem;)
i	yo	(cl:pron;sing;)/(sing;)
ice	hielo	(cl:subst;)/(masc;)
idea	idea	(cl:subst;)/(fem;)		idea	(cl:subst;)/(fem;)
if	si	(cl:conj;)/		si	(cl:conj;)/
illegal	ilegal	(cl:adj;)/
image	imagen	(cl:subst;)/(fem;)
imagine	imaginar	(cl:vb;)/
immediate	imediato	(cl:adj;)/
immediately	inmediatamente	(cl:adv;)/
immigrant	imigrante	(cl:subst;)/
immigrate	imigrar	(cl:vb;)/
immigration	inmigración	(cl:subst;)/(fem;)
immune	inmune	(cl:adj;)/
immunity	inmunidad	(cl:subst;)/(fem;)
impact	impacto	(cl:subst;)/(masc;)
important	importante	(cl:adj;)/
impossible	imposible	(cl:adj;)/
improve	mejorar	(cl:vb;)/
in	en	(cl:prep;)/		dentro de	(cl:prep;)/		dentro	(cl:adv;)/
inch	pulgada	(cl:subst;)/(fem;)
include	incluir	(cl:vb;)/
including	incluído	(cl:adv;)/
income	ingreso	(cl:subst;)/(masc;)
increase	aumentar	(cl:vb;)/
indeed	completamente	(cl:adv;)/
independence	independencia	(cl:subst;)/(fem;)
independent	independiente	(cl:adj;)/
indian	indígena	(cl:adj;)/		indio	(cl:subst;)/
indicate	indicar	(cl:vb;)/
individual	individual	(cl:adj;)/		individuo	(cl:subst;)/		individual	(cl:adj;)/
indoor	interno	(cl:adj;)/
industrial	industrial	(cl:adj;)/
industry	industria	(cl:subst;)/(fem;)
infected	contagiado	(cl:adj;)/		infectar	(cl:vb;)/
infection	infeccíon	(cl:subst;)/(fem;)
infectious	contagioso	(cl:adj;)/
inflammation	inflamación	(cl:subst;)/(fem;)
influence	influencia	(cl:subst;)/(fem;)
information	información	(cl:subst;)/(fem;)
infrastructure	infraestructura	(cl:subst;)/(fem;)
inhabitant	habitante	(cl:subst;)/
injure	herir	(cl:vb;)/
insect	insecto	(cl:subst;)/(masc;)
inside	interior	(cl:subst;)/(masc;)		dentro	(cl:adv;)/
instance	instancia	(cl:subst;)/(fem;)
instant	instante	(cl:subst;)/(masc;)
instead	en vez de	(cl:adv;)/
institute	instituto	(cl:subst;)/(masc;)
instrument	instrumento	(cl:subst;)/(masc;)
insurance	seguro	(cl:subst;)/(masc;)
intake	entrada	(cl:subst;)/(fem;)
intelligence	inteligencia	(cl:subst;)/(fem;)
interest	interés	(cl:subst;)/		interés	(cl:subst;)/(masc;)		interés	(cl:subst;)/(masc;)
interesting	interesante	(cl:adj;)/
internal	interno	(cl:adj;)/
international	internacional	(cl:adj;)/
intestinal	intestinal	(cl:adj;)/
intestine	intestino	(cl:subst;)/(masc;)
into	en	(cl:prep;)/
introduce	presentar	(cl:vb;)/
introduction	introducción	(cl:subst;)/(fem;)
investigation	encuesta	(cl:subst;)/(fem;)
investment	inversión	(cl:subst;)/(fem;)
invisible	invisible	(cl:adj;)/
invitation	invitación	(cl:subst;)/(fem;)
involve	envolver	(cl:vb;)/
iron	hierro	(cl:subst;)/(masc;)
irritation	irritación	(cl:subst;)/(fem;)
island	isla	(cl:subst;)/(fem;)
issue	emisión	(cl:subst;)/(fem;)		promulgar	(cl:vb;)/
it	él	(cl:pron;sing;)/(sing;)		lo	(cl:pron;sing;)/(sing;)
item	ítem	(cl:subst;)/(masc;)
its	su	(cl:pron;)/
ivy	hiedra	(cl:subst;)/(fem;)
jacket	chaqueta	(cl:subst;)/(fem;)
jail	cárcel	(cl:subst;)/
january	Enero	(cl:subst;sing;)/(sing;)
jewelry	joyas	(cl:subst;)/(plu;)
job	trabajo	(cl:subst;)/(masc;)
join	juntar	(cl:vb;)/
joint	conjunto	(cl:adj;)/
joke	broma	(cl:subst;)/(fem;)
joy	alegría	(cl:subst;)/
judge	juez	(cl:subst;)/
juice	jugo	(cl:subst;)/(masc;)
july	Julio	(cl:subst;sing;)/(sing;)
jump	saltar	(cl:vb;)/
june	Junio	(cl:subst;sing;)/(sing;)
just	justo	(cl:adj/adv;)/		hace poco	(cl:adv;)/
keep	guardar	(cl:vb;)/		mantener	(cl:vb;)/
key	llave	(cl:subst;)/(fem;)		fundamental	(cl:adj;)/		tecla	(cl:subst;)/(fem;)
keyboard	teclado	(cl:subst;)/(masc;)
kidney	riñón	(cl:subst;)/(masc;)
kill	matar	(cl:vb;)/
kind	tipo	(cl:subst;)/(masc;)		amable	(cl:adj;)/		simpático	(cl:adj;)/
king	rey	(cl:subst;)/(masc;)
kiss	beso	(cl:subst;)/(masc;)
kitchen	cocina	(cl:subst;)/
kitten	cuchito	(cl:subst;)/
kitty	cuchito	(cl:subst;)/
knee	rodilla	(cl:subst;)/(fem;)
knife	cuchillo	(cl:subst;)/(masc;)
knight	caballero	(cl:subst;)/(masc;)
know	saber	(cl:vb;)/		conocer	(cl:vb;)/
knowledge	conocimiento	(cl:subst;)/(masc;)
known	conocido	(cl:adj;)/
labour	trabajo	(cl:subst;)/(masc;)
lack	falta	(cl:subst;)/
lad	muchacho	(cl:subst;)/(masc;)
ladder	escalera	(cl:subst;)/(fem;)
lady	señora	(cl:subst;fem;)/(fem;)
lake	lago	(cl:subst;)/(masc;)
lamb	carne de cordero	(cl:subst;)/		cordero	(cl:subst;)/
lamp	bombilla	(cl:subst;)/(fem;)
land	tierra	(cl:subst;)/(fem;)		desembarcar	(cl:vb;)/
language	lengua	(cl:subst;)/(fem;)		lengua	(cl:subst;)/(fem;)
large	grande	(cl:adj;)/
last	durar	(cl:vb;)/		tardar	(cl:vb;)/		último	(cl:num;)/
late	atrasado	(cl:adj;)/
later	más tarde	(cl:adv;)/
laugh	reír	(cl:vb;)/
laughter	risa	(cl:subst;)/(fem;)
laundry	lavadero	(cl:subst;)/(masc;)
law	ley	(cl:subst;)/
lawyer	abogado	(cl:subst;)/
lay	poner	(cl:vb;)/
lazy	perezoso	(cl:adj;)/
lead	guiar	(cl:vb;)/		plomo	(cl:subst;)/(masc;)
leader	guía	(cl:subst;)/
leaf	hoja	(cl:subst;)/(fem;)
league	liga	(cl:subst;)/(fem;)
learn	aprender	(cl:vb;)/
least	menor	(cl:adj;)/
leather	cuero	(cl:subst;)/(masc;)
leave	dejar	(cl:vb;)/		permiso	(cl:subst;)/
left	izquierdo	(cl:adj;)/		izquierda	(cl:subst;)/(fem;)
leg	pierna	(cl:subst;)/(fem;)
legal	legal	(cl:adj;)/
lemon	limón	(cl:subst;)/(masc;)
length	longitud	(cl:subst;)/
less	menos	(cl:adv;)/
lesson	lección	(cl:subst;)/(fem;)
let	dejar	(cl:vb;)/
letter	carta	(cl:subst;)/(fem;)
level	nivel	(cl:subst;)/(masc;)
liberal	liberal	(cl:adj;)/
library	biblioteca	(cl:subst;)/(fem;)
lid	tápa	(cl:subst;)/
lie	mentir	(cl:vb;)/		mentira	(cl:subst;)/(fem;)
life	vida	(cl:subst;)/(fem;)
lift	ascensor	(cl:subst;)/(masc;)
light	luz	(cl:subst;)/(fem;)		ligero	(cl:adj;)/		encender	(cl:vb;)/		ligero	(cl:adj;)/
lighter	encendedor	(cl:subst;)/(masc;)
lightning	relámpago	(cl:subst;)/(masc;)
like	gustar	(cl:vb;)/		semejante	(cl:conj;)/
likely	probablemente	(cl:adv;)/		probable	(cl:adj;)/
limit	limitar	(cl:vb;)/		límite	(cl:subst;)/(masc;)
line	vía	(cl:subst;)/(fem;)
lion	león	(cl:subst;)/(masc;)
lip	labio	(cl:subst;)/(masc;)
list	listar	(cl:vb;)/		lista	(cl:subst;)/(fem;)
listen	escuchar	(cl:vb;)/
liter	litro	(cl:subst;)/(masc;)
litter	basura	(cl:subst;)/(fem;)
little	pequeño	(cl:adj;)/		poco	(cl:pron;sing;)/(sing;)		poco	(cl:adv;)/
live	vivir	(cl:vb;)/		vivir	(cl:vb;)/
liver	hígado	(cl:subst;)/(masc;)
local	local	(cl:adj;)/
location	posición	(cl:subst;)/(fem;)
log	anotar	(cl:vb;)/		tronco	(cl:subst;)/(masc;)
london	Londres	(cl:pron;sing;)/(sing;)
long	largo	(cl:adj;)/
look	parecer	(cl:vb;)/
look at	mirar	(cl:vb;)/
look for	buscar	(cl:vb;)/
look like	parecer	(cl:vb;)/
lord	señor	(cl:subst;)/(masc;)
lose	perder	(cl:vb;)/		perder	(cl:vb;)/
loss	perdida	(cl:subst;)/(fem;)
lost	perdido	(cl:adj;)/
lot	mucho	(cl:adv;)/
love	amar	(cl:vb;)/		amor	(cl:subst;)/(masc;)
low	bajo	(cl:adj/adv;)/
lower	más bajo	(cl:adj;)/
luck	suerte	(cl:subst;)/(fem;)
lunch	almuerzo	(cl:subst;)/(masc;)
lung	pulmón	(cl:subst;)/(masc;)
machine	máquina	(cl:subst;)/(fem;)
magazine	revista	(cl:subst;)/(fem;)
maid	criada	(cl:subst;)/(fem;)
mail	enviar	(cl:vb;)/		correo	(cl:subst;)/(masc;)
mailbox	buzón	(cl:subst;)/
main	principal	(cl:adj;)/
maintain	mantener	(cl:vb;)/
major	mayor	(cl:subst;)/		principal	(cl:adj;)/
majority	mayoría	(cl:subst;)/(fem;)
make	hacer	(cl:vb;)/
male	macho	(cl:adj;)/
mammal	mamífero	(cl:subst;)/(masc;)
man	hombre	(cl:subst;)/(masc;)
manage	administrar	(cl:vb;)/
management	administración	(cl:subst;)/(fem;)
manager	gerente	(cl:subst;)/
mankind	humanidad	(cl:subst;)/(fem;)
many	muchos	(cl:pron;plu;)/(plu;)
map	mapa	(cl:subst;)/(masc;)
marble	mármol	(cl:subst;)/(masc;)
march	marchar	(cl:vb;)/		marcha	(cl:subst;)/(fem;)		Marzo	(cl:subst;sing;)/(sing;)
mark	marcar	(cl:vb;)/		marca	(cl:subst;)/(fem;)
market	mercado	(cl:subst;)/(masc;)
marking	marca	(cl:subst;)/(fem;)
marmelade	mermelada	(cl:subst;)/(fem;)
married	casado	(cl:adj;)/
marry	casarse	(cl:vb;)/
mass	masa	(cl:subst;)/(fem;)
match	fósforo	(cl:subst;)/(masc;)
material	material	(cl:adj;)/
matter	importar	(cl:vb;)/		materia	(cl:subst;)/(fem;)
may	poder	(cl:vb;)/		Mayo	(cl:subst;)/		poder	(cl:vb;)/
mayor	alcade	(cl:subst;)/
me	mí	(cl:pron;sing;)/(sing;)
meadow	prado	(cl:subst;)/(masc;)
mean	significar	(cl:vb;)/		vil	(cl:adj;)/
means	medios	(cl:subst;)/
measure	medida	(cl:subst;)/(fem;)		medir	(cl:vb;)/		medir	(cl:vb;)/
meat	carne	(cl:subst;)/(fem;)
medical	médico	(cl:adj;)/
medicine	medicamento	(cl:subst;)/(masc;)
mediterranean	mediterráneo	(cl:adj;)/
meet	encontrar	(cl:vb;)/
meeting	reunión	(cl:subst;)/(fem;)
member	miembro	(cl:subst;)/(masc;)
memorial	monumento	(cl:subst;)/(masc;)
memory	recuerdo	(cl:subst;)/(masc;)
mention	mencionar	(cl:vb;)/
menu	menú	(cl:subst;)/(masc;)
message	mensaje	(cl:subst;)/
metal	metal	(cl:subst;)/(masc;)
method	método	(cl:subst;)/(masc;)
mexico	México	(cl:pron;sing;)/(sing;)
middle	medio	(cl:subst;)/(masc;)
midnight	media noche	(cl:subst;)/
might	poder	(cl:vb;)/
mild	suave	(cl:adj;)/
mile	milla	(cl:subst;)/(fem;)
military	militar	(cl:subst;)/(masc;)		militar	(cl:adj;)/
milk	leche	(cl:subst;)/(fem;)
million	millón	(cl:num;)/
mind	mente	(cl:subst;)/(fem;)
minimize	minimizar	(cl:vb;)/
minister	ministro	(cl:subst;)/
minority	minoría	(cl:subst;)/(fem;)
minute	minuto	(cl:subst;)/(masc;)
miracle	milagro	(cl:subst;)/(masc;)
mirror	espejo	(cl:subst;)/(masc;)
miss	perder	(cl:vb;)/
mission	misión	(cl:subst;)/(fem;)
modern	moderno	(cl:adj;)/
modify	modificar	(cl:vb;)/
monday	Lunes	(cl:subst;)/
money	dinero	(cl:subst;)/(masc;)		moneda	(cl:subst;)/(fem;)
monkey	mono	(cl:subst;)/
month	mes	(cl:subst;)/(masc;)
monthly	mensualmente	(cl:adv;)/
moon	luna	(cl:subst;)/(fem;)
moral	moral	(cl:adj;)/
more	más	(cl:pron;)/		más	(cl:adv;)/
morning	mañana	(cl:subst;)/(fem;)
most	la mayoría de	(cl:pron;)/		más	(cl:adv;)/
mother	madre	(cl:subst;)/(fem;)
motorcycle	motocicleta	(cl:vb;)/(cl:subst;fem;)
mount	monte	(cl:subst;)/(masc;)
mountain	montaña	(cl:subst;)/(fem;)
mouse	ratón	(cl:subst;)/(masc;)
mouth	boca	(cl:subst;)/(fem;)
move	mover	(cl:vb;)/
movement	movimiento	(cl:subst;)/(masc;)
much	mucho	(cl:adv;)/		mucho	(cl:art;sing;)/(cl:adv;)
murderer	asesino	(cl:subst;)/
muscle	músculo	(cl:subst;)/(masc;)
museum	museo	(cl:subst;)/(masc;)
mushroom	seta	(cl:subst;)/
music	música	(cl:subst;)/(fem;)		música	(cl:subst;)/(fem;)
must	deber	(cl:vb;)/
mustard	mostaza	(cl:subst;)/(fem;)
my	mi	(cl:pron;)/
mystery	misterio	(cl:subst;)/(masc;)
nail	uña	(cl:subst;)/(fem;)		clavo	(cl:subst;)/(masc;)
name	nombre	(cl:subst;)/(masc;)		llamar	(cl:vb;)/
nation	pueblo	(cl:subst;)/(masc;)		pueblo	(cl:subst;)/(masc;)
national	nacional	(cl:adj;)/
native	nativo	(cl:adj;)/
natural	natural	(cl:adj;)/
naturally	naturalmente	(cl:adv;)/
nature	naturaleza	(cl:subst;)/(fem;)
near	cerca de	(cl:prep;)/		cerca de	(cl:adv;)/(cl:prep;)
nearly	casi	(cl:adv;)/
necessary	necesario	(cl:adj;)/
necessity	necesidad	(cl:subst;)/(fem;)
neck	cuello	(cl:subst;)/(masc;)
need	necesitar	(cl:vb;)/		necesidad	(cl:subst;)/(fem;)		necesidad	(cl:subst;)/(fem;)		necesitar	(cl:vb;)/
negotiate	negociar	(cl:vb;)/
negro	negro	(cl:adj;)/
neighbor	vecino	(cl:subst;)/
neither	ni			 ni	(cl:conj;neither ..nor ....)/
nephew	sobrino	(cl:subst;)/(masc;)
net	red	(cl:subst;)/(fem;)
network	red	(cl:subst;)/(fem;)
neuter	neutro	(cl:adj/subst;)/
never	nunca	(cl:adv;)/
new	nuevo	(cl:adj;)/
news	noticias	(cl:subst;)/(fem;plu;)
newspaper	periódico	(cl:subst;)/(masc;)
next	próximo	(cl:adj;)/
niece	sobrina	(cl:subst;)/(fem;)
night	noche	(cl:subst;)/(fem;)
nine	nueve	(cl:num)/(cl:num)
ninety	noventa	(cl:num)/(cl:num)
no	no	(cl:adv;)/
nobody	nadie	(cl:pron;)/
noise	ruido	(cl:subst;)/(masc;)
none	ninguno	(cl:pron;sing;)/(sing;)
nor	ni	(cl:conj;)/
normal	normal	(cl:adj;)/
normally	normalmente	(cl:adv;)/
north	norte	(cl:subst;)/(masc;)
nose	nariz	(cl:subst;)/(masc;)
not	no	(cl:adv;)/
note	nota	(cl:subst;)/(fem;)		nota	(cl:subst;)/(fem;)
nothing	nada	(cl:pron;sing;)/(sing;)
notice	aviso	(cl:subst;)/(masc;)
november	Noviembre	(cl:pron;sing;)/(sing;)
now	ahora	(cl:adv;)/		actualmente	(cl:adv;)/
number	número	(cl:subst;)/(masc;)		número	(cl:subst;)/(masc;)
nut	nuez	(cl:subst;)/(fem;)
nutrition	dieta	(cl:subst;)/(fem;)
observation	observación	(cl:subst;)/(fem;)
obstruction	obstrucción	(cl:subst;)/(fem;)
obtain	obtener	(cl:vb;)/
obviously	evidentemente	(cl:adv;)/
occupation	ocupación	(cl:subst;)/(fem;)
occur	ocurrir	(cl:vb;)/
ocean	oceano	(cl:subst;)/(masc;)
october	Octubre	(cl:pron;sing;)/(sing;)
odor	olor	(cl:subst;)/(masc;)
of	de	(cl:prep;)/
off	apartado de	(cl:prep;)/		fuera	(cl:adv;)/
offer	oferta	(cl:subst;)/(fem;)		ofrecer	(cl:vb;)/
office	oficina	(cl:subst;)/
official	oficial	(cl:adj;)/		funcionario	(cl:subst;)/
often	frecuentemente	(cl:adv;)/
oil	aceite	(cl:subst;)/(masc;)
old	viejo	(cl:adj;)/
older	más viejo	(cl:adj;)/
oldest	más viejo	(cl:adj;)/
olive oil	aceite	(cl:subst;)/(masc;)
on	en	(cl:prep;)/
once	una vez	(cl:conj;)/
one	uno	(cl:num;sing;)/(cl:art;sing;)		uno	(cl:num)/(cl:num)
onion	cebolla	(cl:subst;)/(fem;)
only	solamente	(cl:adv;)/		único	(cl:num;)/
open	abrir	(cl:vb;)/		abierto	(cl:adj;)/		abrir	(cl:vb;)/
operate	operar	(cl:vb;)/
operation	operación	(cl:subst;)/(fem;)
opinion	opinión	(cl:subst;)/(fem;)
opportunity	oportunidad	(cl:subst;)/(fem;)
opposition	oposición	(cl:subst;)/(fem;)
or	o	(cl:conj;)/
orange	naranja	(cl:adj;)/		naranja	(cl:subst;)/(fem;)
order	ordenar	(cl:vb;)/		orden	(cl:subst;)/(fem;)		pedir	(cl:vb;)/
ordinary	común	(cl:adj;)/
organization	organización	(cl:subst;)/(fem;)
origin	origen	(cl:subst;)/(fem;)
original	original	(cl:adj;)/
other	otro	(cl:pron;)/		otro	(cl:adj;)/
our	nuestro	(cl:pron;)/
out	fuera	(cl:adv;)/
outlet	enchufe	(cl:subst;)/(masc;)
outside	fuera	(cl:adv;)/		externo	(cl:adj;)/
over	sobre	(cl:prep;)/		acabado	(cl:adv;)/
owl	búho	(cl:subst;)/
own	poseer	(cl:vb;)/		propio	(cl:adj;)/		propio	(cl:adj;)/
owner	propietario	(cl:subst;)/
package	paquete	(cl:subst;)/
page	página	(cl:subst;)/(fem;)
pain	dolor	(cl:subst;)/
paint	pintar	(cl:vb;)/
pair	par	(cl:subst;)/
paper	papel	(cl:subst;)/(masc;)
par	medio	(cl:subst;)/
parasite	parásito	(cl:subst;)/(masc;)
pardon	perdón	(cl:subst;)/(masc;)
park	parque	(cl:subst;)/(masc;)		aparcar	(cl:vb;)/
parliament	parlamento	(cl:subst;)/(masc;)
part	parte	(cl:subst;)/(fem;)		apartar	(cl:vb;)/
partial	parcial	(cl:adj;)/
particular	particular	(cl:adj;)/
partner	compañero	(cl:subst;)/
party	partido	(cl:subst;)/(masc;)		fiesta	(cl:subst;)/(fem;)
pass	pasar	(cl:vb;)/		billete	(cl:subst;)/(masc;)
passenger	pasajero	(cl:subst;)/
passport	pasaporte	(cl:subst;)/(masc;)
past	pasado	(cl:subst;)/(masc;)
patch	remendar	(cl:vb;)/
path	sendero	(cl:subst;)/(masc;)
patience	paciencia	(cl:subst;)/(fem;)
paw	pata	(cl:subst;)/(fem;)
pay	pagar	(cl:vb;)/		pagar	(cl:vb;)/
payment	pago	(cl:subst;)/(masc;)
peace	paz	(cl:subst;)/(fem;)
pearl	perla	(cl:subst;)/(fem;)
pen	pluma	(cl:subst;)/(fem;)
people	persona	(cl:subst;plu;)/(fem;plu;)		pueblo	(cl:subst;plu;)/(masc;)		pueblo	(cl:subst;)/(masc;)
per	por	(cl:prep;)/
percent	porciento	(cl:subst;)/
perfect	perfecto	(cl:adj;)/
perhaps	quizá	(cl:adv;)/
period	período	(cl:subst;)/
peritonitis	peritonitis	(cl:subst;)/(fem;)
permanent	permanente	(cl:adj;)/
permission	permiso	(cl:subst;)/(masc;)		permiso	(cl:subst;)/(masc;)
permit	permiso	(cl:subst;)/(masc;)
person	persona	(cl:subst;)/(fem;)		persona	(cl:subst;)/(fem;)
personal	personal	(cl:adj;)/
personality	personalidad	(cl:subst;)/(fem;)
pet	animal de compañía	(cl:subst;)/		acariciar	(cl:vb;)/
petroleum	petróleo	(cl:subst;)/(masc;)
pharmacy	farmacia	(cl:subst;)/(fem;)
phenomenon	fenómeno	(cl:subst;)/(masc;)
phone	teléfono	(cl:subst;)/(masc;)		telefonar	(cl:vb;)/
phrase	frase	(cl:subst;)/(fem;)
physical	físico	(cl:adj;)/
physics	física	(cl:subst;)/(fem;)
pick	elegir	(cl:vb;)/
piece	pieza	(cl:subst;)/(fem;)
piece of land	tierra	(cl:subst;)/(fem;)
pig	cerdo	(cl:subst;)/(masc;)
pill	píldora	(cl:subst;)/(fem;)
pink	rosa	(cl:adj;)/
pioneer	innovador	(cl:adj;)/
place	sitio	(cl:subst;)/(masc;)		lugar	(cl:subst;)/(masc;)		colocar	(cl:vb;)/		colocar	(cl:vb;)/
plain	llanura	(cl:subst;)/		claro	(cl:adj;)/
plan	proyectar	(cl:vb;)/		plano	(cl:subst;)/(masc;)
plane	avión	(cl:subst;)/(masc;)
plant	plantar	(cl:vb;)/		planta	(cl:subst;)/(fem;)
plaque	placa	(cl:subst;)/(fem;)
plastic	plástico	(cl:subst;)/(masc;)		plástico	(cl:subst;)/(masc;)
play	jugar	(cl:vb;)/		jugar	(cl:vb;)/		pieza	(cl:subst;)/(fem;)		tocar	(cl:vb;)/
please	agradar	(cl:vb;)/		agradar	(cl:vb;)/		por favor	(cl:interj;)/
plenty	bastante	(cl:adv;)/		abundante	(cl:adj;)/
plus	más	(cl:prep;)/		adicional	(cl:adj;)/
point	punto	(cl:subst;)/(masc;)		indicar	(cl:vb;)/
poison	veneno	(cl:subst;)/(masc;)		envenenar	(cl:vb;)/
policeman	guardia	(cl:subst;)/
policy	política	(cl:subst;)/(fem;)
political	político	(cl:adj;)/
politics	política	(cl:subst;sing;)/(fem;)
poor	pobre	(cl:adj;)/
popular	popular	(cl:adj;)/
population	población	(cl:subst;)/(fem;)
pork	carne de cerdo	(cl:subst;)/
port	puerto	(cl:subst;)/(masc;)
position	posición	(cl:subst;)/(fem;)		posición	(cl:subst;)/(fem;)		posición	(cl:subst;)/(fem;)
positive	positivo	(cl:adj;)/
possible	posible	(cl:adj;)/
possibly	quizás	(cl:adv;)/
post	puesto	(cl:subst;)/(masc;)
postcard	tarjeta postal	(cl:subst;)/
potato	patata	(cl:subst;)/(fem;)
potential	potencial	(cl:adj;)/
pound	libra	(cl:subst;)/(fem;)
pour	derramar	(cl:vb;)/
power	poder	(cl:subst;)/(masc;)		poder	(cl:subst;)/(masc;)
powerful	poderoso	(cl:adj;)/
practice	practicar	(cl:vb;)/
prayer	oración	(cl:subst;)/(fem;)
predict	predecir	(cl:vb;)/
prefer	preferir	(cl:vb;)/
pregnant	embarazada	(cl:adj;)/
premier	primero	(cl:adj;)/
preparation	preparación	(cl:subst;)/(fem;)
prepare	preparar	(cl:vb;)/
present	presente	(cl:adj;)/		regalo	(cl:subst;)/(masc;)		presentar	(cl:vb;)/
preserve	conservar	(cl:vb;)/
president	presidente	(cl:subst;)/
press	presionar	(cl:vb;)/		prensa	(cl:subst;)/(fem;)
pretty	lindo	(cl:adj;)/
prevent	prevenir	(cl:vb;)/		prevenir	(cl:vb;)/
previous	pasado	(cl:adj;)/
previously	anteriormente	(cl:adv;)/
price	precio	(cl:subst;)/(masc;)
priest	preste	(cl:subst;)/(masc;)
prince	príncipe	(cl:subst;)/(masc;)
princess	princesa	(cl:subst;)/(fem;)
principle	principio	(cl:subst;)/(masc;)
print	imprimir	(cl:vb;)/
prior	anterior	(cl:adj;)/		antes	(cl:adv;)/
private	particular	(cl:adj;)/		soldado	(cl:subst;)/
prize	premio	(cl:subst;)/(masc;)
probably	probablemente	(cl:adv;)/
problem	problema	(cl:subst;)/(masc;)
procedure	procedimiento	(cl:subst;)/(masc;)
process	juicio	(cl:subst;)/(masc;)
produce	producir	(cl:vb;)/
product	producto	(cl:subst;)/(masc;)
production	producción	(cl:subst;)/(fem;)
profession	profesión	(cl:subst;)/(fem;)
professional	profesional	(cl:adj;)/
profit	lucrar	(cl:vb;)/		lucro	(cl:subst;)/(masc;)
program	programa	(cl:subst;)/(masc;)		programar	(cl:vb;)/		programa	(cl:subst;)/(masc;)
project	proyecto	(cl:subst;)/(masc;)
proof	probar	(cl:vb;)/		prueba	(cl:subst;)/(fem;)		prueba	(cl:subst;)/(fem;)
proper	conveniente	(cl:adj;)/
prophet	profeta	(cl:subst;)/
proportion	proporción	(cl:subst;)/(fem;)
proposal	propuesta	(cl:subst;)/(fem;)
protect	proteger	(cl:vb;)/
protein	proteína	(cl:subst;)/(fem;)
protocol	protocolo	(cl:subst;)/(masc;)
proud	orgulloso	(cl:adj;)/
provide	proporcionar	(cl:vb;)/
provided	si	(cl:conj;)/
province	provincia	(cl:subst;)/(fem;)
provincial	provinciano	(cl:adj;)/
public	público	(cl:adj;)/		público	(cl:subst;)/(masc;)
publication	publicación	(cl:subst;)/(fem;)
publish	publicar	(cl:vb;)/
publisher	editor	(cl:subst;)/
pull	tirar	(cl:vb;)/
purchase	adquirir	(cl:vb;)/
purpose	propósito	(cl:subst;)/(masc;)
put	poner	(cl:vb;)/		colocar	(cl:vb;)/
quarter	cuarto	(cl:num;)/(cl:subst;masc;)
queen	reina	(cl:subst;)/(fem;)
question	pregunta	(cl:subst;)/(fem;)		cuestión	(cl:subst;)/(fem;)
quickly	deprisa	(cl:adv;)/
quiet	silencioso	(cl:adj;)/
quite	bien	(cl:adv;)/
quote	citar	(cl:vb;)/
rabbit	conejo	(cl:subst;)/
rabies	hidrofobia	(cl:subst;)/(fem;)
radiation	radiación	(cl:subst;)/(fem;)
radio	radio	(cl:subst;)/(masc;)
rain	llover	(cl:vb;)/		lluvia	(cl:subst;)/(fem;)
rainbow	arco iris	(cl:subst;)/
range	alcance	(cl:subst;)/
rare	raro	(cl:adj;)/
rat	rata	(cl:subst;)/(fem;)
rate	tasar	(cl:vb;)/		tasa	(cl:subst;)/(fem;)
rather	bastante	(cl:adv;)/
raven	cuervo	(cl:subst;)/(masc;)
raw	crudo	(cl:adj;)/
razor	hoja	(cl:subst;)/(fem;)
reach	llegar	(cl:vb;)/		alcanzar	(cl:vb;)/		llegar	(cl:vb;)/
reaction	reacción	(cl:subst;)/(fem;)
read	leer	(cl:vb;)/
reader	lector	(cl:subst;)/
ready	listo	(cl:adj;)/
real	real	(cl:adj;)/
reality	realidad	(cl:subst;)/(fem;)
really	realmente	(cl:adv;)/
reason	razón	(cl:subst;)/(fem;)		razón	(cl:subst;)/(fem;)
receive	recibir	(cl:vb;)/
recent	reciente	(cl:adj;)/
recently	recientemente	(cl:adv;)/
recipe	receta	(cl:subst;)/(fem;)
recognize	reconocer	(cl:vb;)/
recommend	recomendar	(cl:vb;)/
recommendation	recomendación	(cl:subst;)/(fem;)
reconnaissance	reconocimiento	(cl:subst;)/(masc;)
record	registrar	(cl:vb;)/		registro	(cl:subst;)/
red	rojo	(cl:adj;)/
reduce	reducir	(cl:vb;)/
reference	referencia	(cl:subst;)/(fem;)
reform	reformar	(cl:vb;)/		reforma	(cl:subst;)/(fem;)
refrigerator	nevera	(cl:subst;)/(fem;)
refuse	rechazar	(cl:vb;)/
regard	considerar	(cl:vb;)/		consideración	(cl:subst;)/
region	región	(cl:subst;)/(fem;)
regular	regular	(cl:adj;)/
regularly	regularmente	(cl:adv;)/
relation	relación	(cl:subst;)/(fem;)
relative	pariente	(cl:subst;)/
release	dejar	(cl:vb;)/
religion	religión	(cl:subst;)/(fem;)
religious	religioso	(cl:adj;)/
remain	quedarse	(cl:vb;)/		restar	(cl:vb;)/
remark	observación	(cl:subst;)/(fem;)
remember	recordar	(cl:vb;)/		recordar	(cl:vb;)/
remote	remoto	(cl:adj;)/
remove	quitar	(cl:vb;)/
rent	alquilar	(cl:vb;)/		alquilar	(cl:vb;)/
rental	alquiler	(cl:subst;)/
repeat	repetir	(cl:vb;)/
replace	substituir	(cl:vb;)/
report	publicación	(cl:subst;)/		informar	(cl:vb;)/
representative	representante	(cl:subst;)/
republic	república	(cl:subst;)/(fem;)
request	solicitar	(cl:vb;)/		pedido	(cl:subst;)/(masc;)
require	necesitar	(cl:vb;)/		requerir	(cl:vb;)/
requirement	exigencia	(cl:subst;)/(fem;)
research	pesquisa	(cl:subst;)/(fem;)		pesquisar	(cl:vb;)/
reservation	reserva	(cl:subst;)/(fem;)
residence	residencia	(cl:subst;)/(fem;)
resident	residente	(cl:adj/subst;)/
resolution	resolución	(cl:subst;)/(fem;)
resources	medios	(cl:subst;)/
respect	respeto	(cl:subst;)/(masc;)		respetar	(cl:vb;)/
respiratory	respiratorio	(cl:adj;)/
response	respuesta	(cl:subst;)/(fem;)
responsibility	responsabilidad	(cl:subst;)/(fem;)
responsible	responsable	(cl:adj;)/
rest	descansar	(cl:vb;)/		descanso	(cl:subst;)/(masc;)
restaurant	restaurante	(cl:subst;)/(masc;)
result	resultado	(cl:subst;)/(masc;)		arrojar	(cl:vb;)/
return	retornar	(cl:vb;)/
reveal	revelar	(cl:vb;)/
revenue	ingreso	(cl:subst;)/(masc;)
rice	arroz	(cl:subst;incont)/(incont)
rich	rico	(cl:adj;)/
ride	paseo	(cl:subst;)/(masc;)		conducir	(cl:vb;)/
right	correcto	(cl:adj;)/		derecho	(cl:subst;)/
right now	ahora	(cl:adv;)/
ring	anillo	(cl:subst;)/		tocar	(cl:vb;)/
rise	subir	(cl:vb;)/
risk	riesgo	(cl:subst;)/(masc;)		arriesgar	(cl:vb;)/
river	río	(cl:subst;)/(masc;)
road	carretera	(cl:subst;)/(fem;)
rock	balancear	(cl:vb;)/		roca	(cl:subst;)/(fem;)
role	papel	(cl:subst;)/(masc;)
roll	rodar	(cl:vb;)/
roof	tejado	(cl:subst;)/(masc;)
room	cuarto	(cl:subst;)/(masc;)		espacio	(cl:subst;)/(masc;)		sala	(cl:subst;)/(fem;)
root	raíz	(cl:subst;)/(fem;)
rope	cuerda	(cl:subst;)/(fem;)
rotten	podrido	(cl:adj;)/
round	redondo	(cl:adj;)/
route	ruta	(cl:subst;)/(fem;)
royal	real	(cl:adj;)/
rule	gobernar	(cl:vb;)/		regla	(cl:subst;)/(fem;)
run	correr	(cl:vb;)/		correr	(cl:vb;)/
sad	triste	(cl:adj;)/
safe	seguro	(cl:adj;)/
safety	seguridad	(cl:subst;)/
saint	santo	(cl:subst;)/
salad	ensalada	(cl:subst;)/(fem;)
salesperson	vendedor	(cl:subst;)/
saliva	saliva	(cl:subst;)/(fem;)
salmon	salmón	(cl:subst;)/(masc;)
salt	sal	(cl:subst;)/(masc;)
salty	salado	(cl:adj;)/
same	mismo	(cl:adj;)/
sample	probar	(cl:vb;)/		muestra	(cl:subst;)/(fem;)
sand	arena	(cl:subst;)/(fem;)
satisfaction	satisfacción	(cl:subst;)/(fem;)
satisfied	satisfecho	(cl:adj;)/
save	salvar	(cl:vb;)/		guardar	(cl:vb;)/
saw	sierra	(cl:subst;)/(fem;)
say	decir	(cl:vb;)/
scale	escalar	(cl:vb;)/		escama	(cl:subst;)/(fem;)
schedule	programa	(cl:subst;)/(masc;)
school	escuela	(cl:subst;)/(fem;)
science	ciencia	(cl:subst;)/(fem;)
scientific	científico	(cl:adj;)/
scientist	científico	(cl:subst;)/		científico	(cl:subst;)/
scissors	tijeras	(cl:subst;)/(fem;plu;)
scratch	arañar	(cl:vb;)/
sculpture	escultura	(cl:subst;)/(fem;)
sea	mar	(cl:subst;)/(masc;)
search	busqueda	(cl:subst;)/(fem;)		buscar	(cl:vb;)/
season	estación	(cl:subst;)/(fem;)		estación	(cl:subst;)/(fem;)
seat	asiento	(cl:subst;)/(masc;)
second	segundo	(cl:num;)/
secrecy	secreto	(cl:subst;)/(masc;)
secret	secreto	(cl:adj;)/		secreto	(cl:subst;)/(masc;)
section	sección	(cl:subst;)/(fem;)
secure	fijar	(cl:vb;)/
security	seguridad	(cl:subst;)/(fem;)
see	ver	(cl:vb;)/
seed	semilla	(cl:subst;)/(fem;)
seem	parecer	(cl:vb;)/
selection	selección	(cl:subst;)/(fem;)
sell	vender	(cl:vb;)/
senate	senado	(cl:subst;)/(masc;)
send	enviar	(cl:vb;)/		enviar	(cl:vb;)/
sense	sentir	(cl:vb;)/		inteligencia	(cl:subst;)/		sentido	(cl:subst;)/
sentence	sentencia	(cl:subst;)/(fem;)
separate	separar	(cl:vb;)/		separado	(cl:adj;)/
september	Septiembre	(cl:subst;)/
series	serie	(cl:subst;sing;)/(fem;)
serious	serio	(cl:adj;)/
serve	servir	(cl:vb;)/
service	servicio	(cl:subst;)/(masc;)		servicio	(cl:subst;)/(masc;)
session	sesión	(cl:subst;)/(fem;)
set	juego	(cl:subst;)/(masc;)
seven	siete	(cl:num)/(cl:num)
seventy	setenta	(cl:num)/(cl:num)
several	varios	(cl:art;plu;)/(plu;)
severe	severo	(cl:adj;)/
shall	deber	(cl:vb;)/
share	acción	(cl:subst;)/(fem;)		compartir	(cl:vb;)/		parte	(cl:subst;)/
shark	tiburón	(cl:subst;)/(masc;)
sharp	afilado	(cl:adj;)/
she	ella	(cl:pron;sing;fem;)/(sing;fem;)
shed	derramar	(cl:vb;)/		granero	(cl:subst;)/
sheep	carnero	(cl:subst;)/(masc;)
shelter	abrigar	(cl:vb;)/		abrigo	(cl:subst;)/(masc;)
shine	brillar	(cl:vb;)/
ship	navío	(cl:subst;)/(masc;)		enviar	(cl:vb;)/
shipwreck	naufragio	(cl:subst;)/(masc;)
shirt	falda	(cl:subst;)/(fem;)
shoe	zapato	(cl:subst;)/(masc;)
shoot	tirar	(cl:vb;)/
shop	hacer las compras	(cl:vb;)/
short	corto	(cl:adj;)/
should	deber	(cl:vb;)/
shoulder	hombro	(cl:subst;)/(masc;)
show	mostrar	(cl:vb;)/		demostración	(cl:subst;)/(fem;)
shower	tomar ducha	(cl:vb;)/
shrimp	gamba	(cl:subst;)/(fem;)
sick	enfermo	(cl:adj;)/
sickness	enfermedad	(cl:subst;)/(fem;)
side	lado	(cl:subst;)/(masc;)
sign	firmar	(cl:vb;)/		señal	(cl:subst;)/(masc;)
silk	seda	(cl:subst;)/(fem;)
silver	plata	(cl:subst;)/(fem;)
similar	semejante	(cl:adj;)/
simple	sencillo	(cl:adj;)/
simply	sencillamente	(cl:adv;)/
since	desde	(cl:prep/adv/conj;)/
sing	cantar	(cl:vb;)/
single	único	(cl:num;)/		soltero	(cl:adj;)/
sink	fregadero	(cl:subst;)/(masc;)		bucear	(cl:vb;)/
sir	señor	(cl:subst;)/(masc;)
sister	hermana	(cl:subst;)/(fem;)
sit	sentar	(cl:vb;)/
site	sitio	(cl:subst;)/(masc;)
situation	situación	(cl:subst;)/(fem;)
six	seis	(cl:num)/(cl:num)
sixty	sesenta	(cl:num)/(cl:num)
size	tamaño	(cl:subst;)/(masc;)
skin	piel	(cl:subst;)/(fem;)
sky	cielo	(cl:subst;)/(masc;)
slave	esclavo	(cl:subst;)/
sleep	dormir	(cl:vb;)/
slow	despacio	(cl:adj;)/
small	pequeño	(cl:adj;)/
smell	olor	(cl:subst;)/(masc;)		oler	(cl:vb;)/
smile	sonreír	(cl:vb;)/
smoke	humo	(cl:subst;)/(masc;)
snack	merienda	(cl:subst;)/(fem;)
snake	serpiente	(cl:subst;)/(fem;)		cobra	(cl:subst;)/(fem;)
snow	nevar	(cl:vb;)/		nieve	(cl:subst;)/(fem;)
so	tan	(cl:adv;)/
soap	jabón	(cl:subst;)/(masc;)
soccer	fútbol	(cl:subst;)/(masc;)
social	social	(cl:adj;)/
socialist	socialista	(cl:adj;)/
society	sociedad	(cl:subst;)/(fem;)
sofa	sofá	(cl:subst;)/(masc;)
soft	tierno	(cl:adj;)/
solid	sólido	(cl:adj;)/
solution	solución	(cl:subst;)/(fem;)
solve	resolver	(cl:vb;)/
some	algún	(cl:pron;)/
somebody	alguien	(cl:pron;sing;)/(sing;)
someone	alguien	(cl:pron;sing;)/(sing;)
something	algo	(cl:pron;sing;)/(sing;)		algo	(cl:pron;sing;)/(sing;)
sometimes	a veces	(cl:adv;)/
son	hijo	(cl:subst;masc;)/(masc;)
song	canción	(cl:subst;)/(fem;)
soon	pronto	(cl:adv;)/
sort	classificar	(cl:vb;)/		clase	(cl:subst;)/
soul	alma	(cl:subst;)/(fem;)
sound	sonido	(cl:subst;)/(masc;)		profundamente	(cl:adv;)/
soup	sopa	(cl:subst;)/(fem;)
sour	agrio	(cl:adj;)/
source	fuente	(cl:subst;)/(fem;)
south	sur/sud	(cl:subst;)/
southeast	sudeste	(cl:subst;)/
soviet	soviético	(cl:adj;)/
space	espacio	(cl:subst;)/(masc;)
spain	España	(cl:subst;)/
spanish	español	(cl:subst;)/
speak	hablar	(cl:vb;)/
special	especial	(cl:adj;)/
species	especie	(cl:subst;)/(fem;)
specific	específico	(cl:adj;)/
speed	velocidad	(cl:subst;)/(fem;)
spend	gastar	(cl:vb;)/
spicy	temperado	(cl:adj;)/
spider	araña	(cl:subst;)/(fem;)
spinach	espinaca	(cl:subst;)/(fem;)
spoon	cuchara	(cl:subst;)/(fem;)
sport	deporte	(cl:subst;)/
spot	marca	(cl:subst;)/(fem;)		marcar	(cl:vb;)/
spread	esparcir	(cl:vb;)/
spring	Primavera	(cl:subst;)/
square	cuadrado	(cl:subst;)/(masc;)		plaza	(cl:subst;)/(fem;)		cuadrado	(cl:adj;)/
squirrel	ardilla	(cl:subst;)/(fem;)
st	Santo	(cl:subst;sing;)/(sing;)
staff	personal	(cl:subst;)/(masc;)
stain	mancha	(cl:subst;)/(fem;)		manchar	(cl:vb;)/
stair	escalera	(cl:subst;)/(fem;)
stamp	sello	(cl:subst;)/(masc;)
stand	levantarse	(cl:vb;)/		parada	(cl:subst;)/(fem;)
star	estrella	(cl:subst;)/(fem;)
start	comenzar	(cl:vb;)/		comienzo	(cl:subst;)/(masc;)
state	estado	(cl:subst;)/		declarar	(cl:vb;)/
statement	declaración	(cl:subst;)/(fem;)
station	estación	(cl:subst;)/(fem;)
statistics	estadística	(cl:subst;)/(fem;)
statue	estatua	(cl:subst;)/(fem;)
status	estado	(cl:subst;)/(masc;)
stay	quedar	(cl:vb;)/
steal	hurtar	(cl:vb;)/
steel	acero	(cl:subst;)/(masc;)
step	paso	(cl:subst;)/(masc;)		andar	(cl:vb;)/
still	todavía	(cl:adv;)/		parado	(cl:adj;)/
sting	picar	(cl:vb;)/
stitch	puntada	(cl:subst;)/(fem;)
stomach	estómago	(cl:subst;)/(masc;)
stone	piedra	(cl:subst;)/(fem;)
stop	parar	(cl:vb;)/		parada	(cl:subst;)/(fem;)
store	tienda	(cl:subst;)/(fem;)		almacenar	(cl:vb;)/
storm	tormenta	(cl:subst;)/(fem;)
story	historia	(cl:subst;)/(fem;)
strange	raro	(cl:adj;)/
straw	paja	(cl:subst;)/(fem;)
strawberry	fresa/frutilla	(cl:subst;)/(fem;)
street	calle	(cl:subst;)/(fem;)
strength	fuerza	(cl:subst;)/(fem;)
stress	acentuar	(cl:vb;)/		estrés	(cl:subst;)/
stretch	estirar	(cl:vb;)/
stripe	raya	(cl:subst;)/
strong	fuerte	(cl:adj;)/
structure	estructura	(cl:subst;)/(fem;)
student	estudiante	(cl:subst;)/
study	estudiar	(cl:vb;)/		estudio	(cl:subst;)/(masc;)
stuff	cosa	(cl:subst;)/		llenar	(cl:vb;)/
subject	tema	(cl:subst;)/
subscribe	suscribirse	(cl:vb;)/
substance	sustancia	(cl:subst;)/(fem;)
success	éxito	(cl:subst;)/(masc;)
such	semejante	(cl:adj;)/		tal	(cl:art;)/		tan	(cl:adv;)/
suddenly	de repente	(cl:adv;)/
sufficient	suficiente	(cl:adj;)/
sugar	azúcar	(cl:subst;)/
suggest	sugerir	(cl:vb;)/
suggestion	sugerencia	(cl:subst;)/(fem;)
suit	traje	(cl:subst;)/
suite	secuencia	(cl:subst;)/(fem;)
summer	Verano	(cl:subst;)/(masc;)
summit	cumbre	(cl:subst;)/
sun	sol	(cl:subst;)/(masc;)
sunday	Domingo	(cl:subst;)/
supervision	supervisión	(cl:subst;)/(fem;)
supply	aprovisionamiento	(cl:subst;)/(masc;)		entregar	(cl:vb;)/		aprovisionamiento	(cl:subst;)/(masc;)
support	apoyo	(cl:subst;)/(masc;)		apoyar	(cl:vb;)/		sustentar	(cl:vb;)/		apoyo	(cl:subst;)/(masc;)
supreme	supremo	(cl:adj;)/
sure	seguro	(cl:adj;)/
surface	superficie	(cl:subst;)/(fem;)
surgery	cirugía	(cl:subst;)/(fem;)
surprise	sorprender	(cl:vb;)/		sorpresa	(cl:subst;)/(fem;)
surrender	capitular	(cl:vb;)/
survey	examinar	(cl:vb;)/
swan	cisne	(cl:subst;)/
sweet	dulce	(cl:adj;)/
swim	nadar	(cl:vb;)/
switch	interruptor	(cl:subst;)/(masc;)		cambiar	(cl:vb;)/
symptom	síntoma	(cl:subst;)/(masc;)
syndrome	síndrome	(cl:subst;)/(fem;)
system	sistema	(cl:subst;)/(masc;)
table	mesa	(cl:subst;)/(fem;)
tail	cola	(cl:subst;)/(fem;)
take	tomar	(cl:vb;)/		tomar	(cl:vb;)/
talk	hablar	(cl:vb;)/
tasty	rico	(cl:adj;)/(en sabor)
tax	impuesto	(cl:subst;)/(masc;)
tea	té	(cl:subst;)/(masc;)
teach	enseñar	(cl:vb;)/
teacher	maestro	(cl:subst;)/
team	equipo	(cl:subst;)/(masc;)
technology	tecnología	(cl:subst;)/(fem;)
telephone	teléfono	(cl:subst;)/(masc;)
television	televisión	(cl:subst;)/(fem;)
tell	decir	(cl:vb;)/		decir	(cl:vb;)/		contar	(cl:vb;)/		narrar	(cl:vb;)/
temporarily	provisionalmente	(cl:adv;)/
ten	diez	(cl:num;plu;)/(plu;)
tension	tensión	(cl:subst;)/(fem;)
term	término	(cl:subst;)/(masc;)
territorial	regional	(cl:adj;)/
territory	territorio	(cl:subst;)/(masc;)
test	probar	(cl:vb;)/		prueba	(cl:subst;)/(fem;)		probar	(cl:vb;)/
text	texto	(cl:subst;)/(masc;)
than	que	(cl:conj;)/
thank	agradecer	(cl:vb;)/		agradecimiento	(cl:subst;)/(masc;)
thanks	gracias	(cl:interj;)/
thanksgiving	Gracias	(cl:subst;)/
that	aquel	(cl:pron;plu:those)/		que	(cl:conj;)/
the	el	(cl:art;)/		la	(cl:art;sing)/(sing;fem)		lo	(cl:pron;)/		los	(cl:art;plu;)/(plu;)
their	su	(cl:pron;)/
them	ellos	(cl:pron;plu;)/(plu;)
then	entonces	(cl:adv/conj;)/
therapist	terapeuta	(cl:subst;)/
therapy	terapia	(cl:subst;)/(fem;)
there	allí	(cl:adv;)/
therefore	por eso	(cl:adv;)/
they	ellos	(cl:pron;plu;)/(plu;)
thigh	muslo	(cl:subst;)/(masc;)
thin	fino	(cl:adj;)/
thing	cosa	(cl:subst;)/
think	pensar	(cl:vb;)/
third	tercio	(cl:num;frac;)/(frac;)		tercero	(cl:num;ord;)/(ord;)
thirst	sed	(cl:subst;)/(fem;)
thirteen	trece	(cl:num)/(cl:num)
thirty	treinta	(cl:num)/(cl:num)
this	este	(cl:pron;plu:these;)/
thoroughly	minuciosamente	(cl:adv;)/
though	aunque	(cl:conj;)/
thought	pensamiento	(cl:subst;)/(masc;)
thousand	mil	(cl:num;)/
threat	amenaza	(cl:subst;)/(fem;)
three	tres	(cl:num)/(cl:num)
through	directo	(cl:adj;)/		por	(cl:prep;)/
thumb	pulgar	(cl:subst;)/(masc;)
thunder	trueno	(cl:subst;)/(masc;)
thunderstorm	aguacero	(cl:subst;)/(masc;)
thursday	Jueves	(cl:subst;)/
thus	así	(cl:adv;)/
thyroid	tiroides	(cl:subst;)/
time	tiempo	(cl:subst;)/(masc;)		cronometrar	(cl:vb;)/
tip	propina	(cl:subst;)/(fem;)
tired	cansado	(cl:adj;)/
title	título	(cl:subst;)/
to	abajo	(cl:prep;)/
today	hoy	(cl:adv;)/
toe	dedo	(cl:subst;)/(~ de pie;)
together	juntamente	(cl:adv;)/
tolerate	tolerar	(cl:vb;)/
tomato	tomate	(cl:subst;)/(masc;)
tomorrow	mañana	(cl:adv;)/
tongue	lengua	(cl:subst;)/(fem;)
too	también	(cl:adv;)/		demasiado	(cl:adv;)/		demasiado	(cl:adv;)/
tool	herramienta	(cl:subst;)/(fem;)
tooth	diente	(cl:subst;plu:teeth;)/(masc;)
toothbrush	cepillo	(cl:subst;)/
top	superior	(cl:adj;)/
topic	tópico	(cl:subst;)/
total	total	(cl:adj;)/		suma	(cl:subst;)/(fem;)
tour	paseo	(cl:subst;)/(masc;)
tourism	turismo	(cl:subst;)/(masc;)
tourist	turista	(cl:subst;)/
towel	toalla	(cl:subst;)/(fem;)
tower	torre	(cl:subst;)/(fem;)
town	ciudad	(cl:subst;)/(fem;)
toy	juguete	(cl:subst;)/(masc;)
track	rastro	(cl:subst;)/(masc;)
trade	comerciar	(cl:vb;)/		comercio	(cl:subst;)/(masc;)		negociar	(cl:vb;)/
trail	rastro	(cl:subst;)/(masc;)
train	tren	(cl:subst;)/(masc;)		entrenar	(cl:vb;)/
trait	característica	(cl:subst;)/(fem;)
transport	transporte	(cl:subst;)/(masc;)
transportation	transporte	(cl:subst;)/(masc;)
traslation	traducción	(cl:subst;)/(fem;)
travel	viajar	(cl:vb;)/		viaje	(cl:subst;)/(fem;)
traveler	viajero	(cl:subst;)/
treat	tratar	(cl:vb;)/
treatment	tratamiento	(cl:subst;)/(masc;)
treaty	tratado	(cl:subst;)/(masc;)
tree	árbol	(cl:subst;)/
trip	viaje	(cl:subst;)/(fem;)		viaje	(cl:subst;)/(fem;)
trouble	problema	(cl:subst;)/(masc;)
trout	trucha	(cl:subst;)/(fem;)
true	verdadero	(cl:adj;)/
truth	verdad	(cl:subst;)/(fem;)
try	intentar	(cl:vb;)/
tuesday	Martes	(cl:subst;)/
tumor	tumor	(cl:subst;)/(masc;)
tuna	atún	(cl:subst;)/		albacora	(cl:subst;)/
turk	turca	(cl:subst;)/		turco	(cl:subst;)/
turn	virar	(cl:vb;)/		vuelta	(cl:subst;)/(fem;)		virar	(cl:vb;)/
turtle	tortuga	(cl:subst;)/(fem;)
twelve	doce	(cl:num)/(cl:num)
twenty	veinte	(cl:num)/(cl:num)
twenty-one	veintuno	(cl:num)/(cl:num)
twice	dos veces	(cl:adv;)/
twin	gemelo	(cl:subst;)/
two	dos	(cl:num)/(cl:num)
type	tipo	(cl:subst;)/(masc;)		escribir a máquina	(cl:vb;)/
typical	típico	(cl:adj;)/
umbrella	paraguas	(cl:subst;)/
uncle	tío	(cl:subst;)/(masc;)
under	debajo	(cl:adv;)/		debajo de	(cl:prep;)/
understand	comprender	(cl:vb;)/
unfortunately	desafortunadamente	(cl:adv;)/
union	unión	(cl:subst;)/(fem;)
unique	único	(cl:adj;)/
unite	unir	(cl:vb;)/
united	unido	(cl:adj;)/
unity	unión	(cl:subst;)/(fem;)
universal	universal	(cl:adj/subst;)/
universe	universo	(cl:subst;)/(masc;)
university	universidad	(cl:subst;)/(fem;)
unless	a menos que	(cl:conj;)/
until	hasta	(cl:prep;)/
up	hacia arriba	(cl:adv;)/		encima	(cl:prep;)/
upon	sobre	(cl:prep;)/
upper	superior	(cl:adj;)/
upstairs	arriba	(cl:adv)/(cl:adv)
urine	orina	(cl:subst;)/(fem;)
us	nosotros	(cl:pron;plu;)/(plu;)
usa	EEUU	(cl:pron;sing;)/(sing;)
use	usar	(cl:vb;)/		usar	(cl:vb;)/		uso	(cl:subst;)/(masc;)
useful	útil	(cl:adj;)/
useless	inútil	(cl:adj;)/
usual	común	(cl:adj;)/
usually	normalmente	(cl:adv;)/
vacations	vacaciones	(cl:subst;)/(fem;plu;)
vaccination	vacunación	(cl:subst;)/(fem;)
vaccine	vacuna	(cl:subst;)/(fem;)
vacuum	vacío	(cl:subst;)/(masc;)
valid	válido	(cl:adj;)/
valuable	valioso	(cl:adj;)/
value	valor	(cl:subst;)/(masc;)
variety	variedad	(cl:subst;)/(fem;)
various	varios	(cl:art;plu;)/(plu;)
vary	variar	(cl:vb;)/
vast	vasto	(cl:adj;)/
vegetables	verduras	(cl:subst;plu;)/(plu;)
vegetarian	vegetariano	(cl:adj;)/
venezuela	Venezuela	(cl:pron;sing;)/(sing;)
verbatim	literalmente	(cl:adv;)/
vertical	vertical	(cl:adj;)/
very	muy	(cl:adv;)/
vet	veterinario	(cl:subst;)/
veterinary	veterinario	(cl:adj;)/
veto	vetar	(cl:vb;)/
vice	vice	(cl:adj;)/		vicio	(cl:subst;)/(masc;)
vicinity	vecindario	(cl:subst;)/(masc;)
victory	victoria	(cl:subst;)/(fem;)
view	ver	(cl:vb;)/		vista	(cl:subst;)/(fem;)
village	aldea	(cl:subst;)/(fem;)		pueblo	(cl:subst;)/(masc;)
vine	parra	(cl:subst;)/(fem;)
virtue	virtud	(cl:subst;)/(fem;)
virus	virus	(cl:subst;)/
visa	visado	(cl:subst;)/(masc;)
visible	visible	(cl:adj;)/
visit	visitar	(cl:vb;)/		visita	(cl:subst;)/(fem;)
visitor	visitante	(cl:subst;)/
voice	voz	(cl:subst;)/(fem;plu:voces;)
vomit	vomitar	(cl:vb;)/		vómito	(cl:subst;)/(masc;)
vote	votar	(cl:vb;)/		sufragio	(cl:subst;)/(masc;)		voto	(cl:subst;)/(masc;)
wagon	coche	(cl:subst;)/(masc;)
wait	esperar	(cl:vb;)/
waiter	camarero	(cl:subst;)/		camarero	(cl:subst;)/
wake	despertar	(cl:vb;)/
wales	Gales	(cl:pron;sing;)/(sing;)
walk	caminar	(cl:vb;)/		andar	(cl:vb;)/		paseo	(cl:subst;)/(masc;)
wall	pared	(cl:subst;)/(fem;)
want	querer	(cl:vb;)/		querer	(cl:vb;)/
war	guerra	(cl:subst;)/(fem;)
warm	calentar	(cl:vb;)/		tibio	(cl:adj;)/
warmth	calefacción	(cl:subst;)/
wash	lavar	(cl:vb;)/
wasp	avispa	(cl:subst;)/(fem;)
watch	vigilar	(cl:vb;)/		observar	(cl:vb;)/		reloj	(cl:subst;)/(masc;)
water	agua	(cl:subst;)/(masc;)		aguar	(cl:vb;)/		aguar	(cl:vb;)/
wave	ola	(cl:subst;)/(fem;)
way	manera	(cl:subst;)/(fem;)		huella	(cl:subst;)/(fem;)		manera	(cl:subst;)/(fem;)
we	nosotros	(cl:pron;plu;)/(plu;)
weak	débil	(cl:adj;)/
wear	vestir	(cl:vb;)/
weather	tiempo	(cl:subst;)/(masc;)
wedding	boda	(cl:subst;)/(fem;)
wednesday	Miércoles	(cl:subst;)/
week	semana	(cl:subst;)/(fem;)
weekly	semanalmente	(cl:adv;)/
weight	peso	(cl:subst;)/(masc;)
welcome	bien venido	(cl:subst;)/
well	pozo	(cl:subst;)/(masc;)		bien	(cl:adv;)/
west	oeste	(cl:subst;)/(masc;)
western	occidental	(cl:adj;)/		del oeste	(cl:adj;)/
wet	mojado	(cl:adj;)/
whale	ballena	(cl:subst;)/(fem;)
what	qué	(cl:pron;sing;)/(sing;)
wheat	trigo	(cl:subst;)/(masc;)
wheel	rueda	(cl:subst;)/(fem;)
when	cuando	(cl:adv;)/		cuando	(cl:conj;)/(cl:adv;)
where	donde	(cl:adv;)/
whether	si	(cl:conj;)/
which	cuál	(cl:pron;sing;)/(sing;)		que	(cl:pron;)/
while	mientras	(cl:conj;)/
white	blanco	(cl:adj;)/
who	quién	(cl:pron;sing;)/(sing;)		que	(cl:pron;)/		quién	(cl:pron;sing;)/(sing;)
whole	todo	(cl:adj;)/
why	por qué	(cl:adv;)/
wide	ancho	(cl:adj;)/
width	anchura	(cl:subst;)/(fem;)
wife	esposa	(cl:subst;)/(fem;)
wild	salvaje	(cl:adj;)/
will	ir	(cl:vb;)/		voluntad	(cl:subst;sing;)/(fem;)
win	ganar	(cl:vb;)/
wind	viento	(cl:subst;)/(masc;)
window	ventana	(cl:subst;)/(fem;)
wine	vino	(cl:subst;)/(masc;)
winter	Invierno	(cl:subst;)/(masc;)
wire	alambre	(cl:subst;)/		telegrafar	(cl:vb;)/
wish	desear	(cl:vb;)/		deseo	(cl:subst;)/(masc;)
with	con	(cl:prep;)/
within	dentro de	(cl:adv;)/
without	sin	(cl:prep;)/
wolf	lobo	(cl:subst;)/
woman	mujer	(cl:subst;fem;)/(fem;)
wonderful	maravilloso	(cl:adj;)/
wood	madera	(cl:subst;)/
wool	lana	(cl:subst;)/(fem;)
word	palabra	(cl:subst;)/(fem;)
work	trabajar	(cl:vb;)/		funcionar	(cl:vb;)/		trabajar	(cl:vb;)/		trabajo	(cl:subst;)/(masc;)		obra	(cl:subst;)/(fem;)
worker	trabajador	(cl:subst;)/
workshop	taller	(cl:subst;)/(masc;)
world	mundo	(cl:subst;)/(masc;)
worm	gusano	(cl:subst;)/(masc;)
worry	preocupar	(cl:vb;)/(refl;)
worship	adorar	(cl:vb;)/
worth	digno de	(cl:adj;)/		valor	(cl:subst;)/(masc;)
would	ir	(cl:vb;)/
wrist	muñeca	(cl:subst;)/(fem;)
write	escribir	(cl:vb;)/
writer	escritor	(cl:subst;)/
wrong	erróneo	(cl:adj;)/
yard	patio	(cl:subst;)/(masc;)
year	año	(cl:subst;)/(masc;)
yellow	amarillo	(cl:adj;)/
yes	sí	(cl:interj;)/
yesterday	ayer	(cl:adv;)/
yet	todavia	(cl:conj;)/		aún	(cl:adv;)/
you	usted	(cl:pron;)/		usted	(cl:pron;)/		tu	(cl:pron;)/		vosotros	(cl:pron;)/
young	joven	(cl:adj;)/
your	su	(cl:pron;)/(poss;)		tu	(cl:pron;)/(poss;)
yours	su	(cl:pron;poss;)/(poss;)
youth	juventud	(cl:subst;)/(fem;)
zero	cero	(cl:num)/(cl:num)
