a	um	(cl:art;sing;)/(sing;)
a few	poucos	(cl:art)/(cl:art)
ability	capacidade	(cl:subst;)/(fem;)
able	capaz	(cl:adj;)/
abnormal	anormal	(cl:adj;)/
about	sobre	(cl:prep;)/
about to	quase	(cl:adv;)/
above	acima	(cl:prep/adv;)/
abroad	fora	(cl:adv;)/		exterior	(cl:subst;)/(masc;)
abstract	abstrair	(cl:vb;)/		abstrato	(cl:adj;)/		resumo	(cl:subst;)/(masc;)
abuse	abusar	(cl:vb;)/
academic	acadêmico	(cl:subst/adj;)/
accept	aceitar	(cl:vb;)/
acceptable	aceitável	(cl:adj;)/
access	acesso	(cl:subst;)/(masc;)
accident	acidente	(cl:subst;)/(masc;)
accompanied	acompanhado	(cl:vb;)/
accomplish	realizar	(cl:vb;)/
accord	outorgar	(cl:vb;)/		acordo	(cl:subst;)/(masc;)
accordance	acordo	(cl:subst;)/(masc;)
according to	conforme	(cl:adv;)/
account	considerar	(cl:vb;)/		conta	(cl:subst;)/(fem;)
acid	ácido	(cl:subst;)/(masc;)
acne	acne	(cl:subst;)/
across	através	(cl:prep;)/		transversalmente	(cl:adv;)/
act	agir	(cl:vb;)/		ato	(cl:subst;)/(masc;)
action	ação	(cl:subst;)/(fem;)
active	ativo	(cl:adj;)/
activity	atividade	(cl:subst;)/		atividade	(cl:subst;)/
actor	ator	(cl:subst;)/
actress	atriz	(cl:subst;)/(fem;)
actual	atual	(cl:adj;)/
actually	realmente	(cl:adv;)/		verdadeiramente	(cl:adv;)/
add	adicionar	(cl:vb;)/
addition	adição	(cl:subst;)/
additional	adicional	(cl:adj;)/
address	endereçar	(cl:vb;)/		endereço	(cl:subst;)/(masc;)
adequate	adequado	(cl:adj;)/
administration	administração	(cl:subst;)/(fem;)
admission	admissão	(cl:subst;)/(fem;)
adopt	adotar	(cl:vb;)/
adult	adulto	(cl:subst/adj;)/
advanced training	aperfeiçoamento	(cl:subst;)/
advantage	vantagem	(cl:subst;)/(fem;)
adventure	aventura	(cl:subst;)/(fem;)
adversary	oponente	(cl:subst;)/
advertisement	anúncio	(cl:subst;)/(masc;)		anúncio	(cl:subst;)/(masc;)
advice	conselho	(cl:subst;)/(masc;)
advise	aconselhar	(cl:vb;)/
affair	questão	(cl:subst;)/
affect	afetar	(cl:vb;)/
aforementioned	mencionado anteriormente	(cl:adj;)/
after	após	(cl:prep;)/		depois	(cl:adv;)/		depois	(cl:conj;)/
again	novamente	(cl:adv;)/		novamente	(cl:adv;)/
against	contra	(cl:prep;)/
age	idade	(cl:subst;)/(fem;)		envelhecer	(cl:vb;)/
agent	agente	(cl:subst;)/
aggression	agressão	(cl:subst;)/(fem;)
aggressive	agressivo	(cl:adj;)/
ago	atrás	(cl:adv;)/
agreement	acordo	(cl:subst;)/(masc;)
agriculture	agricultura	(cl:subst;)/(fem;)
ahead	adiante	(cl:adv;)/		adiante	(cl:adv;)/
aid	ajudar	(cl:vb;)/		ajuda	(cl:subst;)/(fem;)
air	ar	(cl:subst;)/(masc;)		colocar no ar	(cl:vb;)/
aircraft	aeronave	(cl:subst;)/(fem;)
airline	linha aérea	(cl:subst;)/
airport	aeroporto	(cl:subst;)/(masc;)
alcohol	álcool	(cl:subst;)/(masc;)
all	todos	(cl:art/pron;plu;)/(plu;)
allergic	alérgico	(cl:adj;)/
allergy	alergia	(cl:subst;)/
allow	permitir	(cl:vb;)/
allowed	permitido	(cl:adj;)/
almanac	almanaque	(cl:subst;)/
almost	quase	(cl:adv;)/
alone	sozinho	(cl:adj/adv;)/		só	(cl:adv;)/
along	ao longo de	(cl:prep;)/
already	já	(cl:adv;)/		já	(cl:adv;)/
also	também	(cl:adv;)/
alternative	alternativa	(cl:adj/subst;)/
although	embora	(cl:conj;)/
always	sempre	(cl:adv;)/
amber	âmbar	(cl:subst;)/
ambulance	ambulância	(cl:subst;)/(fem;)
america	América	(cl:subst;sing;fem;)/(sing;fem;)
american	americano	(cl:adj/subst;)/
among	entre	(cl:prep;)/
amount	quantia	(cl:subst;)/(fem;)		quantidade	(cl:subst;)/(fem;)		importar	(cl:vb;)/
an	um	(cl:art;sing;)/(sing;)
ancient	antigo	(cl:adj;)/
and	e	(cl:conj;)/
angel	anjo	(cl:subst;)/(masc;)
angry	zangado	(cl:adj;)/
animal	animal	(cl:subst;)/(masc;)
ankle	tornozelo	(cl:subst;)/(masc;)
announce	anunciar	(cl:vb;)/
announcement	anúncio	(cl:subst;)/(masc;)
annual	anual	(cl:adj;)/
anonymous	anônimo	(cl:adj;)/
another	outro	(cl:art/pronome;sing;)/(sing;)
answer	resposta	(cl:subst;)/(fem;)		responder	(cl:vb;)/
antibiotics	antibiótico	(cl:subst;)/
antibodies	anticorpo	(cl:subst;)/(masc;)
anxiety	ansiedade	(cl:subst;)/(fem;)
any	algum	(cl:pron;sing;)/(sing;)		nenhum	(cl:adv;)/		qualquer	(cl:art;)/
anyone	qualquer um	(cl:pron;sing;)/(sing;)
anything	qualquer coisa	(cl:pron;sing;)/(sing;)
apart	separado	(cl:adj;)/		separadamente	(cl:adv;)/
apartment	apartamento	(cl:subst;)/(masc;)
ape	chimpanzé	(cl:subst;)/
apparently	aparentemente	(cl:adv;)/
appear	aparecer	(cl:vb;)/
apple	maçã	(cl:subst;)/(fem;)
application	aplicação	(cl:subst;)/
apply	aplicar	(cl:vb;)/
appoint	designar	(cl:vb;)/
appointment	compromisso	(cl:subst;)/(masc;)
approach	rudimento	(cl:subst;)/
appropriate	apropriado	(cl:adj;)/		destinar	(cl:vb;)/
approval	aprovação	(cl:subst;)/
approve	aprovar	(cl:vb;)/
approximately	aproximadamente	(cl:adv;)/
april	Abril	(cl:subst;sing;)/(sing;)
arab	árabe	(cl:subst;)/
arabia	Arábia	(cl:subst;)/
archaeologist	arqueólogo	(cl:subst;)/
area	área	(cl:subst;)/
arm	braço	(cl:subst;)/(masc;)
around	em torno	(cl:prep;)/		ao redor	(cl:adv;)/
arrange	arrumar	(cl:vb;)/
art	arte	(cl:subst;)/(fem;)
article	artigo	(cl:subst;)/
artificial	artificial	(cl:adj;)/
as	como	(cl:conj/prep;)/		quando	(cl:conj;)/
as long as	enquanto	(cl:conj;)/
as soon as	assim que	(cl:adv;)/
as well	também	(cl:adv;)/
ascertain	verificar	(cl:vb;)/
ashes	cinzas	(cl:subst;plu;)/(plu;)
asia	Ásia	(cl:pron;sing;fem;)/(sing;fem;)
ask	perguntar	(cl:vb;)/		pedir	(cl:vb;)/
asparagus	aspargo	(cl:subst;)/(masc;)
assist	ajudar	(cl:vb;)/		lance	(cl:subst;)/
assistance	ajuda	(cl:subst;)/(fem;)
associate	associar	(cl:vb;)/
association	associação	(cl:subst;)/
assume	assumir	(cl:vb;)/
at	em	(cl:prep;)/		junto a	(cl:prep;)/
at all	ao todo	(cl:adv;)/
at large	largamente	(cl:adv;)/
at least	no mínimo	(cl:adv;)/		no mínimo	(cl:adv;)/		pelo menos	(cl:adv;)/
at the latest	mais tardar	(cl:adv;)/
at the same time	ao mesmo tempo	(cl:adv;)/
atm	caixa eletrônico	(cl:subst;)/
attack	ataque	(cl:subst;)/(masc;)		atacar	(cl:vb;)/
attempt	tentar	(cl:vb;)/		tentativa	(cl:subst;)/
attention	atenção	(cl:subst;)/(fem;)
attraction	atração	(cl:subst;)/
audience	audiência	(cl:subst;)/(fem;)		público	(cl:subst;)/(masc;)
august	Agosto	(cl:subst;sing;)/(sing;)		majestoso	(cl:adj;)/
aunt	tia	(cl:subst;)/(fem;)
australia	Austrália	(cl:pron;sing;fem;)/(sing;fem;)
author	autor	(cl:subst;)/
authority	autoridade	(cl:subst;)/(fem;)
authorization	autorização	(cl:subst;)/(fem;)
autism	autismo	(cl:subst;)/(masc;)
auto	automóvel	(cl:subst;)/(masc;)
automatically	automaticamente	(cl:adv;)/
autumn	outono	(cl:subst;)/
available	disponível	(cl:adj;)/
ave.	av.	(cl:subst;abrev;)/(abrev;)
avenue	avenida	(cl:subst;)/(fem;)
average	média	(cl:subst;)/
aviation	aviação	(cl:subst;)/(fem;)
avoid	evitar	(cl:vb;)/
award	prêmio	(cl:subst;)/(masc;)
aware	atento	(cl:adj;)/
away	longe	(cl:adv;)/
baby	bebê	(cl:subst;)/
back	para trás	(cl:adv;)/		costas	(cl:subst;)/(fem;plu;)		atrás	(cl:adv;)/		parte de trás	(cl:subst;)/
back then	então	(cl:adv;)/
background	fundo	(cl:subst;)/(masc;)
backpack	mochila	(cl:subst;)/(fem;)
bacteria	bactéria	(cl:subst;plu;)/(fem;)
bacterial	bacteriano	(cl:adj;)/
bad	ruim	(cl:adj;)/
bag	saco	(cl:subst;)/(masc;)		bolsa	(cl:subst;)/(fem;)
bakery	padaria	(cl:subst;)/(fem;)
balance	equilíbrio	(cl:subst;)/(masc;)
balcony	varanda	(cl:subst;)/(fem;)
ball	bola	(cl:subst;)/(fem;)
band-aid	emplastro	(cl:subst;)/(masc;)
bank	banco	(cl:subst;)/(masc;)
bar	bar	(cl:subst;)/(masc;)		barrar	(cl:vb;)/
base	base	(cl:subst;)/(fem;)
basic	básico	(cl:adj;)/
basis	base	(cl:subst;sing;)/(sing;)
bath	banho	(cl:subst;)/(masc;)
bathe	banhar	(cl:vb;)/
bathroom	banheiro	(cl:subst;)/(masc;)
battery	bateria	(cl:subst;)/(fem;)		pilha	(cl:subst;)/(fem;)
battle	luta	(cl:subst;)/(fem;)
battlefield	campo de batalha	(cl:subst;)/
bay	baía	(cl:subst;)/(fem;)
be	ser	(cl:vb;)/		estar	(cl:vb;)/
be happy	alegrar	(cl:vb;)/
be missing	faltar	(cl:vb;)/
be worth	valer	(cl:vb;)/
beach	praia	(cl:subst;)/(fem;)
bean	fava	(cl:subst;)/(fem;)		feijão	(cl:subst;)/(masc;)
bear	urso	(cl:subst;)/
beautiful	bonito	(cl:adj;)/		belo	(cl:adj;)/
beauty	beleza	(cl:subst;)/(fem;)
because	porque	(cl:conj;)/
because of	por causa de	(cl:conj;)/
become	tornar	(cl:vb;)/(refl;)		tornar-se	(cl:vb;)/
bed	cama	(cl:subst;)/(fem;)
bedding	fundamento	(cl:subst;)/(masc;)
bee	abelha	(cl:subst;)/(fem;)
beef	carne de boi	(cl:subst;)/(fem;)
beer	cerveja	(cl:subst;)/(fem;)
beetle	besouro	(cl:subst;)/(masc;)
before	antes	(cl:prep/adv;)/		antes que	(cl:conj;)/
begin	começar	(cl:vb;)/
beginner	novato	(cl:subst;)/		principiante	(cl:subst;)/
beginning	começo	(cl:subst;)/(masc;)		início	(cl:subst;)/(masc;)
behavior	comportamento	(cl:subst;)/(masc;)
behind	atrás	(cl:prep/adv;)/
being	existência	(cl:subst;)/(fem;)
believe	acreditar	(cl:vb;)/
bell	campainha	(cl:subst;)/(fem;)		sino	(cl:subst;)/(masc;)
belly	ventre	(cl:subst;)/(masc;)		barriga	(cl:subst;)/(fem;)
belong	pertencer	(cl:vb;)/
beloved	querido	(cl:adj;)/
below	abaixo	(cl:adv;)/		abaixo de	(cl:prep;)/
benefit	benefício	(cl:subst;)/(masc;)		beneficiar	(cl:vb;)/		beneficiar	(cl:vb;)/
besides	além disso	(cl:adv;)/
best	melhor	(cl:adj;)/		melhor	(cl:adv;)/
bet	aposta	(cl:subst;)/(fem;)
better	melhor	(cl:adj;)/		melhor	(cl:adv;)/
between	entre	(cl:prep;)/
beyond	além	(cl:adv;)/
bicycle	bicicleta	(cl:subst;)/(fem;)
big	grande	(cl:adj;)/
bilingual	bilíngue	(cl:adj;)/
bill	conta	(cl:subst;)/(fem;)		conta	(cl:subst;)/(fem;)		faturar	(cl:vb;)/
billion	bilhão	(cl:num;plu;)/(plu;)
biology	biologia	(cl:subst;)/(fem;)
bird	pássaro	(cl:subst;)/(masc;)		ave	(cl:subst;)/
birth	nascimento	(cl:subst;)/(masc;)
birthday	aniversário	(cl:subst;)/(masc;)
bit	pedaço	(cl:subst;)/(masc;)
bite	morder	(cl:vb;)/
bitter	amargo	(cl:adj;)/
black	preto	(cl:adj;)/
bladder	bexiga	(cl:subst;)/(fem;)
bleach	branquear	(cl:vb;)/		branqueamento	(cl:subst;)/
bleed	sangrar	(cl:vb;)/
blind	cego	(cl:adj;)/(cl:subst;)
blood	sangue	(cl:subst;)/(masc;)
blue	azul	(cl:adj;)/
board	embarcar	(cl:vb;)/		embarcar	(cl:vb;)/		tábua	(cl:subst;)/
boat	barco	(cl:subst;)/(masc;)
body	corpo	(cl:subst;)/(masc;)
bone	osso	(cl:subst;)/(masc;)
bonus	gratificação	(cl:subst;)/
book	livro	(cl:subst;)/(masc;)		reservar	(cl:vb;)/
border	borda	(cl:subst;)/(fem;)
boring	tedioso	(cl:adj;)/
born	nascido	(cl:adj;)/
boss	chefe	(cl:adj;)/
both	ambos	(cl:pron;plu;)/(plu;)		ambos	(cl:art;plu;)/(plu;)		tanto	/
bottle	garrafa	(cl:subst;)/(fem;)
bottom	fundo	(cl:subst;)/(masc;)
boundary	limite	(cl:subst;)/(masc;)
bowl	tigela	(cl:subst;)/(fem;)		jogar boliche	(cl:vb;)/
box	caixa	(cl:subst;)/(fem;)
boy	menino	(cl:subst;masc;)/(masc;)
brain	cérebro	(cl:subst;)/(masc;)
brake	frear	(cl:vb;)/
brave	corajoso	(cl:adj;)/
bread	pão	(cl:subst;)/(masc;)
breakdown	colapso	(cl:subst;)/
breakfast	desjejum	(cl:subst;)/(masc;)
breast	peito	(cl:subst;)/(masc;)
breathe	respirar	(cl:vb;)/
breed	raça	(cl:subst;)/(fem;)		procriar	(cl:vb;)/
breeder	criador	(cl:subst;)/
bridge	ponte	(cl:subst;)/(fem;)
bright	brilhante	(cl:adj;)/		esplendor	(cl:subst;)/
bring	trazer	(cl:vb;)/
britain	Bretanha	(cl:pron;sing;)/(sing;)
british	britânico	(cl:adj/subst;)/
brock	texugo	(cl:subst;)/
broken	quebrado	(cl:adj;)/
brother	irmão	(cl:subst;)/(masc;)
brotherhood	fraternidade	(cl:subst;)/(fem;)
brown	marrom	(cl:adj;)/
brush	escova	(cl:subst;)/(fem;)
budget	orçamento	(cl:subst;)/
build	construir	(cl:vb;)/
building	construção	(cl:subst;)/(fem;)		prédio	(cl:subst;)/(masc;)
bulgarian	búlgaro	(cl:adj/subst;)/
bulletin	boletim	(cl:subst;)/
burn	queimar	(cl:vb;)/
bus	ônibus	(cl:subst;)/(masc;)		ônibus	(cl:subst;)/(masc;)
bush	arbusto	(cl:subst;)/(masc;)
business	negócio	(cl:subst;)/(masc;)
but	mas	(cl:conj;)/		exceto	(cl:prep;)/
but rather	mas sim	(cl:conj;)/
butter	manteiga	(cl:subst;)/(fem;)
butterfly	borboleta	(cl:subst;)/(fem;)
button	botão	(cl:subst;)/(masc;)
buy	comprar	(cl:vb;)/
buyer	comprador	(cl:subst;)/
by	por	(cl:prep;)/		perto	(cl:adv;)/
by now	agora	(cl:adv;)/
by the way	por sinal	(cl:adv;)/
bye	tchau	(cl:interj;)/
cabinet	gabinete	(cl:subst;sing;)/(sing;)		particular	(cl:adj;)/
cable	cabo	(cl:subst;)/(masc;)
cage	gaiola	(cl:subst;)/(fem;)
cake	bolo	(cl:subst;)/(masc;)
calculate	calcular	(cl:vb;)/
calf	vitela	(cl:subst;)/
calico	pontilhar	(cl:subst;)/
call	chamar	(cl:vb;)/		chamado	(cl:subst;)/
called	chamar	(cl:vb;be ~;)/(reflex;)
calm	calmo	(cl:adj;)/
campaign	tomar parte em campanha	(cl:vb;)/		campanha	(cl:subst;)/		tomar parte em campanha	(cl:vb;)/
can	poder	(cl:vb;)/		lata	(cl:subst;)/(fem;)
can hardly	mal poder	(cl:vb;)/
can't	não poder	(cl:vb;)/
canadian	canadense	(cl:adj/subst;)/
cancel	cancelar	(cl:vb;)/
cancer	câncer	(cl:subst;)/(masc;)
candle	vela	(cl:subst;)/(fem;)
canned	enlatado	(cl:adj;)/
cannot	não poder	(cl:vb;)/
capital	capital	(cl:subst;)/(fem;)		capital	(cl:adj;)/
car	carro	(cl:subst;)/(masc;)
carbon	carvão	(cl:subst;)/(masc;)
card	cartão	(cl:subst;)/(masc;)
cardboard	papelão	(cl:subst;)/
care	cuidado	(cl:subst;)/(masc;)		cuidar	(cl:vb;)/		cuidar	(cl:vb;)/
carefully	cuidadosamente	(cl:adv;)/
carpet	tapete	(cl:subst;)/(masc;)
carrier	transportador	(cl:subst;)/
carrot	cenoura	(cl:subst;)/(fem;)
carry	levar	(cl:vb;)/
case	caso	(cl:subst;)/(masc;)
cash	dinheiro	(cl:subst;)/		descontar	(cl:vb;)/
cashier	caixa	(cl:subst;)/
castle	castelo	(cl:subst;)/(masc;)
cat	gato	(cl:subst;)/
catch	pegar	(cl:vb;)/
category	categoria	(cl:subst;)/(fem;)
catholic	católico	(cl:adj;)/
cause	causar	(cl:vb;)/		causa	(cl:subst;)/(fem;)
celar	porão	(cl:subst;)/
celebrate	celebrar	(cl:vb;)/
cell	célula	(cl:subst;)/
cellphone	celular	(cl:subst;)/
cellular	celular	(cl:adj;)/
census	censo	(cl:subst;)/(masc;)
center	centro	(cl:subst;)/(masc;)		centro	(cl:subst;)/(masc;)
central	central	(cl:adj/subst;)/
century	século	(cl:subst;)/(masc;)
cereal	cereal	(cl:subst;)/
certain	certo	(cl:adj;)/
certainly	certamente	(cl:adv;)/
certificate	certificado	(cl:subst;)/(masc;)
chain	corrente	(cl:subst;)/(fem;)
chair	cadeira	(cl:subst;)/(fem;)
chairman	presidente	(cl:subst;sing;)/(sing;)
chance	ocorrer	(cl:vb;)/		acidental	(cl:adj;)/		chance	(cl:subst;)/
change	mudar	(cl:vb;)/		mudança	(cl:subst;)/(fem;)		mudar	(cl:vb;)/		troco	(cl:subst;)/(masc;)
chapel	capela	(cl:subst;)/(fem;)
character	caráter	(cl:subst;)/(masc;)
charge	acusar	(cl:vb;)/		acusação	(cl:subst;)/(fem;)
charter	garantir	(cl:vb;)/		carta patente	(cl:subst;)/		garantir	(cl:vb;)/
cheap	barato	(cl:adj;)/		oportuno	(cl:adj;)/
check	verificação	(cl:subst;)/(fem;)		conferir	(cl:vb;)/
cheese	queijo	(cl:subst;)/(masc;)
chef	cozinheiro	(cl:subst;)/
chemical	químico	(cl:adj;)/
chemistry	químico	(cl:subst;)/
cheque	cheque	(cl:subst;)/(masc;)
chest	tórax	(cl:subst;)/
chew	mascar	(cl:vb;)/
chewing	mastigação	(cl:subst;)/(fem;)
chicken	carne de frango	(cl:subst;)/		frango	(cl:subst;)/(masc;)
chief	chefe	(cl:subst;)/(masc;)
child	criança	(cl:subst;sing;plu:children)/(fem;)
chin	queixo	(cl:subst;)/(masc;)
chocolate	chocolate	(cl:subst;)/(masc;)
choice	escolha	(cl:subst;)/(fem;)
choose	escolher	(cl:vb;)/
christian	cristão	(cl:adj;)/		cristão	(cl:subst;)/
christmas	Natal	(cl:subst;)/
church	igreja	(cl:subst;)/(fem;)
cigarette	cigarro	(cl:subst;)/(masc;)
cinema	cinema	(cl:subst;)/(masc;)
circle	círculo	(cl:subst;)/(masc;)
circumference	circunferência	(cl:subst;)/(fem;)
circumstances	circunstâncias	(cl:subst;plu)/(plu)
citizen	cidadão	(cl:subst;)/
citizenship	cidadania	(cl:subst;)/(fem;)
city	cidade	(cl:subst;)/(fem;)
city map	mapa da cidade	(cl:subst;)/
civilian	civil	(cl:adj/subst;)/
claim	reivindicar	(cl:vb;)/
class	classe	(cl:subst;)/(fem;)
clause	cláusula	(cl:subst;)/(fem;)
claw	garra	(cl:subst;)/(fem;)		arranhar	(cl:vb;)/
clean	limpo	(cl:adj;)/		limpar	(cl:vb;)/		limpar	(cl:vb;)/
clear	claro	(cl:adj;)/		clarear	(cl:vb;)/
clearly	claramente	(cl:adv;)/
client	cliente	(cl:subst;)/
climate	clima	(cl:subst;)/
climb	subir	(cl:vb;)/
clinic	clínica	(cl:subst;)/(fem;)
clinical	clínico	(cl:adj;)/
clock	relógio	(cl:subst;)/(masc;)
close	fechar	(cl:vb;)/		fechar	(cl:vb;)/		próximo	(cl:adj;)/		próximo	(cl:adv;)/
closed	fechado	(cl:adj;)/
closely	atentamente	(cl:adv;)/
cloth	pano	(cl:subst;)/(masc;)
clothing	roupa	(cl:subst;)/(fem;)
cloud	nuvem	(cl:subst;)/(fem;)
clown	palhaço	(cl:subst;)/(masc;)
club	clube	(cl:subst;)/
clue	pista	(cl:subst;)/
clumping	pisar forte	(cl:vb;)/
coast	costa	(cl:subst;)/(fem;)
coat	casaco	(cl:subst;)/(masc;)
cock	galo	(cl:subst;)/(masc;)
cockroach	barata	(cl:subst;)/(fem;)
code	codificar	(cl:vb;)/		código	(cl:subst;)/(masc;)
coffee	café	(cl:subst;)/(masc;)
coin	moeda	(cl:subst;)/(fem;)
cold	frio	(cl:adj;)/		frio	(cl:subst;)/(masc;)		resfriado	(cl:subst;)/(masc;)
collaboration	colaboração	(cl:subst;)/
collar	colarinho	(cl:subst;)/(masc;)
colleague	colega	(cl:subst;)/		colega de trabalho	(cl:subst;)/
collect	colecionar	(cl:vb;)/
collection	coleção	(cl:subst;)/(fem;)
collective	coletivo	(cl:adj/subst;)/
college	faculdade	(cl:subst;)/(fem;)
colony	colônia	(cl:subst;)/(fem;)
color	colorir	(cl:vb;)/		cor	(cl:subst;)/(fem;)
colorful	colorido	(cl:adj;)/
column	coluna	(cl:subst;)/(fem;)
come	vir	(cl:vb;)/
comfortable	confortável	(cl:adj;)/
coming	vinda	(cl:subst;)/
commercial	comercial	(cl:adj/subst;)/
commission	comissão	(cl:subst;)/
committed	comprometido	(cl:adj;)/
committee	comitê	(cl:subst;)/
common	comum	(cl:adj;)/
commonly	comumente	(cl:adv;)/
commons	povo	(cl:subst;plu;)/(masc;)
commonwealth	nação	(cl:subst;)/
communication	comunicação	(cl:subst;)/(fem;)
communist	comunista	(cl:adj/subst;)/
community	comunidade	(cl:subst;)/(fem;)
company	companhia	(cl:subst;)/(fem;)
compare	comparar	(cl:vb;)/
competition	competição	(cl:subst;)/(fem;)
complete	completar	(cl:vb;)/		completo	(cl:adj;)/
completely	completamente	(cl:adv;)/		completamente	(cl:adv;)/
complex	complexo	(cl:adj;)/		complexo	(cl:subst;)/
computer	computador	(cl:subst;)/(masc;)
concept	conceito	(cl:subst;)/(masc;)
concern	interessar	(cl:vb;)/
concerned	interessar	(cl:vb;)/
conclusive	inequívoco	(cl:adj;)/
concrete	concreto	(cl:subst;)/(masc;)		concreto	(cl:adj;)/
condition	condição	(cl:subst;)/(fem;)
conduct	conduzir	(cl:vb;)/
confederation	confederação	(cl:subst;)/
confirm	confirmar	(cl:vb;)/
confirmation	confirmação	(cl:subst;)/(fem;)
conflict	conflito	(cl:subst;)/(masc;)
congress	congresso	(cl:subst;)/(masc;)
connection	conexão	(cl:subst;)/(fem;)
conservative	conservador	(cl:adj;)/		conservador	(cl:subst;)/
consider	considerar	(cl:vb;)/
consist	consistir	(cl:vb;)/
constantly	constantemente	(cl:adv;)/
constitution	constituição	(cl:subst;)/(fem;)
constitutional	constitucional	(cl:adj;)/
construction	construção	(cl:subst;)/(fem;)
consulate	consulado	(cl:subst;)/(masc;)
consult	consultar	(cl:vb;)/
consultation	consulta	(cl:subst;)/(fem;)
consumer	consumidor	(cl:subst;)/
contact	contato	(cl:subst;)/(masc;)
contain	conter	(cl:vb;)/
container	recipiente	(cl:subst;)/(masc;)
continue	continuar	(cl:vb;)/
contract	contrato	(cl:subst;)/(masc;)		contratar	(cl:vb;)/
contribution	contribuição	(cl:subst;)/(fem;)
control	controlar	(cl:vb;)/		controle	(cl:subst;)/(masc;)
convenient	conveniente	(cl:adj;)/
convention	convenção	(cl:subst;)/(fem;)
conversation	conversa	(cl:subst;)/(fem;)
cook	cozinhar	(cl:vb;)/
cool	fresco	(cl:adj;)/
copper	cobre	(cl:subst;)/(masc;)
copy	cópia	(cl:subst;)/(fem;)		copiar	(cl:vb;)/
copyright	direito autoral	(cl:subst;)/
cord	corda	(cl:subst;)/(fem;)
corn	milho	(cl:subst;)/(masc;)
corner	esquina	(cl:subst;)/(fem;)		canto	(cl:subst;)/
corporation	corporação	(cl:subst;)/(fem;)
correct	corrigir	(cl:vb;)/		correto	(cl:adj;)/
correction	correção	(cl:subst;)/(fem;)
cost	custar	(cl:vb;)/		custo	(cl:subst;)/(masc;)
costless	gratuito	(cl:adj;)/
cotton	algodão	(cl:subst;)/(masc;)
council	conselho	(cl:subst;)/(masc;)
count	contar	(cl:vb;)/		contar	(cl:vb;)/
counter	balcão	(cl:subst;)/(masc;)		opor	(cl:vb;)/		oposto	(cl:adj;)/
country	país	(cl:subst;)/		região	(cl:subst;)/(fem;)		rural	(cl:adj;)/
couple	par	(cl:subst;)/
course	prato	(cl:subst;)/(masc;)		curso	(cl:subst;)/		curso	(cl:subst;)/
court	tribunal	(cl:subst;)/(masc;)
cousin	prima	(cl:subst;)/		primo	(cl:subst;)/
cover	cobrir	(cl:vb;)/		coberta	(cl:subst;)/(fem;)		cobertura	(cl:subst;)/
cow	vaca	(cl:subst;)/(fem;)
craft	ofício	(cl:subst;)/(masc;)
crazy	louco	(cl:subst;)/(masc;)
cream	creme	(cl:subst;)/(masc;)
create	criar	(cl:vb;)/
creation	criação	(cl:subst;)/(fem;)
credit	crédito	(cl:subst;)/(masc;)		creditar	(cl:vb;)/
creek	riacho	(cl:subst;)/(masc;)
criteria	critério	(cl:subst;plu;)/(plu;)
cross	cruzar	(cl:vb;)/		atravessar	(cl:vb;)/		cruz	(cl:subst;)/(fem;)
cultivate	cultivar	(cl:vb;)/
culture	cultura	(cl:subst;)/(fem;)
cup	xícara	(cl:subst;)/(fem;)
cupboard	armário	(cl:subst;)/(masc;)
currency	moeda corrente	(cl:subst;)/(fem;)
current	atual	(cl:adj;)/		corrente	(cl:subst;)/(fem;)
currently	atualmente	(cl:adv;)/
custom	costume	(cl:subst;)/(masc;)
customs	alfândega	(cl:subst;plu;)/(fem;)
cut	cortar	(cl:vb;)/		corte	(cl:subst;)/(masc;)
daily	diariamente	(cl:adv;)/		diário	(cl:adj;)/
damage	dano	(cl:subst;)/(masc;)		danificar	(cl:vb;)/
dance	dança	(cl:subst;)/(fem;)		dançar	(cl:vb;)/
danger	perigo	(cl:subst;)/(masc;)
dangerous	perigoso	(cl:adj;)/
dark	escuro	(cl:adj;)/
darkness	escuridão	(cl:subst;sing;)/(fem;sing;)
data	dados	(cl:subst;plu;)/(plu;)
date	data	(cl:subst;)/(fem;)
daughter	filha	(cl:subst;fem;)/(fem;)
day	dia	(cl:subst;)/(masc;)
dead	morto	(cl:adj;)/
deadline	prazo	(cl:subst;)/(masc;)
deal	lidar	(cl:vb;)/		trato	(cl:subst;)/
death	morte	(cl:subst;)/(fem;)
december	Dezembro	(cl:subst;sing;)/(sing;)
decide	decidir	(cl:vb;)/
deck	convés	(cl:subst;)/(masc;)
declare	declarar	(cl:vb;)/
decrease	diminuir	(cl:vb;)/		diminuição	(cl:subst;)/
deep	fundo	(cl:adj;)/		abismo	(cl:subst;)/(masc;)		profundo	(cl:adj;)/
deeply	profundamente	(cl:adv;)/
deer	cervo	(cl:subst;)/
defense	defesa	(cl:subst;)/(fem;)
define	definir	(cl:vb;)/
degree	grau	(cl:subst;)/(masc;)
delay	atraso	(cl:subst;)/(masc;)
delete	apagar	(cl:vb;)/
demand	demanda	(cl:subst;)/(fem;)		exigir	(cl:vb;)/
democratic	democrático	(cl:adj;)/
dense	denso	(cl:adj;)/
dental	dental	(cl:adj;)/
department	departamento	(cl:subst;)/		departamento	(cl:subst;)/
depend	depender	(cl:vb;)/
dependent	dependente	(cl:adj;)/
deployment	implementação	(cl:subst;)/
deposit	depósito	(cl:subst;)/(masc;)		depositar	(cl:vb;)/
describe	descrever	(cl:vb;)/
description	descrição	(cl:subst;)/(fem;)
desert	deserto	(cl:subst;)/(masc;)
design	projetar	(cl:vb;)/		projeto	(cl:subst;)/(masc;)		projeto	(cl:subst;)/(masc;)
designate	designar	(cl:vb;)/
dessert	sobremesa	(cl:subst;)/(fem;)
destination	destino	(cl:subst;)/
destiny	destino	(cl:subst;)/(masc;)
destruction	destruição	(cl:subst;)/(fem;)
detail	detalhe	(cl:subst;)/(masc;)
detailed	detalhado	(cl:adj;)/
determination	determinação	(cl:subst;)/
determine	determinar	(cl:vb;)/		determinar	(cl:vb;)/
develop	desenvolver	(cl:vb;)/
developer	desenvolvedor	(cl:subst;)/
development	desenvolvimento	(cl:subst;)/(masc;)
device	aparelho	(cl:subst;)/(masc;)
devour	devorar	(cl:vb;)/
diabetes	diabetes	(cl:subst;)/
diagnosis	diagnóstico	(cl:subst;)/(masc;)
dial	discar	(cl:vb;)/		relógio de sol	(cl:subst;)/
diarrhoea	diarréia	(cl:subst;)/(fem;)
dice	dados	(cl:subst;plu;)/(plu;)
dictionary	dicionário	(cl:subst;)/(masc;)
die	morrer	(cl:vb;)/
diet	dieta	(cl:subst;)/(fem;)		fazer dieta	(cl:vb;)/
dietary	de dieta	(cl:adj;)/
difference	diferença	(cl:subst;)/(fem;)
different	diferente	(cl:adj;)/		diferente	(cl:adj;)/
difficult	difícil	(cl:adj;)/
dining room	sala de jantar	(cl:subst;)/
dinner	jantar	(cl:subst;)/(masc;)
direct	direto	(cl:adj;)/		imediatamente	(cl:adv;)/		dirigir	(cl:vb;)/
direction	direção	(cl:subst;)/(fem;)		direção	(cl:subst;)/(fem;)
directly	diretamente	(cl:adv;)/
director	diretor	(cl:subst;)/
directory	diretório	(cl:subst;)/(masc;)		lista	(cl:subst;)/
dirty	sujo	(cl:adj;)/
discipline	disciplina	(cl:subst;)/(fem;)
discourage	desencorajar	(cl:vb;)/
discover	descobrir	(cl:vb;)/
discuss	discutir	(cl:vb;)/
disease	doença	(cl:subst;)/(fem;)
dish	prato	(cl:subst;)/(masc;)
disorder	desordem	(cl:subst;)/(fem;)
display	exibição	(cl:subst;)/		exibir	(cl:vb;)/
distance	distância	(cl:subst;)/(fem;)
distinct	evidente	(cl:adj;)/
distribute	distribuir	(cl:vb;)/
district	distrito	(cl:subst;)/(masc;)
divide	dividir	(cl:vb;)/
divided	dividido	(cl:adj;)/
divine	divino	(cl:adj;)/
do	fazer	(cl:vb;)/
doctor	médico	(cl:subst;)/
document	documento	(cl:subst;)/(masc;)		documentar	(cl:vb;)/
dog	cachorro	(cl:subst;)/(masc;)
dollar	dólar	(cl:subst;)/(masc;)
domestic	doméstico	(cl:adj;)/
dominant	dominante	(cl:adj;)/
dominion	domínio	(cl:subst;)/
don	dom	(cl:subst;)/
donkey	burro	(cl:subst;)/(masc;)
door	porta	(cl:subst;)/(fem;)
dosage	dosagem	(cl:subst;)/
dose	dose	(cl:subst;)/(fem;)
doubt	dúvida	(cl:subst;)/(fem;)
down	abaixo	(cl:adv;)/		abaixo	(cl:prep;)/
downtown	centro da cidade	(cl:subst;)/
dozen	dúzia	(cl:subst;)/(fem;)
dr	dr	(cl:abbrev;)/
dream	sonhar	(cl:vb;)/		sonho	(cl:subst;)/(masc;)
dress	vestido	(cl:subst;)/(masc;)		vestir	(cl:vb;)/
drink	beber	(cl:vb;)/		bebida	(cl:subst;)/(fem;)
drive	dirigir	(cl:vb;)/		conduzir	(cl:vb;)/		passeio	(cl:subst;)/(masc;)
drug	droga	(cl:subst;)/(fem;)
drugs	narcóticos	(cl:subst;)/
drum	tambor	(cl:subst;)/(masc;)
dry	seco	(cl:adj;)/		secar	(cl:vb;)/
dual	dual	(cl:adj;)/
duck	pato	(cl:subst;)/
due	devido	(cl:adj;)/		direito	(cl:subst;)/
dumb	estúpido	(cl:adj;)/
duration	duração	(cl:subst;)/
during	durante	(cl:prep;)/
dust	pó	(cl:subst;)/(masc;)
duty	obrigação	(cl:subst;)/(fem;)
each	cada um	(cl:pron;sing;)/(sing;)		cada	(cl:art;sing;)/(sing;)
eagle	águia	(cl:subst;)/(fem;)
ear	ouvido	(cl:subst;)/(masc;)		orelha	(cl:subst;)/(fem;)
earlier	mais cedo	(cl:adj;)/
early	cedo	(cl:adj/adv;)/
earn	ganhar	(cl:vb;)/
earth	terra	(cl:subst;)/(fem;)
easier	mais fácil	(cl:adj;)/
easily	facilmente	(cl:adv;)/
east	leste	(cl:adj;)/		leste	(cl:subst;)/(masc;)
eastern	oriental	(cl:adj;)/
easy	fácil	(cl:adj;)/
eat	comer	(cl:vb;)/
economic	econômico	(cl:adj;)/
economics	economia	(cl:subst;plu;)/
economy	economia	(cl:subst;)/(fem;)
edge	borda	(cl:subst;)/(fem;)
edition	edição	(cl:subst;)/(fem;)		entrega	(cl:subst;)/
education	educação	(cl:subst;)/(fem;)		educação	(cl:subst;)/(fem;)
educational	educacional	(cl:adj;)/
eerie	sinistro	(cl:adj;)/
effect	efeito	(cl:subst;)/(masc;)		efeito	(cl:subst;)/(masc;)
effective	eficaz	(cl:adj;)/		soldado	(cl:subst;)/
effort	esforço	(cl:subst;)/(masc;)
egg	ovo	(cl:subst;)/(masc;)
eggplant	beringela	(cl:subst;)/(fem;)
eight	oito	(cl:num)/(cl:num)
eighty	oitenta	(cl:num)/(cl:num)
either	cada um	(cl:pron;sing;)/(sing;)		ou	(cl:conj;either ... or .... )/		qualquer	(cl:art;sing;)/(sing;)		tampouco	(cl:adv;)/
elbow	cotovelo	(cl:subst;)/(masc;)
elect	eleger	(cl:vb;)/
election	eleição	(cl:subst;)/(fem;)
electrical	elétrico	(cl:adj;)/
electricity	eletricidade	(cl:subst;)/(fem;)
electronic	eletrônico	(cl:adj;)/
elementary school	escola fundamental	(cl:subst;)/(fem;)
eleven	onze	(cl:num)/(cl:num)
eligible	elegível	(cl:adj;)/
eliminate	eliminar	(cl:vb;)/
elimination	eliminação	(cl:subst;)/
else	mais	(cl:adv;)/		senão	(cl:conj;)/
embassy	embaixada	(cl:subst;)/(fem;)
emergency	emergência	(cl:subst;)/(fem;)
emission	emissão	(cl:subst;)/(fem;)
employee	empregado	(cl:subst;)/
employer	empregador	(cl:subst;)/
employment	emprego	(cl:subst;)/(masc;)
empty	vazio	(cl:adj;)/
end	fim	(cl:subst;)/(masc;)		terminar	(cl:vb;)/
enemy	inimigo	(cl:subst;)/
energy	energia	(cl:subst;)/(fem;)
engineer	engenheiro	(cl:subst;)/
engineering	engenharia	(cl:subst;)/(fem;)
england	Inglaterra	(cl:pron;sing;)/(sing;)
english	inglês	(cl:adj/subst;)/
enjoy	apreciar	(cl:vb;)/		apreciar	(cl:vb;)/
enough	bastante	(cl:adj/adv;)/(cl:adj;)		bastante	(cl:pron;sing;)/(sing;)		suficiente	(cl:adj;/adv)/(/adv)
ensign	insígnia	(cl:subst;)/(fem;)
ensure	assegurar	(cl:vb;)/
enter	entrar	(cl:vb;)/
entertainment	entretenimento	(cl:subst;)/(masc;)
entire	inteiro	(cl:adj;)/
entirely	completamente	(cl:adv;)/
entirety	integridade	(cl:subst;)/
entry	entrada	(cl:subst;)/(fem;)
environment	ambiente	(cl:subst;)/
equal	igual	(cl:adj;)/
equality	igualdade	(cl:subst;)/
equipment	equipamento	(cl:subst;)/(masc;)		equipamento	(cl:subst;)/
err	errar	(cl:vb;)/
errand	encomenda	(cl:subst;)/
escape	escapar	(cl:vb;)/		fuga	(cl:subst;)/
especially	especialmente	(cl:adv;)/
essential	essencial	(cl:adj;)/
establish	estabelecer	(cl:vb;)/
etc	etc	(cl:subst;)/
europe	Europa	(cl:pron;sing;)/(sing;)
european	europeu	(cl:adj/subst;)/
evaluate	avaliar	(cl:vb;)/
even	mesmo	(cl:adv;)/		uniforme	(cl:adj;)/		até	(cl:adv;)/
evening	tarde	(cl:subst;)/
event	evento	(cl:subst;)/(masc;)
eventually	finalmente	(cl:adv;)/
ever	sempre	(cl:adv;)/
every	todo	(cl:art;sing;)/(sing;)
everything	tudo	(cl:pron;)/
everywhere	em toda parte	(cl:adv;)/
evidence	evidência	(cl:subst;)/
evil	mau	(cl:adj;)/
exact	exato	(cl:adj;)/
exactly	exatamente	(cl:adv;)/
exam	exame	(cl:subst;)/(masc;)
examine	examinar	(cl:vb;)/
example	exemplo	(cl:subst;)/(masc;)
excellent	excelente	(cl:adj;)/
except	exceto	(cl:prep;)/
exception	exceção	(cl:subst;)/(fem;)
exchange	trocar	(cl:vb;)/		troco	(cl:subst;)/(masc;)
excited	entusiasmado	(cl:adj;)/
exercise	exercício	(cl:subst;)/
exist	existir	(cl:vb;)/
expand	expandir	(cl:vb;)/
expect	esperar	(cl:vb;)/
expenses	despesa	(cl:subst;plu;)/(fem;)
expensive	caro	(cl:adj;)/
experience	experiência	(cl:subst;)/(fem;)		experimentar	(cl:vb;)/
experiment	experimento	(cl:subst;)/(fem;)		experimentar	(cl:vb;)/
experimental	experimental	(cl:adj;)/
expert	especialista	(cl:subst;)/
explain	explicar	(cl:vb;)/
explanation	explicação	(cl:subst;)/(fem;)
explore	explorar	(cl:vb;)/
expose	expor	(cl:vb;)/
express	expresso	(cl:adj;)/
expression	expressão	(cl:subst;)/
extend	estender	(cl:vb;)/
extra	extra	(cl:adj;)/
extreme	extremo	(cl:adj;)/
eye	olho	(cl:subst;)/(masc;)
face	face	(cl:subst;)/(fem;)		encarar	(cl:vb;)/
facility	instalação	(cl:subst;)/(fem;)
fact	fato	(cl:subst;)/(masc;)
factor	fator	(cl:subst;)/(masc;)
factory	fábrica	(cl:subst;)/(fem;)
faculty	faculdade	(cl:subst;)/
fail	falhar	(cl:vb;)/
failure	falha	(cl:subst;)/
fairly	razoavelmente	(cl:adv;)/
faith	fé	(cl:subst;)/(fem;)
fall	cair	(cl:vb;)/		queda	(cl:subst;)/(fem;)
fame	fama	(cl:subst;)/
familiar	familiar	(cl:adj;)/
family	família	(cl:subst;)/(fem;)
fantastic	fantástico	(cl:adj;)/
far	distante	(cl:adj;)/		longe	(cl:adv;)/
farm	fazenda	(cl:subst;)/(fem;)
farmer	fazendeiro	(cl:subst;)/
fast	rápido	(cl:adj/adv;)/(rapidamente)
fat	gordo	(cl:adj;)/
father	pai	(cl:subst;)/(masc;)
fault	falta	(cl:subst;)/
favor	favor	(cl:subst;)/(masc;)		favorecer	(cl:vb;)/
fear	medo	(cl:subst;)/(masc;)		temer	(cl:vb;)/
features	características	(cl:subst;plu)/(fem;plu;)
february	Fevereiro	(cl:subst;)/
fecal	fecal	(cl:adj;)/
feces	fezes	(cl:subst;plu;)/(plu;)
federal	federal	(cl:adj;)/
federation	federação	(cl:subst;)/
fee	taxa	(cl:subst;)/(fem;)
feed	alimentar	(cl:vb;)/		alimento	(cl:subst;)/(masc;)
feel	sentir	(cl:vb;)/
feeling	sentimento	(cl:subst;)/(masc;)
feline	felino	(cl:adj/subst;)/
felt	feltro	(cl:subst;)/(masc;)
female	feminino	(cl:adj;)/		fêmea	(cl:subst;)/(fem;)
fence	cerca	(cl:subst;)/(fem;)
feral	bravio	(cl:adj;)/
ferry	barca	(cl:subst;)/
fever	febre	(cl:subst;)/(fem;)
few	poucos	(cl:art/pronome;plu;)/(plu;)
field	campo	(cl:subst;)/(masc;)
fifteen	quinze	(cl:num)/(cl:num)
fifty	cinquenta	(cl:num)/(cl:num)
fight	briga	(cl:subst;)/		lutar	(cl:vb;)/		luta	(cl:subst;)/(fem;)
figure	figura	(cl:subst;)/(fem;)
file	arquivar	(cl:vb;)/		arquivo	(cl:subst;)/(masc;)
fill	encher	(cl:vb;)/
final	final	(cl:adj;)/
finally	finalmente	(cl:adv;)/
financial	financeiro	(cl:adj;)/
financing	financiamento	(cl:subst;)/
find	achar	(cl:vb;)/
find out	descobrir	(cl:vb;)/
fine	excelente	(cl:adj;)/		multar	(cl:vb;)/
finger	dedo	(cl:subst;)/(masc;)
finished	pronto	(cl:adj;)/
fire	fogo	(cl:subst;)/(masc;)		demitir	(cl:vb;)/
fire brigade	brigada de incêndio	(cl:subst;)/
firm	firme	(cl:adj;)/
first	primeiro	(cl:num;)/		primeiro	(cl:adv;)/
fish	peixe	(cl:subst;)/(masc;)
fist	punho	(cl:subst;)/(masc;)
fit	apropriado	(cl:adj;)/		ataque	(cl:subst;)/		caber	(cl:vb;)/		caimento	(cl:subst;sing;)/(sing;)
five	cinco	(cl:num;plu;)/(plu;)
flag	bandeira	(cl:subst;)/(fem;)		sinalizar	(cl:vb;)/
flea	pulga	(cl:subst;)/(fem;)
flee	fugir	(cl:vb;)/
flight	vôo	(cl:subst;)/(masc;)
flood	inundar	(cl:vb;)/		inundação	(cl:subst;)/
floor	piso	(cl:subst;)/(masc;)
flour	farinha	(cl:subst;)/(fem;)
flower	flor	(cl:subst;)/(fem;)
fly	mosca	(cl:subst;)/(fem;)
follow	seguir	(cl:vb;)/
follower	seguidor	(cl:subst;)/
food	comida	(cl:subst;)/(fem;)
foot	pé	(cl:subst;)/(masc;)
for	para	(cl:prep;)/		por	(cl:prep;)/
forbid	proibir	(cl:vb;)/
force	forçar	(cl:vb;)/		força	(cl:subst;)/(fem;)		força	(cl:subst;)/
forehead	testa	(cl:subst;)/(fem;)
foreign	estrangeiro	(cl:adj;)/
forename	primeiro nome	(cl:subst;)/		pré-nome	(cl:subst;)/
forest	floresta	(cl:subst;)/(fem;)
forgive	perdoar	(cl:vb;)/
fork	garfo	(cl:subst;)/(masc;)
form	formar	(cl:vb;)/		forma	(cl:subst;)/(fem;)		formulário	(cl:subst;)/(masc;)
formal	formal	(cl:adj;)/
former	antigo	(cl:adj;)/		anterior	(cl:adj;)/
forty	quarenta	(cl:num)/(cl:num)
forward	adiante	(cl:adv;)/		adiantado	(cl:adj;)/
found	fundar	(cl:vb;)/
four	quatro	(cl:num)/(cl:num)
fourth	quarto	(cl:num;)/
fox	raposa	(cl:subst;)/(fem;)
frame	moldura	(cl:subst;)/
france	França	(cl:subst;)/(sing;)
free	livre	(cl:adj;)/
freedom	liberdade	(cl:subst;)/(fem;)
freely	livremente	(cl:adv;)/
french	francês	(cl:subst;)/		francês	(cl:adj;)/
frequency	frequência	(cl:subst;)/
frequent	frequente	(cl:adj;)/
frequently	frequentemente	(cl:adv;)/
fresh	fresco	(cl:adj;)/
friday	Sexta-Feira	(cl:subst;)/
friend	amigo	(cl:subst;)/
frog	rã	(cl:subst;)/(fem;)
from	de	(cl:prep;)/
from where	de onde	/
front	frente	(cl:subst;)/		frontal	(cl:adj;)/
fruit	fruta	(cl:subst;)/(fem;)
full	cheio	(cl:adj;)/
fully	completamente	(cl:adv;)/
fun	divertido	(cl:adj;)/		diversão	(cl:subst;)/(fem;)
function	função	(cl:subst;)/(fem;)
fund	fundar	(cl:vb;)/		fundo	(cl:subst;)/
funny	engraçado	(cl:adj;)/		esquisito	(cl:adj;)/
fur	pele de animal	(cl:subst;)/
furniture	mobília	(cl:subst;)/(fem;)
further	a mais	(cl:adj;)/		além	(cl:adv;)/
future	futuro	(cl:subst;)/(masc;)
gallery	galeria	(cl:subst;)/(fem;)
game	jogo	(cl:subst;)/(masc;)
garbage	lixo	(cl:subst;)/(masc;)
garden	jardim	(cl:subst;)/(masc;)
garlic	alho	(cl:subst;)/(masc;)
gas	gás	(cl:subst;)/(masc;)
gate	portão	(cl:subst;)/(masc;)
gender	gênero	(cl:subst;)/
gene	gene	(cl:subst;)/(masc;)
general	geral	(cl:adj;)/		general	(cl:subst;)/
generally	geralmente	(cl:adv;)/		em geral	(cl:adv;)/
generator	gerador	(cl:subst;)/(masc;)
genes	genes	(cl:subst;)/
genetics	genética	(cl:subst;)/
geneva	Genebra	(cl:subst;)/
gentleman	cavalheiro	(cl:subst;)/(masc;)
genuin	genuíno	(cl:adj;)/
germany	Alemanha	(cl:pron;sing;)/(sing;)
get	ficar	(cl:vb;)/		tomar	(cl:vb;)/		ganhar	(cl:vb;)/
ghost	espírito	(cl:subst;)/
gift	presente	(cl:subst;)/(masc;)
giraffe	girafa	(cl:subst;)/(fem;)
girl	menina	(cl:subst;fem;)/(fem;)
give	dar	(cl:vb;)/		presentear	(cl:vb;)/
give up	desistir	(cl:vb;)/
glass	copo	(cl:subst;)/(masc;)		vidro	(cl:subst;)/(masc;)
go	ir	(cl:vb;)/
go out	sair	(cl:vb;)/
goal	meta	(cl:subst;)/(fem;)
goat	cabra	(cl:subst;)/(fem;)
god	deus	(cl:subst;)/
going	ir	(cl:vb;)/
gold	ouro	(cl:subst;)/(masc;)
good	bom	(cl:adj;)/		bem	(cl:subst;)/
goods	mercadoria	(cl:subst;plu;)/(fem;)
goose	ganso	(cl:subst;)/(masc;)
gore	sangria	(cl:subst;)/
government	governo	(cl:subst;)/(masc;)
governor	governador	(cl:subst;)/
gradually	gradualmente	(cl:adv;)/
graduate	graduar	(cl:vb;)/
grandfather	avô	(cl:subst;)/(masc;)
grandmother	avó	(cl:subst;)/(fem;)
grandson	neto	(cl:subst;)/
grant	conceder	(cl:vb;)/
grape	uva	(cl:subst;)/(fem;)
grass	grama	(cl:subst;)/
gray	cinza	(cl:adj/subst;)/
great	grandioso	(cl:adj;)/
great-grandmother	bisavó	(cl:subst;)/(fem;)
great-grandson	bisneto	(cl:subst;)/
greater	maior	(cl:adj;)/
greek	grego	(cl:adj;)/
green	verde	(cl:adj;)/
greeting	saudação	(cl:subst;)/(fem;)
grey	cinzento	(cl:adj/subst;)/
grid	grade	(cl:subst;)/
grids	grade	(cl:subst;)/
grind	moer	(cl:vb;)/
groom	tratar	(cl:vb;)/		cavalariço	(cl:subst;)/
ground	solo	(cl:subst;)/(masc;)
group	grupo	(cl:subst;)/(masc;)		agrupar	(cl:vb;)/
grow	crescer	(cl:vb;)/
growth	crescimento	(cl:subst;)/(masc;)
guarantee	garantir	(cl:vb;)/		garantia	(cl:subst;)/(fem;)
guaranteed	garantido	(cl:adj;)/
guard	vigiar	(cl:vb;)/		guarda	(cl:subst;)/
guess	adivinhar	(cl:vb;)/
guest	hóspede	(cl:subst;)/
guest house	pensão	(cl:subst;)/
guide	guiar	(cl:vb;)/		guia	(cl:subst;)/
guitar	violão	(cl:subst;)/(masc;)
had	possuir	(cl:vb;)/		possuir	(cl:vb;)/
hair	cabelo	(cl:subst;)/(masc;)
half	meio	(cl:adj;)/		metade	(cl:pron;sing;)/(sing;)
half brother	meio irmão	(cl:subst;)/
hall	salão	(cl:subst;)/
hand	mão	(cl:subst;)/(fem;)		entregar	(cl:vb;)/
hand in	entregar	(cl:vb;)/
handle	tratar	(cl:vb;)/		manivela	(cl:subst;)/(fem;)
hang	pendurar	(cl:vb;)/
hanging	suspenso	(cl:adj;)/
happen	acontecer	(cl:vb;)/		acontecer	(cl:vb;)/
happiness	felicidade	(cl:subst;)/(fem;)
happy	feliz	(cl:adj;)/
hard	muito	(cl:adv;)/		duro	(cl:adj;)/
hard disk	disco rígido	(cl:subst;)/(masc;)
harder	mais duro	(cl:adj;)/
hardly	mal	(cl:adv;)/
harvest	colheita	(cl:subst;)/(fem;)		colher	(cl:vb;)/
hat	chapéu	(cl:subst;)/(masc;)
hate	odiar	(cl:vb;)/
hatred	ódio	(cl:subst;)/(masc;)
have	ter	(cl:vb;)/
he	ele	(cl:pron;sing;masc;)/(sing;masc;)
head	cabeça	(cl:subst;)/(fem;)
headquarters	matriz	(cl:subst;)/
health	saúde	(cl:subst;sing;)/(fem;sing;)
healthy	saudável	(cl:adj;)/
hear	ouvir	(cl:vb;)/
heart	coração	(cl:subst;)/(masc;)
heat	calor	(cl:subst;)/(masc;)		aquecer	(cl:vb;)/
heavily	pesadamente	(cl:adv;)/
heavy	pesado	(cl:adj;)/
heel	calcanhar	(cl:subst;)/(masc;)
height	altura	(cl:subst;)/(fem;)
hell	inferno	(cl:subst;)/(masc;)
hello	oi	(cl:interj;)/
help	ajudar	(cl:vb;)/		ajuda	(cl:subst;)/
helpful	prestativo	(cl:adj;)/
hen	galinha	(cl:subst;)/(fem;)
hence	daí	(cl:adv;)/
her	ela	(cl:pron;sing;fem;)/(sing;fem;)		a	(cl:pron;sing;fem;)/(sing;fem;)		seu	(cl:pron;)/
here	aqui	(cl:adv;)/
hidden	oculto	(cl:adj;)/
hide	esconder	(cl:vb;)/
high	alto	(cl:adj/adv;)/
higher	mais alto	(cl:adj;)/
highest	mais alto	(cl:adj;)/
highly	altamente	(cl:adv;)/
highway	estrada de rodagem	(cl:subst;)/(fem;)
hike	caminhar	(cl:vb;)/
hill	colina	(cl:subst;)/
him	ele	(cl:pron;sing;masc;)/(sing;masc;)		o	(cl:pron;sing;masc;)/(sing;masc;)
himself	ele mesmo	(cl:pron;sing;masc;)/(sing;masc;)
hip	quadril	(cl:subst;)/(masc;)
hire	contratar	(cl:vb;)/
his	seu	(cl:pron;)/		dele	(cl:pron;)/
historic	histórico	(cl:adj;)/
historical	histórico	(cl:adj;)/
history	história	(cl:subst;)/(fem;)
hit	bater	(cl:vb;)/		golpe	(cl:subst;)/(masc;)
hold	segurar	(cl:vb;)/		manter	(cl:vb;)/		manter	(cl:vb;)/		suporte	(cl:subst;)/(masc;)
hole	buraco	(cl:subst;)/(masc;)
holy	sagrado	(cl:adj;)/
home	lar	(cl:subst;)/(masc;)
homeland	pátria	(cl:subst;)/(fem;)
honest	honesto	(cl:adj;)/
honey	mel	(cl:subst;)/(masc;)
honor	honra	(cl:subst;)/(fem;)		honrar	(cl:vb;)/
hope	esperar	(cl:vb;)/		esperança	(cl:subst;)/(fem;)		esperar	(cl:vb;)/(ter esperança)
horn	chifre	(cl:subst;)/(masc;)
horse	cavalo	(cl:subst;)/(masc;)
hospital	hospital	(cl:subst;)/(masc;)
host	hospedar	(cl:vb;)/
hostile	hostil	(cl:adj;)/
hot	quente	(cl:adj;)/		de modo quente	(cl:adv;)/
hotel	hotel	(cl:subst;)/(masc;)
hour	hora	(cl:subst;)/(fem;)		hora	(cl:subst;)/(fem;)
house	casa	(cl:subst;fem;)/(fem;)		domiciliar	(cl:adj;)/
household	casa	(cl:subst;)/(fem;)
how	como	(cl:adv;)/		como	(cl:conj;)/		de que modo	/(cl:adv;)
how much	quanto	(cl:adv;)/
however	porém	(cl:conj;)/		por mais que	(cl:adv;)/
human	homem	(cl:subst;)/(masc;humano;)		humano	(cl:adj;)/
humane	humanitário	(cl:adj;)/
humanity	humanidade	(cl:subst;)/
hundred	cem	(cl:num)/(cl:num)
hunger	fome	(cl:subst;)/(fem;)
i	eu	(cl:pron;sing;)/(sing;)
i am sorry	lamento	(cl:expr;)/
ice	gelo	(cl:subst;)/(masc;)
idea	idéia	(cl:subst;)/(fem;)		idéia	(cl:subst;)/(fem;)
if	se	(cl:conj;)/		se	(cl:conj;)/
illegal	ilegal	(cl:adj;)/
image	imagem	(cl:subst;)/(fem;)
imagine	imaginar	(cl:vb;)/
immediate	imediato	(cl:adj;)/
immediately	imediatamente	(cl:adv;)/
immigrant	imigrante	(cl:subst;)/
immigrate	imigrar	(cl:vb;)/
immigration	imigração	(cl:subst;)/(fem;)
immune	imune	(cl:adj;)/
immunity	imunidade	(cl:subst;)/(fem;)
impact	impacto	(cl:subst;)/(masc;)
important	importante	(cl:adj;)/
impossible	impossível	(cl:adj;)/
impression	impressão	(cl:subst;)/
improve	melhorar	(cl:vb;)/
improvement	melhora	(cl:subst;)/
in	em	(cl:prep;)/		dentro	(cl:prep;)/		dentro	(cl:adv;)/
in any case	em todo caso	(cl:adv;)/
in charge	responsável	(cl:adj;)/
inappropriate	impróprio	(cl:adj;)/
inch	polegada	(cl:subst;)/(fem;)
incident	incidente	(cl:subst;)/
include	incluir	(cl:vb;)/
including	inclusive	(cl:adv;)/
income	receita	(cl:subst;)/(fem;)
incorporate	incorporar	(cl:vb;)/
increase	aumentar	(cl:vb;)/
indeed	inteiramente	(cl:adv;)/
independence	independência	(cl:subst;)/(fem;)
independent	independente	(cl:adj;)/
indian	índio	(cl:adj;)/		índio	(cl:subst;)/
indicate	indicar	(cl:vb;)/
individual	individual	(cl:adj;)/		indivíduo	(cl:subst;)/		individual	(cl:adj;)/
indoor	interno	(cl:adj;)/
indoors	dentro	(cl:adv;)/
industrial	industrial	(cl:adj;)/
industry	indústria	(cl:subst;)/(fem;)
infected	infectado	(cl:adj;)/		infectar	(cl:vb;)/
infection	infecção	(cl:subst;)/(fem;)
infectious	contagioso	(cl:adj;)/
inflammation	inflamação	(cl:subst;)/(fem;)
influence	influência	(cl:subst;)/(fem;)
information	informação	(cl:subst;)/(fem;)
infrastructure	Infraestrutura	(cl:subst;)/(fem;)
ingestion	ingestão	(cl:subst;)/
inhabitant	habitante	(cl:subst;)/
injure	ferir	(cl:vb;)/
innovation	novidade	(cl:subst;)/
insect	inseto	(cl:subst;)/(masc;)
inside	interior	(cl:subst;)/(masc;)		dentro	(cl:adv;)/
instance	instância	(cl:subst;)/(fem;)
instant	instante	(cl:subst;)/(masc;)
instead	em vez de	(cl:adv;)/
institute	instituto	(cl:subst;)/(masc;)		instituir	(cl:vb;)/
instruction	instrução	(cl:subst;)/
instrument	instrumento	(cl:subst;)/(masc;)
insurance	seguro	(cl:subst;)/(masc;)
intact	intacto	(cl:adj;)/
intake	entrada	(cl:subst;)/
intelligence	inteligência	(cl:subst;)/(fem;)
intend	pretender	(cl:vb;)/
interaction	relação	(cl:subst;)/
interest	interesse	(cl:subst;)/		interesse	(cl:subst;)/		juro	(cl:subst;)/(masc;)
interested	interessado	(cl:adj;)/
interesting	interessante	(cl:adj;)/
internal	interno	(cl:adj;)/
international	internacional	(cl:adj;)/
intestinal	intestinal	(cl:adj;)/
intestine	intestino	(cl:subst;)/(masc;)
into	em	(cl:prep;)/
introduce	introduzir	(cl:vb;)/		apresentar	(cl:vb;)/
introduction	introdução	(cl:subst;)/(fem;)
invention	invenção	(cl:subst;)/
investigation	investigação	(cl:subst;)/(fem;)
investment	investimento	(cl:subst;)/(masc;)
invisible	invisível	(cl:adj;)/
invitation	convite	(cl:subst;)/(masc;)
involve	envolver	(cl:vb;)/
iron	ferro	(cl:subst;)/(masc;)
irritation	irritação	(cl:subst;)/(fem;)
island	ilha	(cl:subst;)/(fem;)
issue	emissão	(cl:subst;)/(fem;)		emitir	(cl:vb;)/
it	ele	(cl:pron;sing;)/(sing;)		o	(cl:pron;sing;)/(sing;)
italy	Itália	(cl:pron;sing;)/(sing;)
item	item	(cl:subst;)/(masc;)
its	seu	(cl:pron;)/
itself	si próprio	(cl:pron;sing;)/(sing;)
ivy	hera	(cl:subst;)/(fem;)
jack	içar	(cl:vb;)/
jacket	jaqueta	(cl:subst;)/(fem;)
jail	cadeia	(cl:subst;)/(fem;)
january	Janeiro	(cl:subst;sing;)/(sing;)
jean	brim	(cl:subst;)/
jewelry	adorno	(cl:subst;)/		jóias	(cl:subst;)/(plu;)
job	trabalho	(cl:subst;)/(masc;)
join	juntar	(cl:vb;)/
joint	conjunto	(cl:adj;)/		junta	(cl:subst;)/
joke	piada	(cl:subst;)/(fem;)
journal	diário	(cl:subst;)/
joy	alegria	(cl:subst;)/(fem;)
judge	juiz	(cl:subst;)/
juice	suco	(cl:subst;)/(masc;)
july	Julho	(cl:subst;sing;)/(sing;)
jump	pular	(cl:vb;)/
june	Junho	(cl:subst;sing;)/(sing;)
just	justo	(cl:adj/adv;)/		há pouco	(cl:adv;)/
keep	guardar	(cl:vb;)/		manter	(cl:vb;)/
kennel	canil	(cl:subst;)/
key	chave	(cl:subst;)/(fem;)		fundamental	(cl:adj;)/		tecla	(cl:subst;)/(fem;)
keyboard	teclado	(cl:subst;)/(masc;)
kick	chutar	(cl:vb;)/
kidney	rim	(cl:subst;)/(masc;)
kill	matar	(cl:vb;)/
kind	tipo	(cl:subst;)/(masc;)		amável	(cl:adj;)/		simpático	(cl:adj;)/
king	rei	(cl:subst;)/(masc;)
kiss	beijo	(cl:subst;)/(masc;)
kitchen	cozinha	(cl:subst;)/
kitten	gatinho	(cl:subst;)/
kitty	gato	(cl:subst;)/
knee	joelho	(cl:subst;)/(masc;)
knife	faca	(cl:subst;)/(fem;)
knight	cavaleiro	(cl:subst;)/(masc;)
know	saber	(cl:vb;)/		conhecer	(cl:vb;)/
knowledge	conhecimento	(cl:subst;)/(masc;)
known	conhecido	(cl:adj;)/
labour	trabalho	(cl:subst;)/
lack	falta	(cl:subst;)/
lad	moço	(cl:subst;)/(masc;)
ladder	escada	(cl:subst;)/(fem;)
lady	senhora	(cl:subst;fem;)/(fem;)
lake	lago	(cl:subst;)/(masc;)
lamb	carne de cordeiro	(cl:subst;)/		cordeiro	(cl:subst;)/(masc;)
lamp	lâmpada	(cl:subst;)/(fem;)
land	terra	(cl:subst;)/(fem;)		desembarcar	(cl:vb;)/
language	idioma	(cl:subst;)/(fem;)		língua	(cl:subst;)/
large	grande	(cl:adj;)/
last	durar	(cl:vb;)/		demorar	(cl:vb;)/		por último	(cl:adv;)/		último	(cl:num;)/
late	atrasado	(cl:adj;)/
latent	latente	(cl:adj;)/
later	mais tarde	(cl:adv;)/
laugh	rir	(cl:vb;)/
laughter	gargalhada	(cl:subst;)/(fem;)
laundry	lavanderia	(cl:subst;)/(fem;)
law	lei	(cl:subst;)/
lawyer	advogado	(cl:subst;)/
lay	deitar	(cl:vb;)/		leigo	(cl:adj;)/		por	(cl:vb;)/
lazy	preguiçoso	(cl:adj;)/
lead	conduzir	(cl:vb;)/		chumbo	(cl:subst;)/(masc;)
leader	líder	(cl:subst;)/
leadership	chefia	(cl:subst;)/
leaf	folha	(cl:subst;)/(fem;)
league	liga	(cl:subst;)/(fem;)
learn	aprender	(cl:vb;)/
least	menor	(cl:adj;)/
leather	couro	(cl:subst;)/(masc;)
leave	deixar	(cl:vb;)/		licença	(cl:subst;)/
lecture	discursar	(cl:vb;)/		conferência	(cl:subst;)/
left	esquerdo	(cl:adj;)/		esquerda	(cl:subst;)/(fem;)
leg	perna	(cl:subst;)/(fem;)
legal	legal	(cl:adj;)/
legislation	legislação	(cl:subst;)/
legislative	poder legislativo	(cl:subst;)/		legislativo	(cl:adj;)/
legislature	legislatura	(cl:subst;)/
lemon	limão	(cl:subst;)/(masc;)
length	comprimento	(cl:subst;)/
less	menos	(cl:adv;)/
lesson	lição	(cl:subst;)/(fem;)
let	deixar	(cl:vb;)/
letter	carta	(cl:subst;)/(fem;)
level	nível	(cl:subst;)/(masc;)
liberal	liberal	(cl:adj;)/
library	biblioteca	(cl:subst;)/(fem;)
lid	tampa	(cl:subst;)/(fem;)
lie	mentir	(cl:vb;)/		deitar	(cl:vb;)/		mentira	(cl:subst;)/(fem;)
life	vida	(cl:subst;)/(fem;)
lift	elevador	(cl:subst;)/(masc;)
light	luz	(cl:subst;)/(fem;)		leve	(cl:adj;)/		acender	(cl:vb;)/		ligeiro	(cl:adj;)/
lighter	isqueiro	(cl:subst;)/(masc;)
lightning	relâmpago	(cl:subst;)/(masc;)
like	gostar	(cl:vb;)/		como	(cl:conj;)/		como	(cl:prep;)/
likely	provavelmente	(cl:adv;)/		provável	(cl:adj;)/
limit	limitar	(cl:vb;)/		limite	(cl:subst;)/(masc;)
line	linha	(cl:subst;)/(fem;)
lion	leão	(cl:subst;)/(masc;)
lip	lábio	(cl:subst;)/(masc;)
list	listar	(cl:vb;)/		lista	(cl:subst;)/(fem;)
listen	escutar	(cl:vb;)/
liter	litro	(cl:subst;)/(masc;)
litter	lixo	(cl:subst;)/(masc;)
little	pequeno	(cl:adj;)/		pouco	(cl:pron;sing;)/(sing;)		pouco	(cl:adv;)/
live	viver	(cl:vb;)/		vivo	(cl:adj;)/		morar	(cl:vb;)/
liver	fígado	(cl:subst;)/(masc;)
living	vivo	(cl:adj;)/
living room	sala de estar	(cl:subst;)/
local	local	(cl:adj;)/
locate	localizar	(cl:vb;)/
location	posição	(cl:subst;)/(fem;)
lodging	alojamento	(cl:subst;)/
log	anotar	(cl:vb;)/		tronco	(cl:subst;)/(masc;)
london	Londres	(cl:pron;sing;)/(sing;)
long	longo	(cl:adj;)/		almejar	(cl:vb;)/		muito tempo	(cl:adv;)/
longer	por mais tempo	(cl:adv;)/
look	parecer	(cl:vb;)/
look at	olhar	(cl:vb;)/
look for	buscar	(cl:vb;)/
look like	parecer	(cl:vb;)/
lord	lorde	(cl:subst;)/		senhor	(cl:subst;)/(masc;)
lose	perder	(cl:vb;)/		perder	(cl:vb;)/(reflex;)
loss	perda	(cl:subst;)/(fem;)
lost	perdido	(cl:adj;)/
lot	porção	(cl:subst;)/		porção	(cl:subst;)/		muito	(cl:adv;)/
loud	barulhento	(cl:adj;)/
loudspeaker	alto-falante	(cl:subst;)/
love	amar	(cl:vb;)/		amor	(cl:subst;)/(masc;)
low	baixo	(cl:adj/adv;)/
lower	mais baixo	(cl:adj;)/
luck	sorte	(cl:subst;)/(fem;)
lunch	almoço	(cl:subst;)/(masc;)
lung	pulmão	(cl:subst;)/(masc;)
machine	máquina	(cl:subst;)/(fem;)
magazine	revista	(cl:subst;)/(fem;)
maid	moça	(cl:subst;)/
mail	remeter	(cl:vb;)/		remeter	(cl:vb;)/		correio	(cl:subst;)/(masc;)
mailbag	mala postal	(cl:subst;)/
mailbox	caixa de correio	(cl:subst;)/
main	principal	(cl:adj;)/
main course	prato principal	(cl:subst;)/(masc;)
maintain	manter	(cl:vb;)/
maintenance	manutenção	(cl:subst;)/
major	major	(cl:subst;)/		principal	(cl:adj;)/
majority	maioria	(cl:subst;)/(fem;)
make	fazer	(cl:vb;)/
male	macho	(cl:adj;)/
mall	centro de compras	(cl:subst;)/
mammal	mamífero	(cl:subst;)/(masc;)
man	homem	(cl:subst;)/(masc;)
manage	administrar	(cl:vb;)/
management	administração	(cl:subst;)/(fem;)
manager	gerente	(cl:subst;)/
mankind	humanidade	(cl:subst;)/(fem;)
many	muitos	(cl:pron;plu;)/(plu;)		inúmeros	(cl:adj;)/
map	mapa	(cl:subst;)/(masc;)
maple	bordo	(cl:subst;)/
marble	mármore	(cl:subst;)/(masc;)
march	marchar	(cl:vb;)/		marcha	(cl:subst;)/(fem;)		Março	(cl:subst;sing;)/(sing;)
marine	fuzileiro naval	(cl:subst;)/		marinho	(cl:adj;)/
maritime	marítimo	(cl:adj;)/
mark	marcar	(cl:vb;)/		marca	(cl:subst;)/(fem;)
market	mercado	(cl:subst;)/(masc;)
marking	marca	(cl:subst;)/(fem;)
marmelade	geléia	(cl:subst;)/(fem;)
married	casado	(cl:adj;)/
marry	casar	(cl:vb;)/
mass	massa	(cl:subst;)/(fem;)
master	mestre	(cl:subst;)/		dominar	(cl:vb;)/
match	fósforo	(cl:subst;)/(masc;)
material	material	(cl:adj;)/		material	(cl:subst;)/
matter	importar	(cl:vb;)/		matéria	(cl:subst;)/(fem;)		coisa	(cl:subst;)/
may	poder	(cl:vb;)/		Maio	(cl:subst;)/(masc;)		poder	(cl:vb;)/
mayor	prefeito	(cl:subst;)/
me	mim	(cl:pron;sing;)/(sing;)		me	(cl:pron;sing;)/(sing;)
meadow	prado	(cl:subst;)/(masc;)
mean	significar	(cl:vb;)/		mesquinho	(cl:adj;)/
means	meios	(cl:subst;)/
measure	medida	(cl:subst;)/(fem;)		medir	(cl:vb;)/		medir	(cl:vb;)/
meat	carne	(cl:subst;)/(fem;)
mecca	Meca	(cl:pron;sing;)/(sing;)
medical	médico	(cl:adj;)/
medication	medicação	(cl:subst;)/
medicine	medicamento	(cl:subst;)/(masc;)
mediterranean	mediterrâneo	(cl:adj;)/
meet	encontrar	(cl:vb;)/(refl;)
meeting	reunião	(cl:subst;)/(fem;)
member	membro	(cl:subst;)/(masc;)
memorial	monumento	(cl:subst;)/(masc;)		comemorativo	(cl:adj;)/
memory	memória	(cl:subst;)/(fem;)
mention	mencionar	(cl:vb;)/
menu	menu	(cl:subst;)/(masc;)
message	mensagem	(cl:subst;)/(fem;)
messenger	mensageiro	(cl:subst;)/
metal	metal	(cl:subst;)/(masc;)
method	método	(cl:subst;)/(masc;)
mexico	México	(cl:pron;sing;)/(sing;)
middle	meio	(cl:subst;)/(masc;)
midnight	meia noite	(cl:subst;)/
might	poder	(cl:vb;)/
mild	suave	(cl:adj;)/
mile	milha	(cl:subst;)/(fem;)
military	militar	(cl:subst;)/(masc;)		militar	(cl:adj;)/
milk	leite	(cl:subst;)/(masc;)
mill	moinho	(cl:subst;)/
million	milhão	(cl:num;)/
mind	mente	(cl:subst;)/(fem;)		importar-se	(cl:vb;)/
minimize	minimizar	(cl:vb;)/
minimum	mínimo	(cl:subst;)/
minister	ministro	(cl:subst;)/
minor	secundário	(cl:adj;)/
minority	minoria	(cl:subst;)/(fem;)
minute	minuto	(cl:subst;)/(masc;)
miracle	milagre	(cl:subst;)/(masc;)
mirror	espelho	(cl:subst;)/(masc;)
miss	perder	(cl:vb;)/		sentir falta	(cl:vb;)/
mission	missão	(cl:subst;)/(fem;)
model	modelo	(cl:subst;)/
modern	moderno	(cl:adj;)/
modify	modificar	(cl:vb;)/
monday	Segunda-Feira	(cl:subst;)/
money	dinheiro	(cl:subst;)/(masc;)		moeda	(cl:subst;)/
monkey	macaco	(cl:subst;)/
month	mês	(cl:subst;)/(masc;)
monthly	mensalmente	(cl:adv;)/
moon	lua	(cl:subst;)/(fem;)
moral	moral	(cl:adj;)/
more	mais	(cl:pron;)/		mais	(cl:adv;)/
morning	manhã	(cl:subst;)/(fem;)
most	a maior parte	(cl:pron;)/		mais	(cl:adv;)/
mostly	na maior parte	(cl:adv;)/
mother	mãe	(cl:subst;)/(fem;)
motorcycle	motocicleta	(cl:vb;)/(cl:subst;fem;)
mount	monte	(cl:subst;)/(masc;)
mountain	montanha	(cl:subst;)/(fem;)
mouse	camundongo	(cl:subst;)/(masc;)
mouth	boca	(cl:subst;)/(fem;)
move	mover	(cl:vb;)/
movement	movimento	(cl:subst;)/(masc;)
much	muito	(cl:adv;)/		muito	(cl:art;sing;)/(sing;)
multiple	múltiplo	(cl:adj;)/
murderer	assassino	(cl:subst;)/
muscle	músculo	(cl:subst;)/(masc;)
museum	museu	(cl:subst;)/(masc;)
mushroom	cogumelo	(cl:subst;)/(masc;)
music	música	(cl:subst;)/(fem;)		música	(cl:subst;)/(fem;)
must	dever	(cl:vb;)/
mustard	mostarda	(cl:subst;)/(fem;)
my	meu	(cl:pron;)/
mystery	mistério	(cl:subst;)/(masc;)
nail	unha	(cl:subst;)/(fem;)		prego	(cl:subst;)/(masc;)
name	nome	(cl:subst;)/(masc;)		chamar	(cl:vb;)/
nation	nação	(cl:subst;)/(fem;)		nação	(cl:subst;)/
national	nacional	(cl:adj;)/
native	nativo	(cl:adj;)/
natural	natural	(cl:adj;)/
naturally	naturalmente	(cl:adv;)/
nature	natureza	(cl:subst;)/(fem;)
near	perto de	(cl:prep;)/		perto	(cl:adv;)/
nearest	mais perto	(cl:adj;)/
nearly	quase	(cl:adv;)/
necessarily	necessariamente	(cl:adv;)/
necessary	necessário	(cl:adj;)/
necessity	necessidade	(cl:subst;)/(fem;)
neck	pescoço	(cl:subst;)/(masc;)
need	precisar	(cl:vb;)/		necessidade	(cl:subst;)/		necessidade	(cl:subst;)/		precisar	(cl:vb;)/
negotiate	negociar	(cl:vb;)/
negro	negro	(cl:adj;)/
neighbor	vizinho	(cl:subst;)/
neither	nem	(cl:conj;neither ..nor ....)/
nephew	sobrinho	(cl:subst;)/(masc;)
net	rede	(cl:subst;)/(fem;)
network	rede	(cl:subst;)/(fem;)		encadear	(cl:vb;)/
neuter	neutro	(cl:adj/subst;)/
neutered	neutralizado	(cl:adj;)/
neutering	castração	(cl:vb;)/
never	nunca	(cl:adv;)/
nevertheless	apesar de	(cl:conj;)/		no entanto	(cl:conj;)/
new	novo	(cl:adj;)/
news	notícias	(cl:subst;)/(fem;plu;)
newspaper	jornal	(cl:subst;)/(masc;)
next	seguinte	(cl:adj;)/
next to	ao lado de	(cl:prep;)/
nextdoor	ao lado	(cl:prep;)/
niece	sobrinha	(cl:subst;)/(fem;)
night	noite	(cl:subst;)/(fem;)
nine	nove	(cl:num)/(cl:num)
ninety	noventa	(cl:num)/(cl:num)
no	não	(cl:adv;)/		nenhum	(cl:art;)/
no idea	sem idéia	(cl:expr;)/
nobody	ninguém	(cl:pron;)/
noise	ruído	(cl:subst;)/(masc;)
none	nenhum	(cl:pron;sing;)/(sing;)
noodles	macarrão/massa	(cl:subst;)/
nor	nem	(cl:conj;)/
normal	normal	(cl:adj;)/
normally	normalmente	(cl:adv;)/
north	norte	(cl:subst;)/(masc;)
northwest	noroeste	(cl:subst;)/
nose	nariz	(cl:subst;)/(masc;)
not	não	(cl:adv;)/
note	nota	(cl:subst;)/(fem;)		nota	(cl:subst;)/(fem;)
nothing	nada	(cl:pron;sing;)/(sing;)
notice	notar	(cl:vb;)/		advertência	(cl:subst;)/(fem;)
november	novembro	(cl:pron;sing;)/(sing;)
now	agora	(cl:adv;)/		então	(cl:adv;)/
number	número	(cl:subst;)/(masc;)		número	(cl:subst;)/(masc;)
nut	noz	(cl:subst;)/(fem;)
nutrients	nutriente	(cl:subst;)/
nutrition	dieta	(cl:subst;)/(fem;)		nutrição	(cl:subst;)/
observation	observação	(cl:subst;)/(fem;)
obstruction	obstrução	(cl:subst;)/(fem;)
obtain	obter	(cl:vb;)/
obviously	evidentemente	(cl:adv;)/
occupation	ocupação	(cl:subst;)/(fem;)
occupational	ocupacional	(cl:adj;)/
occur	ocorrer	(cl:vb;)/
ocean	oceano	(cl:subst;)/(masc;)
october	Outubro	(cl:pron;sing;)/(sing;)
odor	odor	(cl:subst;)/(masc;)
of	de	(cl:prep;)/
off	fora de	(cl:prep;)/		desligado	(cl:adj;)/		fora	(cl:adv;)/
offer	oferta	(cl:subst;)/(fem;)		oferecer	(cl:vb;)/
office	escritório	(cl:subst;)/
official	oficial	(cl:adj;)/		funcionário	(cl:subst;)/
often	frequentemente	(cl:adv;)/
oil	óleo	(cl:subst;)/(masc;)
old	velho	(cl:adj;)/
older	mais velho	(cl:adj;)/
oldest	mais velho	(cl:adj;)/
olive oil	azeite	(cl:subst;)/(masc;)
on	em	(cl:prep;)/
on the road	no caminho	(cl:adv;)/
once	uma vez que	(cl:conj;)/		uma vez	(cl:adv;)/
once in a while	de vez em quando	/
one	um	(cl:num;sing;)/(sing;)		um	(cl:num)/(cl:num)
one hundred and one	cento e um	(cl:num)/(cl:num)
onion	cebola	(cl:subst;)/(fem;)
only	somente	(cl:adv;)/		único	(cl:num;)/
open	abrir	(cl:vb;)/		aberto	(cl:adj;)/		abrir	(cl:vb;)/(reflex;)
operate	operar	(cl:vb;)/
operation	operação	(cl:subst;)/(fem;)
opinion	opinião	(cl:subst;)/(fem;)
opportunity	oportunidade	(cl:subst;)/(fem;)
opposite	oposto	(cl:adj;/subst)/(/subst)
opposition	oposição	(cl:subst;)/(fem;)
or	ou	(cl:conj;)/
orange	cor de laranja	(cl:adj;)/		laranja	(cl:subst;)/(fem;)
order	ordenar	(cl:vb;)/		ordem	(cl:subst;)/(fem;)		encomendar	(cl:vb;)/
ordinary	ordinário	(cl:adj;)/
organization	organização	(cl:subst;)/(fem;)
origin	origem	(cl:subst;)/(fem;)
original	original	(cl:adj;)/
originally	originalmente	(cl:adv;)/
other	outro	(cl:pron;)/		outro	(cl:adj;)/
otherwise	de outra maneira	(cl:adv;)/		caso contrário	(cl:conj;)/		de outra maneira	(cl:adv;)/
our	nosso	(cl:pron;)/
out	fora	(cl:adv;)/
outages	perda de energia	(cl:subst;)/
outdoor	ao ar livre	(cl:adj;)/
outlet	tomada	(cl:subst;)/(fem;)
outside	fora	(cl:adv;)/		externo	(cl:adj;)/
over	sobre	(cl:prep;)/		acabado	(cl:adv;)/
overview	resumo	(cl:subst;)/
owl	coruja	(cl:subst;)/(fem;)
own	possuir	(cl:vb;)/		próprio	(cl:adj;)/		próprio	(cl:adj;)/(reflex;)
owner	proprietário	(cl:subst;)/
package	pacote	(cl:subst;)/
page	página	(cl:subst;)/(fem;)
paid	pago	(cl:adj;)/
pain	dor	(cl:subst;)/(fem;)
paint	pintar	(cl:vb;)/
pair	par	(cl:subst;)/
pan	panela	(cl:subst;)/
paper	papel	(cl:subst;)/(masc;)
par	médio	(cl:subst;)/		a par	(cl:adj;)/
paradise	paraíso	(cl:subst;)/
parasite	parasita	(cl:subst;)/(masc;)
pardon	perdão	(cl:subst;)/(masc;)
park	parque	(cl:subst;)/(masc;)		estacionar	(cl:vb;)/
parliament	parlamento	(cl:subst;)/(masc;)
part	parte	(cl:subst;)/(fem;)		separar	(cl:vb;)/
partial	parcial	(cl:adj;)/
participate	participar	(cl:vb;)/		participar	(cl:vb;)/
particle	partícula	(cl:subst;)/
particular	particular	(cl:adj;)/
particularly	particularmente	(cl:adv;)/		particularmente	(cl:adv;)/
partner	parceiro	(cl:subst;)/
partnership	parceria	(cl:subst;)/
party	partido	(cl:subst;)/(masc;)		festa	(cl:subst;)/(fem;)
pass	passar	(cl:vb;)/		passagem	(cl:subst;)/(fem;)
passenger	passageiro	(cl:subst;)/
passport	passaporte	(cl:subst;)/(masc;)
past	através de	(cl:prep;)/		passado	(cl:subst;)/(masc;)
patch	remendar	(cl:vb;)/		remendo	(cl:subst;)/
path	caminho	(cl:subst;)/(masc;)
patience	paciência	(cl:subst;)/(fem;)
pattern	padrão	(cl:subst;)/
paw	pata	(cl:subst;)/(fem;)
pay	pagar	(cl:vb;)/		pagar	(cl:vb;)/
payment	pagamento	(cl:subst;)/(masc;)
peace	paz	(cl:subst;)/(fem;)
pearl	pérola	(cl:subst;)/(fem;)
pen	caneta	(cl:subst;)/(fem;)
people	pessoas	(cl:subst;plu;)/(fem;plu;)		povo	(cl:subst;plu;)/(masc;)		povo	(cl:subst;)/(masc;)
per	por	(cl:prep;)/
percent	porcento	(cl:subst;)/
perfect	perfeito	(cl:adj;)/
performance	desempenho	(cl:subst;)/
perhaps	talvez	(cl:adv;)/
period	período	(cl:subst;)/
peripheral	periférico	(cl:adj/subst;)/
peritonitis	peritonite	(cl:subst;)/(fem;)
permanent	permanente	(cl:adj;)/
permission	permissão	(cl:subst;)/(fem;)		permissão	(cl:subst;)/(fem;)
permit	permissão	(cl:subst;)/(fem;)
persistent	persistente	(cl:adj;)/
person	pessoa	(cl:subst;)/(fem;)		pessoa	(cl:subst;)/(fem;)
personal	pessoal	(cl:adj;)/
personality	personalidade	(cl:subst;)/(fem;)
pet	animal de estimação	(cl:subst;)/		acariciar	(cl:vb;)/
petroleum	petróleo	(cl:subst;)/(masc;)
pharmacy	farmácia	(cl:subst;)/(fem;)
phenomenon	fenômeno	(cl:subst;)/(masc;)
phone	telefone	(cl:subst;)/(masc;)		telefonar	(cl:vb;)/
phrase	frase	(cl:subst;)/(fem;)
physical	físico	(cl:adj;)/
physics	física	(cl:subst;)/(fem;)
physiotherapist	fisioterapeuta	(cl:subst;)/
pick	escolher	(cl:vb;)/
piece	pedaço	(cl:subst;)/(masc;)
piece of land	terreno	(cl:subst;)/
pig	porco	(cl:subst;)/(masc;)
pill	pílula	(cl:subst;)/(fem;)
pilot	piloto	(cl:subst;)/
pink	rosa	(cl:adj;)/
pioneer	pioneiro	(cl:subst;)/		pioneiro	(cl:adj;)/
place	local	(cl:subst;)/(masc;)		lugar	(cl:subst;)/(masc;)		colocar	(cl:vb;)/		colocar	(cl:vb;)/
plain	planície	(cl:subst;)/		simples	(cl:adj;)/
plan	planejar	(cl:vb;)/		plano	(cl:subst;)/(masc;)
plane	aplainar	(cl:vb;)/		avião	(cl:subst;)/(masc;)
plant	plantar	(cl:vb;)/		planta	(cl:subst;)/(fem;)
plaque	placa	(cl:subst;)/(fem;)
plastic	plástico	(cl:subst;)/(masc;)		plástico	(cl:subst;)/(masc;)
play	jogar	(cl:vb;)/		brincar	(cl:vb;)/		peça	(cl:subst;)/(fem;)		tocar	(cl:vb;)/
please	agradar	(cl:vb;)/		agradar	(cl:vb;)/		por favor	(cl:interj;)/
plenty	bastante	(cl:adv;)/		abundante	(cl:adj;)/
plus	mais	(cl:prep;)/		adicional	(cl:adj;)/		mais	(cl:subst;)/
point	ponto	(cl:subst;)/(masc;)		apontar	(cl:vb;)/
poison	veneno	(cl:subst;)/(masc;)		envenenar	(cl:vb;)/
policeman	policial	(cl:subst;)/
policy	política	(cl:subst;)/(fem;)
political	político	(cl:adj;)/
politics	política	(cl:subst;sing;)/(sing;)
poor	pobre	(cl:adj;)/
popular	popular	(cl:adj;)/
population	população	(cl:subst;)/(fem;)
pork	carne de porco	(cl:subst;)/
port	porto	(cl:subst;)/(masc;)
position	posição	(cl:subst;)/(fem;)		posição	(cl:subst;)/(fem;)		posição	(cl:subst;)/(fem;)
positive	positivo	(cl:adj;)/
possibility	possibilidade	(cl:subst;)/
possible	possível	(cl:adj;)/
possibly	possivelmente	(cl:adv;)/
post	postar	(cl:vb;)/		posto	(cl:subst;)/(masc;)
postal	postal	(cl:adj;)/
postcard	cartão postal	(cl:subst;)/
postcode	código postal	(cl:subst;)/
potato	batata	(cl:subst;)/(fem;)
potential	potencial	(cl:adj;)/		potencialidade	(cl:subst;)/
potentially	potencialmente	(cl:adv;)/
pound	bater	(cl:vb;)/		libra	(cl:subst;)/(fem;)
pour	derramar	(cl:vb;)/
power	poder	(cl:subst;)/(masc;)		poder	(cl:subst;)/(masc;)
powerful	poderoso	(cl:adj;)/
practical	prático	(cl:adj;)/
practice	praticar	(cl:vb;)/		consultório	(cl:subst;)/
prayer	oração	(cl:subst;)/(fem;)
predict	predizer	(cl:vb;)/
prefer	preferir	(cl:vb;)/		preferir	(cl:vb;)/
preference	preferência	(cl:subst;)/
pregnant	grávida	(cl:adj;)/
premier	primeiro	(cl:adj;)/
preparation	preparação	(cl:subst;)/(fem;)
prepare	preparar	(cl:vb;)/
present	presente	(cl:adj;)/		presente	(cl:subst;)/		apresentar	(cl:vb;)/
preserve	compota	(cl:subst;)/		preservar	(cl:vb;)/
president	presidente	(cl:subst;)/
press	pressionar	(cl:vb;)/		imprensa	(cl:subst;)/(fem;)
pretty	lindo	(cl:adj;)/
prevent	prevenir	(cl:vb;)/		prevenir	(cl:vb;)/
previous	prévio	(cl:adj;)/
previously	previamente	(cl:adv;)/
price	preço	(cl:subst;)/(masc;)
priest	padre	(cl:subst;)/(masc;)
primarily	primariamente	(cl:adv;)/
prince	príncipe	(cl:subst;)/(masc;)
princess	princesa	(cl:subst;)/(fem;)
principle	princípio	(cl:subst;)/(masc;)
print	imprimir	(cl:vb;)/
prior	anterior	(cl:adj;)/		antes	(cl:adv;)/
private	particular	(cl:adj;)/		soldado	(cl:subst;)/
prize	prêmio	(cl:subst;)/(masc;)
probably	provavelmente	(cl:adv;)/
problem	problema	(cl:subst;)/(masc;)
procedure	procedimento	(cl:subst;)/(masc;)
process	processo	(cl:subst;)/(masc;)		processar	(cl:vb;)/
produce	produzir	(cl:vb;)/
product	produto	(cl:subst;)/(masc;)
production	produção	(cl:subst;)/(fem;)
profession	profissão	(cl:subst;)/(fem;)
professional	profissional	(cl:adj;)/
profit	lucrar	(cl:vb;)/		lucro	(cl:subst;)/(masc;)
program	programa	(cl:subst;)/(masc;)		programar	(cl:vb;)/		programa	(cl:subst;)/(TV;)
progressive	progressivo	(cl:adj;)/
project	projeto	(cl:subst;)/(masc;)
proof	provar	(cl:vb;)/		prova	(cl:subst;)/(fem;)		prova	(cl:subst;)/(fem;)
proper	próprio	(cl:adj;)/
properly	corretamente	(cl:adv;)/
prophet	profeta	(cl:subst;)/
proportion	proporção	(cl:subst;)/(fem;)
proposal	proposta	(cl:subst;)/(fem;)
protect	proteger	(cl:vb;)/
protein	proteína	(cl:subst;)/(fem;)
protocol	protocolo	(cl:subst;)/(masc;)
proud	orgulhoso	(cl:adj;)/
provide	prover	(cl:vb;)/
provided	dado que	(cl:conj;)/
province	província	(cl:subst;)/(fem;)
provincial	provinciano	(cl:adj;)/
provision	provisão	(cl:subst;)/
proximity	proximidade	(cl:subst;)/
public	público	(cl:adj;)/		público	(cl:subst;)/(masc;)
publication	publicação	(cl:subst;)/(fem;)
publish	publicar	(cl:vb;)/
publisher	editora	(cl:subst;)/
pull	puxar	(cl:vb;)/
purchase	adquirir	(cl:vb;)/
purple	púrpura	(cl:adj;)/
purpose	propósito	(cl:subst;)/(masc;)
put	por	(cl:vb;)/		colocar	(cl:vb;)/
quarantine	quarentena	(cl:subst;)/
quarter	quarto	(cl:num;)/(cl:subst;masc;)		trimestre	(cl:subst;)/
queen	rainha	(cl:subst;)/(fem;)
question	pergunta	(cl:subst;)/(fem;)		questão	(cl:subst;)/(fem;)
quickly	rapidamente	(cl:adv;)/
quiet	silencioso	(cl:adj;)/
quite	bem	(cl:adv;)/
quote	citar	(cl:vb;)/
rabbit	coelho	(cl:subst;)/
rabies	hidrofobia	(cl:subst;)/(fem;)
radiation	radiação	(cl:subst;)/(fem;)
radio	rádio	(cl:subst;)/(masc;)
rain	chover	(cl:vb;)/		chuva	(cl:subst;)/(fem;)
rainbow	arco íris	(cl:subst;)/
range	alcance	(cl:subst;)/
rapidly	rapidamente	(cl:adv;)/
rare	raro	(cl:adj;)/
rat	rato	(cl:subst;)/(masc;)
rate	taxar	(cl:vb;)/		taxa	(cl:subst;)/(fem;)
rather	um tanto	(cl:adv;)/		razoavelmente	(cl:adv;)/
raven	corvo	(cl:subst;)/(masc;)
raw	cru	(cl:adj;)/
razor	lâmina	(cl:subst;)/(fem;)
rd	est	(cl:abbrev;)/
re	ré	(cl:subst;)/
reach	alcançar	(cl:vb;)/		alcançar	(cl:vb;)/		chegar	(cl:vb;)/
react	reagir	(cl:vb;)/
reaction	reação	(cl:subst;)/(fem;)
read	ler	(cl:vb;)/
reader	leitor	(cl:subst;)/
ready	pronto	(cl:adj;)/
real	real	(cl:adj;)/
reality	realidade	(cl:subst;)/(fem;)
really	realmente	(cl:adv;)/
reason	refletir	(cl:vb;)/		razão	(cl:subst;)/(fem;)		razão	(cl:subst;)/(fem;)
reasonable	razoável	(cl:adj;)/
receive	receber	(cl:vb;)/
recent	recente	(cl:adj;)/
recently	recentemente	(cl:adv;)/
recipe	receita	(cl:subst;)/(fem;)
recognize	reconhecer	(cl:vb;)/
recommend	recomendar	(cl:vb;)/
recommendation	recomendação	(cl:subst;)/(fem;)
reconnaissance	reconhecimento	(cl:subst;)/(masc;)
record	registrar	(cl:vb;)/		registro	(cl:subst;)/
red	vermelho	(cl:adj;)/
reduce	reduzir	(cl:vb;)/
refer	atribuir	(cl:vb;)/		atribuir	(cl:vb;)/
reference	referência	(cl:subst;)/(fem;)
reform	reformar	(cl:vb;)/		reforma	(cl:subst;)/(fem;)
refrigerator	geladeira	(cl:subst;)/(fem;)
refuse	recusar	(cl:vb;)/
regard	considerar	(cl:vb;)/		consideração	(cl:subst;)/
regime	regime	(cl:subst;)/
region	região	(cl:subst;)/(fem;)
registration	registro	(cl:subst;)/
regular	regular	(cl:adj;)/
regularly	regularmente	(cl:adv;)/
relate	relacionar	(cl:vb;)/
relation	relação	(cl:subst;)/(fem;)
relationship	relacionamento	(cl:subst;)/
relative	parente	(cl:subst;)/
relatively	relativamente	(cl:adv;)/
relay	revezamento	(cl:subst;)/
release	liberar	(cl:vb;)/		lançamento	(cl:subst;)/
relief	alívio	(cl:subst;)/
religion	religião	(cl:subst;)/(fem;)
religious	religioso	(cl:adj;)/
remain	permanecer	(cl:vb;)/		restar	(cl:vb;)/
remains	restos	(cl:subst;plu;)/(plu;)
remark	observação	(cl:subst;)/
remember	lembrar	(cl:vb;)/(reflex;)		lembrar	(cl:vb;)/(reflex;)
remote	remoto	(cl:adj;)/
remove	remover	(cl:vb;)/
rent	alugar	(cl:vb;)/		alugar	(cl:vb;)/
rental	aluguel	(cl:subst;)/(masc;)
rental car	carro de aluguel	(cl:subst;)/
repeat	repetir	(cl:vb;)/
repel	repelir	(cl:vb;)/
replace	substituir	(cl:vb;)/
report	relatório	(cl:subst;)/		informar	(cl:vb;)/
representative	representante	(cl:subst;)/
republic	república	(cl:subst;)/(fem;)
request	requisitar	(cl:vb;)/		pedido	(cl:subst;)/(masc;)
require	precisar	(cl:vb;)/		requerer	(cl:vb;)/
requirement	exigência	(cl:subst;)/(fem;)
research	pesquisa	(cl:subst;)/(fem;)		pesquisar	(cl:vb;)/
reservation	reserva	(cl:subst;)/(fem;)
residence	residência	(cl:subst;)/(fem;)
resident	residente	(cl:adj/subst;)/
resolution	resolução	(cl:subst;)/(fem;)
resources	recursos	(cl:subst;)/
respect	respeito	(cl:subst;)/(masc;)		respeitar	(cl:vb;)/
respiratory	respiratório	(cl:adj;)/
response	resposta	(cl:subst;)/(fem;)
responsibility	responsabilidade	(cl:subst;)/(fem;)
responsible	responsável	(cl:adj;)/
responsiveness	sensibilidade	(cl:subst;)/
rest	descansar	(cl:vb;)/		descanso	(cl:subst;)/(masc;)		resto	(cl:subst;)/
restaurant	restaurante	(cl:subst;)/(masc;)
result	resultado	(cl:subst;)/(masc;)		resultar	(cl:vb;)/
retail	varejo	(cl:subst;)/
return	retornar	(cl:vb;)/		retorno	(cl:subst;)/
reveal	revelar	(cl:vb;)/
revenue	receita	(cl:subst;)/(fem;)
rice	arroz	(cl:subst;incont)/(incont)
rich	rico	(cl:adj;)/
rid	livrar	(cl:vb;)/
ride	passeio	(cl:subst;)/(masc;)		conduzir	(cl:vb;)/
right	certo	(cl:adj;)/		direito	(cl:subst;)/
right now	agora	(cl:adv;)/
ring	anel	(cl:subst;)/(masc;)		tocar	(cl:vb;)/
rise	subir	(cl:vb;)/
risk	risco	(cl:subst;)/(masc;)		arriscar	(cl:vb;)/
river	rio	(cl:subst;)/(masc;)
road	estrada	(cl:subst;)/(fem;)
rock	balançar	(cl:vb;)/		rocha	(cl:subst;)/
role	papel	(cl:subst;)/(masc;)
roll	rolar	(cl:vb;)/		rolo	(cl:subst;)/
roof	telhado	(cl:subst;)/(masc;)
room	quarto	(cl:subst;)/(masc;)		espaço	(cl:subst;)/		sala	(cl:subst;)/(fem;)
root	raiz	(cl:subst;)/(fem;)
rope	corda	(cl:subst;)/(fem;)
rotten	podre	(cl:adj;)/
round	redondo	(cl:adj;)/		rodar	(cl:subst;)/
route	rota	(cl:subst;)/(fem;)
routine	rotina	(cl:subst;)/
royal	real	(cl:adj;)/
rule	reger	(cl:vb;)/		regra	(cl:subst;)/(fem;)
run	correr	(cl:vb;)/		correr	(cl:vb;)/
sad	triste	(cl:adj;)/
safe	seguro	(cl:adj;)/
safety	segurança	(cl:subst;)/
saint	santo	(cl:subst;)/
salad	salada	(cl:subst;)/(fem;)
salesperson	vendedor	(cl:subst;)/
saliva	saliva	(cl:subst;)/(fem;)
salmon	salmão	(cl:subst;)/(masc;)
salsage	salsicha	(cl:subst;)/
salt	sal	(cl:subst;)/(masc;)
salty	salgado	(cl:adj;)/
same	mesmo	(cl:adj;)/		mesmo	(cl:pron;)/(reflex;)
sample	provar	(cl:vb;)/		amostra	(cl:subst;)/(fem;)
sand	areia	(cl:subst;)/(fem;)
satisfaction	satisfação	(cl:subst;)/(fem;)
satisfied	satisfeito	(cl:adj;)/
saturday	Sábado	(cl:subst;)/
save	salvar	(cl:vb;)/		economizar	(cl:vb;)/		exceto	(cl:prep;)/
saw	serra	(cl:subst;)/(fem;)
say	dizer	(cl:vb;)/
scale	escalar	(cl:vb;)/		escala	(cl:subst;)/(fem;)		escama	(cl:subst;)/(fem;)
scarce	escasso	(cl:adj;)/
schedule	planejar	(cl:vb;)/		programa	(cl:subst;)/(masc;)
school	escola	(cl:subst;)/(fem;)
science	ciência	(cl:subst;)/(fem;)
scientific	científico	(cl:adj;)/
scientist	cientista	(cl:subst;)/		cientista	(cl:subst;)/
scissors	tesoura	(cl:subst;)/(fem;)
scratch	arranhar	(cl:vb;)/		arranhão	(cl:subst;)/
sculpture	escultura	(cl:subst;)/(fem;)
sea	mar	(cl:subst;)/(masc;)
search	busca	(cl:subst;)/(fem;)		procurar	(cl:vb;)/
season	estação	(cl:subst;)/(do ano;)		estação	(cl:subst;)/(do ano;)
seat	assento	(cl:subst;)/(masc;)
second	segundo	(cl:num;)/
secondary	secundário	(cl:adj;)/
secrecy	segredo	(cl:subst;)/(masc;)
secret	secreto	(cl:adj;)/		segredo	(cl:subst;)/(masc;)
section	seção	(cl:subst;)/(fem;)
secure	tornar seguro	(cl:vb;)/
security	segurança	(cl:subst;)/(fem;)
see	ver	(cl:vb;)/
seed	semente	(cl:subst;)/(fem;)
seem	parecer	(cl:vb;)/
selection	seleção	(cl:subst;)/(fem;)
sell	vender	(cl:vb;)/
senate	senado	(cl:subst;)/(masc;)
send	enviar	(cl:vb;)/		enviar	(cl:vb;)/
sense	sentir	(cl:vb;)/		senso	(cl:subst;)/		sentido	(cl:subst;)/
sentence	sentença	(cl:subst;)/(fem;)
separate	separar	(cl:vb;)/		separado	(cl:adj;)/		separado	(cl:subst;)/
september	Setembro	(cl:subst;)/
series	série	(cl:subst;sing;)/(sing;)
serious	sério	(cl:adj;)/
serve	servir	(cl:vb;)/
service	serviço	(cl:subst;)/(masc;)		atendimento	(cl:subst;)/(masc;)
session	sessão	(cl:subst;)/(fem;)
set	por	(cl:vb;)/		jogo	(cl:subst;)/(masc;)
seven	sete	(cl:num)/(cl:num)
seventy	setenta	(cl:num)/(cl:num)
several	vários	(cl:art;plu;)/(plu;)
severe	severo	(cl:adj;)/
shall	dever	(cl:vb;)/
share	ação	(cl:subst;)/(fem;)		compartilhar	(cl:vb;)/		quota	(cl:subst;)/
shark	tubarão	(cl:subst;)/(masc;)
sharp	afiado	(cl:adj;)/
she	ela	(cl:pron;sing;fem;)/(sing;fem;)
shed	verter	(cl:vb;)/		galpão	(cl:subst;)/
sheep	carneiro	(cl:subst;)/(masc;)
shelter	abrigar	(cl:vb;)/		abrigo	(cl:subst;)/(masc;)
shine	brilhar	(cl:vb;)/
ship	navio	(cl:subst;)/(masc;)		enviar	(cl:vb;)/
shipwreck	naufrágio	(cl:subst;)/(masc;)
shirt	saia	(cl:subst;)/(fem;)
shoe	sapato	(cl:subst;)/(masc;)
shoot	atirar	(cl:vb;)/
shop	fazer compra	(cl:vb;)/
short	curto	(cl:adj;)/
shot	tiro	(cl:subst;)/
should	dever	(cl:vb;)/
shoulder	ombro	(cl:subst;)/(masc;)
show	mostrar	(cl:vb;)/		demonstração	(cl:subst;)/(fem;)
shower	tomar ducha	(cl:vb;)/
shrimp	camarão	(cl:subst;)/(fem;)
sick	doente	(cl:adj;)/
sickness	doença	(cl:subst;)/(fem;)
side	apoiar	(cl:vb;)/		lado	(cl:subst;)/(masc;)
sign	assinar	(cl:vb;)/		sinal	(cl:subst;)/(masc;)
significant	significativo	(cl:adj;)/
silk	seda	(cl:subst;)/(fem;)
silver	prata	(cl:subst;)/(fem;)
similar	similar	(cl:adj;)/
simple	simples	(cl:adj;)/
simply	simplesmente	(cl:adv;)/
since	desde	(cl:prep/adv/conj;)/
sing	cantar	(cl:vb;)/
single	único	(cl:num;)/		solteiro	(cl:adj;)/
sink	pia	(cl:subst;)/(fem;)		afundar	(cl:vb;)/
sir	senhor	(cl:subst;)/(masc;)
sister	irmã	(cl:subst;)/(fem;)
sit	sentar	(cl:vb;)/
site	lugar	(cl:subst;)/(masc;)
situation	situação	(cl:subst;)/(fem;)
six	seis	(cl:num)/(cl:num)
sixty	sessenta	(cl:num)/(cl:num)
size	tamanho	(cl:subst;)/(masc;)
skin	pele	(cl:subst;)/(fem;)
sky	céu	(cl:subst;)/(masc;)
slave	escravo	(cl:subst;)/
sleep	dormir	(cl:vb;)/
slightly	levemente	(cl:adv;)/
slow	devagar	(cl:adj;)/
small	pequeno	(cl:adj;)/
smart	esperto	(cl:adj;)/
smell	cheiro	(cl:subst;)/(masc;)		ter cheiro	(cl:vb;)/
smelly	malcheiroso	(cl:adj;)/
smile	sorrir	(cl:vb;)/
smoke	fumaça	(cl:subst;)/(fem;)
snack	merenda	(cl:subst;)/(fem;)
snake	serpente	(cl:subst;)/(fem;)		cobra	(cl:subst;)/(fem;)
snow	nevar	(cl:vb;)/		neve	(cl:subst;)/(fem;)
so	tão	(cl:adv;)/		então	(cl:conj;)/
so far	até aqui	(cl:adv;)/
soak	ensopar	(cl:vb;)/
soap	sabão	(cl:subst;)/(masc;)
soccer	futebol	(cl:subst;)/(masc;)
social	social	(cl:adj;)/
socialist	socialista	(cl:adj;)/
society	sociedade	(cl:subst;)/(fem;)
sofa	sofá	(cl:subst;)/(masc;)
soft	macio	(cl:adj;)/
solid	sólido	(cl:adj;)/
solution	solução	(cl:subst;)/(fem;)
solve	resolver	(cl:vb;)/
some	algum	(cl:pron;)/
somebody	alguém	(cl:pron;sing;)/(sing;)
somehow	de algum modo	(cl:pron;sing;)/(sing;)
someone	alguém	(cl:pron;sing;)/(sing;)
something	alguma coisa	(cl:pron;sing;)/(sing;)		algo	(cl:pron;sing;)/(sing;)
sometime	em algum momento	/
sometimes	às vezes	(cl:adv;)/
somewhere	em algum lugar	/(cl:pron;sing;)
son	filho	(cl:subst;masc;)/(masc;)
song	canção	(cl:subst;)/(fem;)
soon	logo	(cl:adv;)/
sorry	como?	(cl:interj;)/		desculpe-me	(cl:interj;)/
sort	classificar	(cl:vb;)/		classe	(cl:subst;)/
soul	alma	(cl:subst;)/(fem;)
sound	som	(cl:subst;)/(masc;)		profundamente	(cl:adv;)/
soup	sopa	(cl:subst;)/(fem;)
sour	azedo	(cl:adj;)/
source	fonte	(cl:subst;)/(fem;)
south	sul	(cl:subst;)/(masc;)
southeast	sudeste	(cl:subst;)/
southern	do sul	(cl:adj;)/
soviet	soviético	(cl:adj;)/
space	espaço	(cl:subst;)/(masc;)
spain	Espanha	(cl:subst;)/
spanish	espanhol	(cl:subst;)/
speak	falar	(cl:vb;)/
special	especial	(cl:adj;)/
special offer	oferta especial	(cl:subst;)/
specialty	especialidade	(cl:subst;)/
species	espécie	(cl:subst;)/(fem;)
specific	específico	(cl:adj;)/
speech	fala	(cl:subst;)/
speed	velocidade	(cl:subst;)/(fem;)
spend	gastar	(cl:vb;)/
spicy	temperado	(cl:adj;)/
spider	aranha	(cl:subst;)/(fem;)
spin	girar	(cl:vb;)/		giro	(cl:subst;)/
spinach	espinafre	(cl:subst;)/(masc;)
spirit	espírito	(cl:subst;)/
spiritual	espiritual	(cl:adj;)/
spoon	colher	(cl:subst;)/(fem;)
sport	esporte	(cl:subst;)/
spot	marca	(cl:subst;)/(fem;)		marcar	(cl:vb;)/
spray	spray	(cl:subst;)/		borrifar	(cl:vb;)/
spread	espalhar	(cl:vb;)/
spring	primavera	(cl:subst;)/
square	quadrado	(cl:subst;)/(masc;)		praça	(cl:subst;)/(fem;)		quadrado	(cl:adj;)/
square market	praça do mercado	(cl:subst;)/
squirrel	esquilo	(cl:subst;)/(masc;)
st	São	(cl:subst;sing;)/(sing;)
staff	pessoal	(cl:subst;)/(masc;)
stage	palco	(cl:subst;)/		encenar	(cl:vb;)/
stain	mancha	(cl:subst;)/(fem;)		manchar	(cl:vb;)/
stair	escada	(cl:subst;)/(fem;)
stamp	selo	(cl:subst;)/(masc;)
stand	permanecer	(cl:vb;)/		levantar	(cl:vb;)/		parada	(cl:subst;)/(fem;)
standard	padrão	(cl:subst;)/		padrão	(cl:adj;)/
star	estrela	(cl:subst;)/(fem;)
start	iniciar	(cl:vb;)/		começo	(cl:subst;)/(masc;)
state	estado	(cl:subst;)/		declarar	(cl:vb;)/
statement	declaração	(cl:subst;)/(fem;)
station	estação	(cl:subst;)/(fem;)
statistics	estatística	(cl:subst;)/(fem;)
statue	estátua	(cl:subst;)/(fem;)
status	status	(cl:subst;)/(masc;)
stay	ficar	(cl:vb;)/
steal	furtar	(cl:vb;)/
steel	aço	(cl:subst;)/(masc;)
step	passo	(cl:subst;)/(masc;)		andar	(cl:vb;)/
still	ainda	(cl:adv;)/		apesar disso	(cl:adv;)/		parado	(cl:adj;)/
sting	picar	(cl:vb;)/
stitch	ponto	(cl:subst;)/(masc;)
stomach	estômago	(cl:subst;)/(masc;)
stone	pedra	(cl:subst;)/(fem;)
stop	parar	(cl:vb;)/		parada	(cl:subst;)/(fem;)
store	loja	(cl:subst;)/(fem;)		armazenar	(cl:vb;)/
storm	tempestade	(cl:subst;)/(fem;)
story	história	(cl:subst;)/
strange	estranho	(cl:adj;)/
straw	palha	(cl:subst;)/(fem;)
strawberry	morango	(cl:subst;)/(masc;)
street	rua	(cl:subst;)/(fem;)
strength	força	(cl:subst;)/(fem;)
stress	enfatizar	(cl:vb;)/		estresse	(cl:subst;)/(masc;)
stretch	esticar	(cl:vb;)/		trecho	(cl:subst;)/
stripe	listra	(cl:subst;)/
strong	forte	(cl:adj;)/
structure	estrutura	(cl:subst;)/(fem;)
student	estudante	(cl:subst;)/
study	estudar	(cl:vb;)/		estudo	(cl:subst;)/(masc;)
stuff	coisa	(cl:subst;)/		encher	(cl:vb;)/
subject	assunto	(cl:subst;)/
subscribe	subscrever	(cl:vb;)/
substance	substância	(cl:subst;)/(fem;)
subversion	subversão	(cl:subst;)/
success	sucesso	(cl:subst;)/(masc;)
such	semelhante	(cl:adj;)/		tal	(cl:art;)/		tão	(cl:adv;)/
sudden	súbito	(cl:adj;)/
suddenly	repentinamente	(cl:adv;)/
sufficient	suficiente	(cl:adj;)/
sugar	açúcar	(cl:subst;)/(masc;)
suggest	sugerir	(cl:vb;)/
suggestion	sugestão	(cl:subst;)/(fem;)
suit	terno	(cl:subst;)/
suite	sequência	(cl:subst;)/(fem;)
summary	sumário	(cl:subst;)/
summer	Verão	(cl:subst;)/(masc;)
summit	cume	(cl:subst;)/(masc;)
sun	sol	(cl:subst;)/(masc;)
sunday	Domingo	(cl:subst;)/
supervision	supervisão	(cl:subst;)/(fem;)
supply	suprimento	(cl:subst;)/(masc;)		fornecer	(cl:vb;)/		fornecimento	(cl:subst;)/
support	suporte	(cl:subst;)/(masc;)		apoiar	(cl:vb;)/		sustentar	(cl:vb;)/		apoio	(cl:subst;)/(masc;)
suppression	supressão	(cl:subst;)/
supreme	supremo	(cl:adj;)/
sure	certo	(cl:adj;)/
surely	certamente	(cl:adv;)/
surface	face	(cl:subst;)/		superfície	(cl:subst;)/(fem;)
surgery	cirurgia	(cl:subst;)/(fem;)
surprise	surpreender	(cl:vb;)/		surpresa	(cl:subst;)/(fem;)
surprised	surpreso	(cl:adj;)/
surrender	render	(cl:vb;)/(refl;)
survey	examinar	(cl:vb;)/		levantamento	(cl:subst;)/
swan	cisne	(cl:subst;)/
sweet	doce	(cl:adj;)/
swim	nadar	(cl:vb;)/
switch	comutador	(cl:subst;)/(masc;)		trocar	(cl:vb;)/
symptom	sintoma	(cl:subst;)/(masc;)
syndrome	síndrome	(cl:subst;)/(fem;)
system	sistema	(cl:subst;)/(masc;)
table	mesa	(cl:subst;)/(fem;)
tag	etiquetar	(cl:vb;)/		marco	(cl:subst;)/
tail	cauda	(cl:subst;)/(fem;)
take	pegar	(cl:vb;)/		tomar	(cl:vb;)/
talk	falar	(cl:vb;)/		conversa	(cl:subst;)/
tape	fita	(cl:subst;)/
tasty	saboroso	(cl:adj;)/
tax	imposto	(cl:subst;)/(masc;)
tea	chá	(cl:subst;)/(masc;)
teach	ensinar	(cl:vb;)/
teacher	professor do fundamental	(cl:subst;)/
team	equipe	(cl:subst;)/(fem;)
technology	tecnologia	(cl:subst;)/(fem;)
telephone	telefone	(cl:subst;)/(masc;)
television	televisão	(cl:subst;)/(fem;)		assistir televisão	(cl:vb;)/
tell	dizer	(cl:vb;)/		dizer	(cl:vb;)/		contar	(cl:vb;)/		narrar	(cl:vb;)/
temperament	temperamento	(cl:subst;)/
temporarily	temporariamente	(cl:adv;)/
temporary	temporário	(cl:adj;)/
ten	dez	(cl:num;plu;)/(plu;)
tend	tender	(cl:vb;)/
tension	tensão	(cl:subst;)/(fem;)
term	termo	(cl:subst;)/(masc;)
territorial	regional	(cl:adj;)/
territory	território	(cl:subst;)/(masc;)
test	testar	(cl:vb;)/		teste	(cl:subst;)/(fem;)		testar	(cl:vb;)/
testify	testemunhar	(cl:vb;)/
text	texto	(cl:subst;)/(masc;)
than	que	(cl:conj;)/
thank	agradecer	(cl:vb;)/		agradecimento	(cl:subst;)/(masc;)
thanks	obrigado	(cl:interj;)/
thanksgiving	ação de graça	(cl:subst;)/
that	aquele	(cl:pron;plu:those)/		que	(cl:conj;)/		que	(cl:pron;)/
that is why	por isso	(cl:adv;)/
the	o	(cl:art;)/		a	(cl:art;sing)/(sing;fem)		o	(cl:pron;)/(sing;)		os	(cl:art;plu;)/(plu;)
their	seu	(cl:pron;)/
them	eles	(cl:pron;plu;)/(plu;)		os	(cl:pron;plu;)/(plu;)
themselves	si próprios	(cl:pron;refl;plu;)/(refl;plu;)
then	então	(cl:adv/conj;)/
theory	teoria	(cl:subst;)/
therapist	terapeuta	(cl:subst;)/
therapy	terapia	(cl:subst;)/(fem;)
there	ali	(cl:adv;)/		aí	(cl:adv;)/		lá	(cl:adv;)/
therefore	por isso	(cl:adv;)/
they	eles	(cl:pron;plu;)/(plu;)
thigh	coxa	(cl:subst;)/(fem;)
thin	fino	(cl:adj;)/
thing	coisa	(cl:subst;)/
think	pensar	(cl:vb;)/
third	terço	(cl:num;frac;)/(frac;)		terceiro	(cl:num;ord;)/(ord;)
thirst	sede	(cl:subst;)/(fem;)
thirteen	treze	(cl:num)/(cl:num)
thirty	trinta	(cl:num)/(cl:num)
this	este	(cl:pron;plu:these;)/
thorn	espinho	(cl:subst;)/
thoroughly	minuciosamente	(cl:adv;)/
though	embora	(cl:conj;)/
thought	pensamento	(cl:subst;)/(masc;)
thousand	mil	(cl:num;)/
threat	ameaça	(cl:subst;)/(fem;)
three	três	(cl:num)/(cl:num)
through	direto	(cl:adj;)/		através de	(cl:prep;)/
thumb	polegar	(cl:subst;)/(masc;)
thunder	trovão	(cl:subst;)/(masc;)
thunderstorm	temporal	(cl:subst;)/(masc;)
thursday	Quinta-Feira	(cl:subst;)/
thus	assim	(cl:adv;)/
thyroid	tireóide	(cl:subst;)/(fem;)
time	tempo	(cl:subst;)/(masc;)		cronometrar	(cl:vb;)/
tiny	diminuto	(cl:adj;)/
tip	conselho	(cl:subst;)/		gorjeta	(cl:subst;)/(fem;)
tired	cansado	(cl:adj;)/
title	título	(cl:subst;)/
to	para	(cl:prep;)/
today	hoje	(cl:adv;)/
toe	dedo	(cl:subst;)/(~ do pé;)
together	junto	(cl:adv;)/
toilet	lavabo	(cl:subst;)/
tolerate	tolerar	(cl:vb;)/
tom	animal macho	(cl:subst;)/
tomato	tomate	(cl:subst;)/(masc;)
tomorrow	amanhã	(cl:adv;)/
tongue	língua	(cl:subst;)/(fem;)
too	também	(cl:adv;)/		demais	(cl:adv;)/		muito	(cl:adv;)/
tool	ferramenta	(cl:subst;)/(fem;)
tooth	dente	(cl:subst;plu:teeth;)/(masc;)
toothbrush	escova de dentes	(cl:subst;)/
top	superior	(cl:adj;)/		topo	(cl:subst;)/
topic	tópico	(cl:subst;)/
torn	rasgado	(cl:adj;)/
total	total	(cl:adj;)/		soma	(cl:subst;)/(fem;)
tour	passeio	(cl:subst;)/(turístico)
tourism	turismo	(cl:subst;)/(masc;)
tourist	turista	(cl:subst;)/
towel	toalha de mão	(cl:subst;)/(fem;)
tower	torre	(cl:subst;)/(fem;)
town	cidade	(cl:subst;)/(fem;)
toxic	tóxico	(cl:adj;)/
toy	brinquedo	(cl:subst;)/(masc;)
track	rastro	(cl:subst;)/(masc;)
trade	comerciar	(cl:vb;)/		comércio	(cl:subst;)/(masc;)		negociar	(cl:vb;)/
trail	rastro	(cl:subst;)/(masc;)
train	trem	(cl:subst;)/(masc;)		treinar	(cl:vb;)/
train station	estação de trem	(cl:subst;)/
trait	característica	(cl:subst;)/(fem;)
transmission	transmissão	(cl:subst;)/
transmitter	transmissor	(cl:subst;)/
transport	transporte	(cl:subst;)/(masc;)
transportation	transporte	(cl:subst;)/(masc;)
traslation	tradução	(cl:subst;)/(fem;)
trauma	trauma	(cl:subst;)/
travel	viajar	(cl:vb;)/		viagem	(cl:subst;)/(fem;)
traveler	viajante	(cl:subst;)/
treat	tratar	(cl:vb;)/
treatment	tratamento	(cl:subst;)/(masc;)
treatments	tratamento	(cl:subst;)/
treaty	tratado	(cl:subst;)/(masc;)
tree	árvore	(cl:subst;)/(fem;)
trial	julgamento	(cl:subst;)/
trillion	trilhão	(cl:num;)/
trim	aparar	(cl:vb;)/
trip	viagem	(cl:subst;)/(fem;)		viagem	(cl:subst;)/(fem;)
trouble	problema	(cl:subst;)/(masc;)
trout	truta	(cl:subst;)/(fem;)
true	verdadeiro	(cl:adj;)/
truth	verdade	(cl:subst;)/
try	tentar	(cl:vb;)/
tuesday	Terça-Feira	(cl:subst;)/
tuition	instrução	(cl:subst;)/
tumor	tumor	(cl:subst;)/(masc;)
tuna	atum	(cl:subst;)/(masc;)		atum	(cl:subst;)/(masc;)
turk	turca	(cl:subst;)/		turco	(cl:subst;)/
turn	virar	(cl:vb;)/		volta	(cl:subst;)/(fem;)		virar	(cl:vb;)/
turtle	tartaruga	(cl:subst;)/(fem;)
twelve	doze	(cl:num)/(cl:num)
twenty	vinte	(cl:num)/(cl:num)
twenty-one	vinte e um	(cl:num)/(cl:num)
twice	duas vezes	(cl:adv;)/
twin	gêmeo	(cl:subst;)/
two	dois	(cl:num)/(cl:num)
type	tipo	(cl:subst;)/(masc;)		digitar	(cl:vb;)/
typical	típico	(cl:adj;)/
typically	tipicamente	(cl:adv;)/
umbrella	guarda-chuva	(cl:subst;)/(masc;)
unambiguous	claro	(cl:adj;)/
unarmed	desarmado	(cl:adj;)/
uncle	tio	(cl:subst;)/(masc;)
under	debaixo	(cl:adv;)/		embaixo de	(cl:prep;)/		sob	(cl:prep;)/
undergraduate	não graduado	(cl:adj;)/
understand	entender	(cl:vb;)/
understanding	compreensivo	(cl:adj;)/		compreensão	(cl:subst;)/
unfortunately	infelizmente	(cl:adv;)/
union	união	(cl:subst;)/(fem;)
unique	único	(cl:adj;)/
unite	unir	(cl:vb;)/
united	unido	(cl:adj;)/
unity	união	(cl:subst;)/(fem;)
universal	universal	(cl:adj/subst;)/
universe	universo	(cl:subst;)/(masc;)
university	universidade	(cl:subst;)/(fem;)
unknown	desconhecido	(cl:adj;)/
unless	a menos que	(cl:conj;)/
until	até	(cl:prep;)/
up	para cima	(cl:adv;)/		acima	(cl:prep;)/
update	atualizar	(cl:vb;)/
upon	sobre	(cl:prep;)/
upper	superior	(cl:adj;)/
upstairs	em cima	(cl:adv)/(cl:adv)
urinary	urinário	(cl:adj;)/
urination	urinação	(cl:subst;)/
urine	urina	(cl:subst;)/(fem;)
us	nós	(cl:pron;plu;)/(plu;)		nos	(cl:pron;plu;)/(plu;)
usa	EUA	(cl:pron;sing;)/(sing;)
use	usar	(cl:vb;)/		uso	(cl:subst;)/		usar	(cl:vb;)/		uso	(cl:subst;)/(masc;)
useful	útil	(cl:adj;)/		útil	(cl:adj;)/
useless	inútil	(cl:adj;)/
user	usuário	(cl:subst;)/
usual	usual	(cl:adj;)/
usually	usualmente	(cl:adv;)/
vacations	férias	(cl:subst;)/(fem;plu;)
vaccination	vacinação	(cl:subst;)/(fem;)
vaccine	vacina	(cl:subst;)/(fem;)
vacuum	vácuo	(cl:subst;)/(masc;)
valid	válido	(cl:adj;)/
valuable	valioso	(cl:adj;)/
value	valor	(cl:subst;)/
variety	variedade	(cl:subst;)/(fem;)
various	vários	(cl:art;plu;)/(plu;)
vary	variar	(cl:vb;)/
vast	vasto	(cl:adj;)/
vegetables	legumes	(cl:subst;plu;)/(plu;)
vegetarian	vegetariano	(cl:adj;)/
vehicle	veículo	(cl:subst;)/
venezuela	Venezuela	(cl:pron;sing;)/(sing;)
verbatim	literalmente	(cl:adv;)/
version	versão	(cl:subst;)/
vertical	vertical	(cl:adj;)/
very	muito	(cl:adv;)/
vet	veterinário	(cl:subst;)/
veterinary	veterinário	(cl:adj;)/
veto	vetar	(cl:vb;)/
via	por	(cl:prep;)/
vice	vice	(cl:adj;)/		vício	(cl:subst;)/(masc;)
vicinity	vizinhança	(cl:subst;)/(fem;)
victim	vítima	(cl:subst;)/
victory	vitória	(cl:subst;)/(fem;)
view	ver	(cl:vb;)/		visão	(cl:subst;)/		vista	(cl:subst;)/(fem;)
village	aldeia	(cl:subst;)/(fem;)		vila	(cl:subst;)/(fem;)
vine	cacho	(cl:subst;)/(masc;)
viral	virótico	(cl:adj;)/
virtue	virtude	(cl:subst;)/(fem;)
virus	vírus	(cl:subst;)/
visa	visto	(cl:subst;)/(masc;)
visible	visível	(cl:adj;)/
visibly	visivelmente	(cl:adv;)/
visit	visitar	(cl:vb;)/		visita	(cl:subst;)/(fem;)
visitor	visitante	(cl:subst;)/
voice	voz	(cl:subst;)/(fem;)
vomit	vomitar	(cl:vb;)/		vômito	(cl:subst;)/(masc;)
vote	votar	(cl:vb;)/		voto	(cl:subst;)/(masc;)		voto	(cl:subst;)/(masc;)
voucher	voucher	(cl:subst;)/
wagon	vagão	(cl:subst;)/(masc;)
wait	esperar	(cl:vb;)/
waiter	garçom	(cl:subst;)/		garçom	(cl:subst;)/
wake	acordar	(cl:vb;)/
wales	País de Gales	(cl:pron;sing;)/(sing;)
walk	caminhar	(cl:vb;)/		andar	(cl:vb;)/		passeio	(cl:subst;)/(masc;)
wall	parede	(cl:subst;)/(fem;)
want	querer	(cl:vb;)/		querer	(cl:vb;)/
war	guerra	(cl:subst;)/(fem;)
warm	esquentar	(cl:vb;)/		morno	(cl:adj;)/
warmth	aquecimento	(cl:subst;)/(masc;)
wash	lavar	(cl:vb;)/
wasp	vespa	(cl:subst;)/(fem;)
waste	desperdiçar	(cl:vb;)/		desperdício	(cl:subst;)/
watch	vigiar	(cl:vb;)/		observar	(cl:vb;)/		relógio	(cl:subst;)/(masc;)
water	água	(cl:subst;)/(fem;)		aguar	(cl:vb;)/		aguar	(cl:vb;)/
wave	onda	(cl:subst;)/(fem;)
way	jeito	(cl:subst;)/(masc;)		caminho	(cl:subst;)/(masc;)		maneira	(cl:subst;)/(fem;)
we	nós	(cl:pron;plu;)/(plu;)
weak	fraco	(cl:adj;)/
wear	vestir	(cl:vb;)/
weather	tempo	(cl:subst;)/(masc;)
wedding	núpcias	(cl:subst;)/(fem;plu;)
wednesday	Quarta-Feira	(cl:subst;)/
week	semana	(cl:subst;)/(fem;)
weekly	semanalmente	(cl:adv;)/
weight	peso	(cl:subst;)/(masc;)
welcome	saudação	(cl:subst;)/
welfare	bem estar	(cl:subst;)/
well	poço	(cl:subst;)/(masc;)		bem	(cl:adv;)/
west	oeste	(cl:subst;)/(masc;)
western	ocidental	(cl:adj;)/		do oeste	(cl:adj;)/
wet	molhado	(cl:adj;)/
whale	baleia	(cl:subst;)/(fem;)
what	que	(cl:pron;sing;)/(sing;)		o que	(cl:pron;sing;)/(sing;)
what for	para que	/
whatever	qualquer que	(cl:pron;sing;)/(sing;)		qualquer	(cl:art;)/
wheat	trigo	(cl:subst;)/(masc;)
wheel	roda	(cl:subst;)/(fem;)
wheelchair	cadeira de rodas	(cl:subst;)/
when	quando	(cl:adv;)/		quando	(cl:conj;)/
whenever	quando	(cl:adv;)/		sempre que	(cl:conj;)/
where	onde	(cl:adv;)/
where to	para onde	/
whether	se	(cl:conj;)/
which	qual	(cl:pron;sing;)/(sing;)		que	(cl:pron;)/
while	enquanto	(cl:conj;)/
white	branco	(cl:adj;)/		clara	(cl:subst;)/(de ovo;)
who	quem	(cl:pron;sing;)/(sing;)		que	(cl:pron;)/		quem	(cl:pron;sing;)/(sing;)
whole	todo	(cl:adj;)/
whose	de quem	(cl:pron;)/		cujo	(cl:pron;)/
why	por que	(cl:adv;)/
wide	largo	(cl:adj;)/
widely	largamente	(cl:adv;)/
width	largura	(cl:subst;)/(fem;)
wife	esposa	(cl:subst;)/(fem;)
wild	selvagem	(cl:adj;)/
wildlife	vida selvagem	(cl:subst;)/
will	ir	(cl:vb;)/		vontade	(cl:subst;sing;)/(fem;)
willing	disposto	(cl:adj;)/
win	vencer	(cl:vb;)/
wind	vento	(cl:subst;)/(masc;)
window	janela	(cl:subst;)/(fem;)
wine	vinho	(cl:subst;)/(masc;)
winter	Inverno	(cl:subst;)/(masc;)
wire	arame	(cl:subst;)/(masc;)		telegrafar	(cl:vb;)/
wish	desejar	(cl:vb;)/		desejo	(cl:subst;)/(masc;)
with	com	(cl:prep;)/
with that	com isso	(cl:adv;)/
with what	com o que	/
within	dentro	(cl:adv;)/		dentro de	(cl:prep;)/
without	sem	(cl:prep;)/
wolf	lobo	(cl:subst;)/
woman	mulher	(cl:subst;fem;)/(fem;)
wonderful	maravilhoso	(cl:adj;)/
wood	madeira	(cl:subst;)/
wool	lã	(cl:subst;)/(fem;)
word	palavra	(cl:subst;)/(fem;)
work	trabalhar	(cl:vb;)/		funcionar	(cl:vb;)/		trabalhar	(cl:vb;)/		trabalho	(cl:subst;)/(masc;)		obra	(cl:subst;)/(fem;)
worker	trabalhador	(cl:subst;)/
workshop	oficina	(cl:subst;)/(fem;)
world	mundo	(cl:subst;)/(masc;)
worm	verme	(cl:subst;)/(masc;)
worry	preocupar	(cl:vb;)/(refl;)
worse	pior	(cl:adj/adv;)/
worship	adorar	(cl:vb;)/
worst	pior	(cl:adj/adv;)/
worth	digno de	(cl:adj;)/		merecedor	(cl:adj;)/		valor	(cl:subst;)/(masc;)
would	iria	(cl:vb;)/
wrist	pulso	(cl:subst;)/(masc;)
write	escrever	(cl:vb;)/
writer	escritor	(cl:subst;)/
writing	escrita	(cl:subst;)/
wrong	errado	(cl:adj;)/
yard	pátio	(cl:subst;)/(masc;)
year	ano	(cl:subst;)/(masc;)
yellow	amarelo	(cl:adj;)/
yes	sim	(cl:interj;)/
yesterday	ontem	(cl:adv;)/
yet	contudo	(cl:conj;)/		ainda	(cl:adv;)/
you	você	(cl:pron;)/		senhor	(cl:pron;)/(pess:3;sing;formal)		te	(cl:pron;)/		tu	(cl:pron;)/		vos	(cl:pron;)/		vós	(cl:pron;)/
you are welcome	de nada	/
young	jovem	(cl:adj;)/
your	seu	(cl:pron;)/(poss;)		teu	(cl:pron;)/(poss;)
yours	vosso	(cl:pron;poss;)/
yourself	você mesmo	(cl:pron;sing;)/(sing;)
youth	juventude	(cl:subst;)/(fem;)
zero	zero	(cl:num)/(cl:num)
