a causa de	because of	(cl:conj;)/
a lo largo de	along	(cl:prep;)/
a menos que	unless	(cl:conj;)/
a veces	sometimes	(cl:adv;)/
abajo	to	(cl:prep;)/		down	(cl:adv;)/		down	(cl:prep;)/		below	(cl:adv;)/
abeja	bee	(cl:subst;fem;)/
abierto	open	(cl:adj;)/
abismo	deep	(cl:subst;masc;)/
abogado	lawyer	(cl:subst;)/
abrigar	shelter	(cl:vb;)/
abrigo	coat	(cl:subst;fem;)/		shelter	(cl:subst;masc;)/
abril	April	(cl:subst;sing;)/(sing;)
abrir	open	(cl:vb;)/		open	(cl:vb;)/
abstracto	abstract	(cl:adj;)/
abstrair	abstract	(cl:vb;)/
abuela	grandmother	(cl:subst;fem;)/
abuelo	grandfather	(cl:subst;masc;)/
abundante	plenty	(cl:adj;)/
abusar	abuse	(cl:vb;)/
acabado	over	(cl:adv;)/
academico	academic	(cl:subst/adj;)/
acariciar	pet	(cl:vb;)/
accidental	chance	(cl:adj;)/
accidente	accident	(cl:subst;masc;)/
acción	action	(cl:subst;fem;)/		share	(cl:subst;fem;)/
aceite	oil	(cl:subst;masc;)/		olive oil	(cl:subst;masc;)/
acentuar	stress	(cl:vb;)/
aceptable	acceptable	(cl:adj;)/
aceptación	admission	(cl:subst;fem;)/
aceptar	accept	(cl:vb;)/
acero	steel	(cl:subst;masc;)/
aclaración	explanation	(cl:subst;fem;)/
aclarar	clear	(cl:vb;)/
acne	acne	(cl:subst;)/
acompañado	accompanied	(cl:vb;)/
aconsejar	advise	(cl:vb;)/
acontecer	happen	(cl:vb;)/		happen	(cl:vb;)/
actividad	activity	(cl:subst;)/		activity	(cl:subst;)/
activo	active	(cl:adj;)/
acto	act	(cl:subst;masc;)/
actor	actor	(cl:subst;)/
actriz	actress	(cl:subst;fem;)/
actual	current	(cl:adj;)/		actual	(cl:adj;)/
actualmente	currently	(cl:adv;)/		now	(cl:adv;)/
actuar	act	(cl:vb;)/
acuerdo	agreement	(cl:subst;masc;)/		accordance	(cl:subst;masc;)/		accord	(cl:subst;masc;)/
acusación	charge	(cl:subst;)/
acusar	charge	(cl:vb;)/
acá	here	(cl:adv;)/
adaptar	fit	(cl:vb;)/
adecuado	fit	(cl:adj;)/
adelantado	forward	(cl:adj;)/
adelante	forward	(cl:adv;)/		ahead	(cl:adv;)/		ahead	(cl:adv;)/
además	besides	(cl:adv;)/
adicional	additional	(cl:adj;)/		plus	(cl:adj;)/
adicionar	add	(cl:adj;)/(cl:vb;)
adición	addition	(cl:subst;)/
adivinar	guess	(cl:vb;)/
adiós	bye	(cl:interj;)/
administración	management	(cl:subst;fem;)/		administration	(cl:subst;fem;)/
administrar	manage	(cl:vb;)/
adoptar	adopt	(cl:vb;)/
adorar	worship	(cl:vb;)/
adquirir	purchase	(cl:vb;)/
aduana	customs	(cl:subst;fem;)/(plu;)
adulto	adult	(cl:subst/adj;)/
aerolinea	airline	(cl:subst;fem;)/
aeronave	aircraft	(cl:subst;)/
aeropuerto	airport	(cl:subst;masc;)/
afectar	affect	(cl:vb;)/
afilado	sharp	(cl:adj;)/
agente	agent	(cl:subst;)/
agosto	August	(cl:subst;sing;)/(sing;)
agradar	please	(cl:vb;)/		please	(cl:vb;)/
agradecer	thank	(cl:vb;)/
agradecimiento	thank	(cl:subst;masc;)/
agresión	aggression	(cl:subst;fem;)/
agressivo	aggressive	(cl:adj;)/
agricultura	agriculture	(cl:subst;fem;)/
agrio	sour	(cl:adj;)/
agrupar	group	(cl:vb;)/
agua	water	(cl:subst;masc;)/
aguacero	thunderstorm	(cl:subst;masc;)/
aguar	water	(cl:vb;)/		water	(cl:vb;)/
agujero	hole	(cl:subst;masc;)/
ahora	by now	(cl:adv;)/		now	(cl:adv;)/		right now	(cl:adv;)/
aire	air	(cl:subst;masc;)/
ajo	garlic	(cl:subst;masc;)/
alambre	wire	(cl:subst;)/
alargar	extend	(cl:vb;)/
albacora	tuna	(cl:subst;)/
alcade	mayor	(cl:subst;)/
alcance	range	(cl:subst;)/
alcanzar	reach	(cl:vb;)/
alcohol	alcohol	(cl:subst;)/
aldea	village	(cl:subst;fem;)/
alegrar	be happy	(cl:vb;)/
alegría	joy	(cl:subst;)/
alemania	Germany	(cl:pron;sing;)/(sing;)
alergia	allergy	(cl:subst;)/
alfombra	carpet	(cl:subst;fem;)/
algo	something	(cl:pron;sing;)/(sing;)		anything	(cl:pron;sing;)/(sing;)		something	(cl:pron;sing;)/(sing;)
algodón	cotton	(cl:subst;masc;)/
alguien	someone	(cl:pron;sing;)/(sing;)		somebody	(cl:pron;sing;)/(sing;)
alguno	any	(cl:pron;sing;)/(sing;)
algún	some	(cl:pron;)/
alimentar	feed	(cl:vb;)/
alimento	feed	(cl:subst;masc;)/
allí	there	(cl:adv;)/
alma	soul	(cl:subst;fem;)/
almacenar	store	(cl:vb;)/
almanaque	almanac	(cl:subst;)/
almuerzo	lunch	(cl:subst;masc;)/
alquilar	rent	(cl:vb;)/		rent	(cl:vb;)/
alquiler	rental	(cl:subst;)/
alrededor	around	(cl:prep;)/		around	(cl:adv;)/
alternativa	alternative	(cl:adj/subst;)/
alto	high	(cl:adj/adv;)/
altura	height	(cl:subst;fem;)/
alérgico	allergic	(cl:adj;)/
amable	kind	(cl:adj;)/
amar	love	(cl:vb;)/
amargo	bitter	(cl:adj;)/
amarillo	yellow	(cl:adj;)/
ambiente	environment	(cl:subst;)/
ambos	both	(cl:pron;plu;)/(plu;)		both	(cl:art;plu;)/(plu;)
ambulancia	ambulance	(cl:subst;fem;)/
amenaza	threat	(cl:subst;fem;)/
americano	american	(cl:adj/subst;)/
amigo	friend	(cl:subst;)/
amor	love	(cl:subst;masc;)/
américa	America	(cl:subst;sing;fem;)/(sing;fem;)
ancho	wide	(cl:adj;)/
anchura	width	(cl:subst;fem;)/
andar	step	(cl:vb;)/		walk	(cl:vb;)/
anillo	ring	/(cl:subst;)
animal	animal	(cl:subst;masc;)/
animal de compañía	pet	(cl:subst;)/
anormal	abnormal	(cl:adj;)/
anotar	log	(cl:vb;)/
ansiedad	anxiety	(cl:subst;)/
anterior	prior	(cl:adj;)/		former	(cl:adj;)/
anteriormente	previously	(cl:adv;)/
antes	before	(cl:adv;)/(cl:prep/adv;)		prior	(cl:adv;)/
antes de que	before	(cl:conj;)/
antibiótico	antibiotics	(cl:subst;)/
anticuerpo	antibodies	(cl:subst;masc;)/
antiguo	ancient	(cl:adj;)/		former	(cl:adj;)/
anual	annual	(cl:adj;)/
anunciar	announce	(cl:vb;)/
anuncio	announcement	(cl:subst;masc;)/
anónimo	anonymous	(cl:adj;)/
aparato	device	(cl:subst;masc;)/
aparcar	park	(cl:vb;)/
aparecer	appear	(cl:vb;)/
apartado de	off	(cl:prep;)/
apartamento	apartment	(cl:subst;masc;)/
apartar	part	(cl:vb;)/
aplicar	apply	(cl:vb;)/
apoplejía	fit	(cl:subst;fem;)/
apoyar	support	(cl:vb;)/
apoyo	support	(cl:subst;masc;)/		hold	(cl:subst;masc;)/		support	(cl:subst;masc;)/
aprender	learn	(cl:vb;)/
aprobar	approve	(cl:vb;)/
apropriado	appropriate	(cl:adj;)/
aprovisionamiento	supply	(cl:subst;masc;)/		supply	(cl:subst;masc;)/
aproximadamente	approximately	(cl:adv;)/
apuesta	bet	(cl:subst;fem;)/
aquel	that	(cl:pron;)/(plu:those)
arabia	Arabia	(cl:subst;)/
araña	spider	(cl:subst;fem;)/
arañar	scratch	(cl:vb;)/
arbusto	bush	(cl:subst;masc;)/
archivar	file	(cl:vb;)/
arco iris	rainbow	(cl:subst;)/
ardilla	squirrel	(cl:subst;fem;)/
arena	sand	(cl:subst;fem;)/
armario	cupboard	(cl:subst;masc;)/
arreglar	arrange	(cl:vb;)/
arriba	above	(cl:prep/adv;)/		upstairs	(cl:adv)/(cl:adv)
arriesgar	risk	(cl:vb;)/
arrojar	result	(cl:vb;)/
arroyo	creek	(cl:subst;masc;)/
arroz	rice	(cl:subst;incont)/(incont)
arte	art	(cl:subst;masc;)/
artificial	artificial	(cl:adj;)/
artículo	article	(cl:subst;masc;)/
ascensor	lift	(cl:subst;masc;)/
asesino	murderer	(cl:subst;)/
asia	Asia	(cl:pron;sing;fem;)/(sing;fem;)
asiento	seat	(cl:subst;masc;)/
asociar	associate	(cl:vb;)/
asunto	affair	(cl:subst;)/
así	thus	(cl:adv;)/
atacar	attack	(cl:vb;)/
ataque	attack	(cl:subst;masc;)/
atención	attention	(cl:subst;fem;)/
atrasado	late	(cl:adj;)/
atravesar	cross	(cl:vb;)/		cross	(cl:vb;)/
através	across	(cl:prep;)/
atrás	back	(cl:adv;)/		behind	(cl:prep/adv;)/
atún	tuna	(cl:subst;)/
audiencia	audience	(cl:subst;fem;)/
aumentar	increase	(cl:vb;)/
aumento	growth	(cl:subst;masc;)/
aunque	though	(cl:conj;)/		although	(cl:conj;)/
australia	Australia	(cl:pron;sing;fem;)/(sing;fem;)
autismo	autism	(cl:subst;masc;)/
autobús	bus	(cl:subst;masc;)/		bus	(cl:subst;masc;)/
automaticamente	automatically	(cl:adv;)/
automóvil	auto	(cl:subst;)/
autopista	highway	(cl:subst;fem;)/
autoridad	authority	(cl:subst;fem;)/
autorización	authorization	(cl:subst;fem;)/
av.	ave.	(cl:subst;abrev;)/(abrev;)
ave	bird	(cl:subst;)/
avenida	avenue	(cl:subst;fem;)/
aventura	adventure	(cl:subst;fem;)/
aviación	aviation	(cl:subst;fem;)/
aviso	notice	(cl:subst;masc;)/
avispa	wasp	(cl:subst;fem;)/
avión	plane	(cl:subst;masc;)/
ayer	yesterday	(cl:adv;)/
ayuda	help	(cl:subst;fem;)/		assistance	(cl:subst;fem;)/		aid	(cl:subst;fem;)/		assist	(cl:subst;fem;)/
ayudar	help	(cl:vb;)/		assist	(cl:vb;)/		aid	(cl:vb;)/
azul	blue	(cl:adj;)/
azúcar	sugar	(cl:subst;)/
año	year	(cl:subst;masc;)/
aún	yet	(cl:adv;)/
bacteria	bacteria	(cl:subst;fem;)/(plu;)
bacteriano	bacterial	(cl:adj;)/
bahía	bay	(cl:subst;fem;)/
bailar	dance	(cl:vb;)/
bajo	low	(cl:adj/adv;)/
balancear	rock	(cl:vb;)/
balcón	balcony	(cl:subst;masc;)/
ballena	whale	(cl:subst;fem;)/
banco	bank	(cl:subst;masc;)/
bandera	flag	(cl:subst;fem;)/
bar	bar	(cl:subst;)/
barato	cheap	(cl:adj;)/
barco	boat	(cl:subst;masc;)/
barriga	belly	(cl:subst;fem;)/
base	base	(cl:subst;)/		basis	(cl:subst;)/(sing;)
bastante	enough	(cl:adj;)/(adv;)		rather	(cl:adv;)/		plenty	(cl:adv;)/		enough	(cl:pron;sing;)/(sing;)
basura	litter	(cl:subst;fem;)/		garbage	(cl:subst;fem;)/
batalla	battle	(cl:subst;fem;)/
batería	battery	(cl:subst;fem;)/
bañar	bathe	(cl:vb;)/
baño	bath	(cl:subst;masc;)/
beber	drink	(cl:vb;)/
bebida	drink	(cl:subst;fem;)/
bebé	baby	(cl:subst;)/
bello	beautiful	(cl:adj;)/
beneficiar	benefit	(cl:vb;)/		benefit	(cl:vb;)/
beneficio	benefit	(cl:subst;masc;)/
berenjena	eggplant	(cl:subst;fem;)/
beso	kiss	(cl:subst;masc;)/
biblioteca	library	(cl:subst;fem;)/
bicicleta	bicycle	(cl:subst;fem;)/
bien	quite	(cl:adv;)/		well	(cl:adv;)/		good	(cl:subst;)/
bien venido	welcome	(cl:subst;)/
billete	pass	(cl:subst;masc;)/
biología	biology	(cl:subst;fem;)/
bisabuela	great-grandmother	(cl:subst;fem;)/
bisnieto	great-grandson	(cl:subst;)/
blanco	white	(cl:adj;)/
boca	mouth	(cl:subst;fem;)/
boda	wedding	(cl:subst;fem;)/
bollo	cake	(cl:subst;masc;)/
bolsa	bag	(cl:subst;fem;)/		bag	(cl:subst;fem;)/
bombilla	lamp	(cl:subst;fem;)/
bonito	beautiful	(cl:adj;)/
borde	border	(cl:subst;masc;)/		edge	(cl:subst;)/
borrar	delete	(cl:vb;)/
botella	bottle	(cl:subst;fem;)/
botón	button	(cl:subst;masc;)/
bravo	brave	(cl:adj;)/
brazo	arm	(cl:subst;masc;)/
brillante	bright	(cl:adj;)/
brillar	shine	(cl:vb;)/
británico	british	(cl:adj/subst;)/
broma	joke	(cl:subst;fem;)/
bucear	sink	(cl:vb;)/
bueno	good	(cl:adj;)/
burro	donkey	(cl:subst;masc;)/
buscar	look for	(cl:vb;)/		search	(cl:vb;)/
busqueda	search	(cl:subst;fem;)/
buzón	mailbox	(cl:subst;)/
básico	basic	(cl:adj;)/
búho	owl	(cl:subst;)/
búlgaro	bulgarian	(cl:adj/subst;)/
caballero	gentleman	(cl:subst;masc;)/		knight	(cl:subst;masc;)/
caballo	horse	(cl:subst;masc;)/
cabeza	head	(cl:subst;fem;)/
cable	cable	(cl:subst;masc;)/
cabra	goat	(cl:subst;fem;)/
cada	each	(cl:art;sing;)/(sing;)
cada uno	each	(cl:pron;sing;)/(sing;)
cadena	chain	(cl:subst;fem;)/
cadera	hip	(cl:subst;fem;)/
caer	fall	(cl:vb;)/
café	coffee	(cl:subst;masc;)/
caja	box	(cl:subst;fem;)/		cashier	(cl:subst;)/
calcular	calculate	(cl:vb;)/
calefacción	warmth	(cl:subst;)/
calentar	warm	(cl:vb;)/		heat	(cl:vb;)/
caliente	hot	(cl:adj;)/
calle	street	(cl:subst;fem;)/
calmo	calm	(cl:adj;)/
calor	heat	(cl:subst;)/
cama	bed	(cl:subst;fem;)/
camarero	waiter	(cl:subst;)/		waiter	(cl:subst;)/
cambiar	change	(cl:vb;)/		exchange	(cl:vb;)/		change	(cl:vb;)/		switch	(cl:vb;)/
cambio	change	(cl:subst;masc;)/		exchange	(cl:subst;masc;)/		change	(cl:subst;masc;)/
caminar	walk	(cl:vb;)/
campana	bell	(cl:subst;fem;)/
campanilla	bell	(cl:subst;fem;)/
campesino	farmer	(cl:subst;)/
campo	field	(cl:subst;masc;)/
canadiense	canadian	(cl:adj/subst;)/
cancelar	cancel	(cl:vb;)/
canción	song	(cl:subst;fem;)/
cansado	tired	(cl:adj;)/
cantar	sing	(cl:vb;)/
cantidad	amount	(cl:subst;fem;)/
capacidad	ability	(cl:subst;fem;)/
capaz	able	(cl:adj;)/
capilla	chapel	(cl:subst;fem;)/
capital	capital	(cl:subst;fem;)/		capital	(cl:adj;)/
capitular	surrender	(cl:vb;)/
característica	trait	(cl:subst;fem;)/
características	features	(cl:subst;fem;plu;)/(plu)
carbón	carbon	(cl:subst;masc;)/
cariño	beloved	(cl:adj;)/
carne	meat	(cl:subst;fem;)/
carne de cerdo	pork	(cl:subst;)/
carne de cordero	lamb	(cl:subst;)/
carne de vaca	beef	(cl:subst;fem;)/
carnero	sheep	(cl:subst;masc;)/
caro	expensive	(cl:adj;)/
carretera	road	(cl:subst;fem;)/
carta	letter	(cl:subst;fem;)/
casa	house	(cl:subst;fem;)/(fem;)
casado	married	(cl:adj;)/
casarse	marry	(cl:vb;)/
casi	almost	(cl:adv;)/		nearly	(cl:adv;)/		about to	(cl:adv;)/
caso	case	(cl:subst;masc;)/
castillo	castle	(cl:subst;masc;)/
categoría	category	(cl:subst;fem;)/
catálogo	directory	(cl:subst;masc;)/
católico	catholic	(cl:adj;)/
causa	cause	(cl:subst;fem;)/
causar	cause	(cl:vb;)/
caída	fall	(cl:subst;fem;)/
cebolla	onion	(cl:subst;fem;)/
ceder	give up	(cl:vb;)/
celebrar	celebrate	(cl:vb;)/
celular	cellular	(cl:adj;)/
cena	dinner	(cl:subst;fem;)/
cenizas	ashes	(cl:subst;plu;)/(plu;)
censo	census	(cl:subst;masc;)/
central	central	(cl:adj/subst;)/
centro	center	(cl:subst;masc;)/		center	(cl:subst;masc;)/
cepillo	brush	(cl:subst;masc;)/		toothbrush	(cl:subst;)/
cerca	fence	(cl:subst;fem;)/		close	(cl:adv;)/
cerca de	near	(cl:prep;)/		by	(cl:adv;)/		near	(cl:prep;)/(cl:adv;)
cerdo	pig	(cl:subst;masc;)/
cereal	cereal	(cl:subst;)/
cerebro	brain	(cl:subst;masc;)/
cero	zero	(cl:num)/(cl:num)
cerrado	closed	(cl:adj;)/
cerrar	close	(cl:vb;)/		close	(cl:vb;)/
certificado	certificate	(cl:subst;masc;)/
cerveza	beer	(cl:subst;fem;)/
chaqueta	jacket	(cl:subst;fem;)/
cheque	cheque	(cl:subst;masc;)/
chocolate	chocolate	(cl:subst;)/
ciego	blind	(cl:adj;cl:subst;)/
cielo	sky	(cl:subst;masc;)/
cien	hundred	(cl:num)/(cl:num)
ciencia	science	(cl:subst;fem;)/
científico	scientific	(cl:adj;)/		scientist	(cl:subst;)/		scientist	(cl:subst;)/
cigarrillo	cigarette	(cl:subst;masc;)/
cinco	five	(cl:num;plu;)/(plu;)
cincuenta	fifty	(cl:num)/(cl:num)
cinema	cinema	(cl:subst;masc;)/
circunferencia	circumference	(cl:subst;fem;)/
circunstancias	circumstances	(cl:subst;plu)/(plu)
cirugía	surgery	(cl:subst;fem;)/
cisne	swan	(cl:subst;)/
citar	quote	(cl:vb;)/
ciudad	city	(cl:subst;fem;)/		town	(cl:subst;fem;)/
ciudadano	citizen	(cl:subst;)/
ciudadanía	citizenship	(cl:subst;fem;)/
civil	civilian	(cl:adj/subst;)/
claramente	clearly	(cl:adv;)/
claro	clear	(cl:adj;)/		plain	(cl:adj;)/
clase	class	(cl:subst;)/		sort	(cl:subst;)/
classificar	sort	(cl:vb;)/
clavo	nail	(cl:subst;masc;)/
cliente	client	(cl:subst;)/
clima	climate	(cl:subst;)/
club	club	(cl:subst;)/
cláusula	clause	(cl:subst;fem;)/
clínica	clinic	(cl:subst;fem;)/
clínico	clinical	(cl:adj;)/
cobra	snake	(cl:subst;fem;)/
cobre	copper	(cl:subst;masc;)/
coche	car	(cl:subst;masc;)/		wagon	(cl:subst;masc;)/
cocina	kitchen	(cl:subst;)/
cocinar	cook	(cl:vb;)/
cocinero	chef	(cl:subst;)/
codificar	code	(cl:vb;)/
codo	elbow	(cl:subst;masc;)/
coger	catch	(cl:vb;)/
cola	tail	(cl:subst;fem;)/
colaboración	collaboration	(cl:subst;)/
colección	collection	(cl:subst;fem;)/
colega	colleague	(cl:subst;)/
colegio	college	(cl:subst;masc;)/
colgar	hang	(cl:vb;)/
colocar	put	(cl:vb;)/		place	(cl:vb;)/		place	(cl:vb;)/
colonia	colony	(cl:subst;fem;)/
color	color	(cl:subst;masc;)/
colorear	color	(cl:vb;)/
colorido	colorful	(cl:adj;)/
columna	column	(cl:subst;fem;)/
comenzar	start	(cl:vb;)/
comer	eat	(cl:vb;)/
comercial	commercial	(cl:adj;)/(subst;)
comerciar	trade	(cl:vb;)/
comercio	trade	(cl:subst;masc;)/
comida	food	(cl:subst;fem;)/
comienzo	beginning	(cl:subst;masc;)/		start	(cl:subst;masc;)/
comisión	commission	(cl:subst;)/
comité	committee	(cl:subst;)/
como	as	(cl:conj/prep;)/		how	(cl:adv;)/
comparar	compare	(cl:vb;)/
compartir	share	(cl:vb;)/
compañero	partner	(cl:subst;)/
compañía	company	(cl:subst;)/
competición	competition	(cl:subst;)/
complejo	complex	(cl:adj;)/
completamente	fully	(cl:adv;)/		entirely	(cl:adv;)/		completely	(cl:adv;)/		completely	(cl:adv;)/		indeed	(cl:adv;)/
completar	complete	(cl:vb;)/
completo	complete	(cl:adj;)/
componer se	consist	(cl:vb;)/
comportamiento	behavior	(cl:subst;)/
comprador	buyer	(cl:subst;)/
comprar	buy	(cl:vb;)/
comprender	understand	(cl:vb;)/
comprobacíon	check	(cl:subst;fem;)/
comprometido	committed	(cl:adj;)/
compromiso	appointment	(cl:subst;masc;)/
computador	computer	(cl:subst;masc;)/
comunicación	communication	(cl:subst;)/
comunidad	community	(cl:subst;)/
comunista	communist	(cl:adj/subst;)/
común	common	(cl:adj;)/		usual	(cl:adj;)/		ordinary	(cl:adj;)/
comúnmente	commonly	(cl:adv;)/
con	with	(cl:prep;)/
concepto	concept	(cl:subst;masc;)/
concreto	concrete	(cl:subst;masc;)/		concrete	(cl:adj;)/
condición	condition	(cl:subst;fem;)/
conducir	conduct	(cl:vb;)/		ride	(cl:vb;)/
conejo	rabbit	(cl:subst;)/
conexión	connection	(cl:subst;fem;)/
conferir	check	(cl:vb;)/
confirmación	confirmation	(cl:subst;)/
confirmar	confirm	(cl:vb;)/
conflicto	conflict	(cl:subst;masc;)/
conforme	according to	(cl:adv;)/
congreso	congress	(cl:subst;masc;)/
conjunto	joint	(cl:adj;)/
conocer	know	(cl:vb;)/
conocido	known	(cl:adj;)/
conocimiento	knowledge	(cl:subst;masc;)/
consejo	council	(cl:subst;masc;)/		advice	(cl:subst;masc;)/
conservador	conservative	(cl:subst;)/(cl:adj;)		conservative	(cl:subst;)/
conservar	preserve	(cl:vb;)/
consideración	regard	/(cl:subst;)
considerar	consider	(cl:vb;)/		account	(cl:vb;)/		regard	(cl:vb;)/
constantemente	constantly	(cl:adv;)/
constitución	constitution	(cl:subst;fem;)/
construcción	building	(cl:subst;fem;)/		construction	(cl:subst;fem;)/
construir	build	(cl:vb;)/
consulado	consulate	(cl:subst;masc;)/
consulta	consultation	(cl:subst;fem;)/
consultar	consult	(cl:vb;)/
consumidor	consumer	(cl:subst;)/
contacto	contact	(cl:subst;masc;)/
contagiado	infected	(cl:adj;)/
contagioso	infectious	(cl:adj;)/
contar	count	(cl:vb;)/		count	(cl:vb;)/		tell	(cl:vb;)/
contenedor	container	(cl:subst;masc;)/
contener	contain	(cl:vb;)/
contestación	answer	(cl:subst;fem;)/
contestar	answer	(cl:vb;)/
continuar	continue	(cl:vb;)/
contra	against	(cl:prep;)/
contrarrestar	counter	(cl:vb;)/
contratar	contract	(cl:vb;)/		hire	(cl:vb;)/
contrato	contract	(cl:subst;masc;)/
contribución	contribution	(cl:subst;fem;)/
control	control	(cl:subst;)/
controlar	control	(cl:vb;)/
convención	convention	(cl:subst;fem;)/
conveniente	convenient	(cl:adj;)/		proper	(cl:adj;)/
conversación	conversation	(cl:subst;fem;)/
copia	copy	(cl:subst;fem;)/
copiar	copy	(cl:vb;)/
corazón	heart	(cl:subst;)/
cordero	lamb	(cl:subst;)/
corporación	corporation	(cl:subst;fem;)/
corrección	correction	(cl:subst;fem;)/
correcto	right	(cl:adj;)/		correct	(cl:adj;)/
corregir	correct	(cl:vb;)/
correo	mail	(cl:subst;masc;)/
correr	run	(cl:vb;)/		run	(cl:vb;)/
corriente	current	(cl:subst;fem;)/
cortar	cut	(cl:vb;)/
corte	cut	(cl:subst;masc;)/
corto	short	(cl:adj;)/
cosa	thing	(cl:subst;)/		stuff	(cl:subst;)/
cosecha	harvest	(cl:subst;fem;)/
cosechar	harvest	(cl:vb;)/
costa	coast	(cl:subst;fem;)/
costo	cost	(cl:subst;masc;)/
costumbre	custom	(cl:subst;masc;)/
creación	creation	(cl:subst;fem;)/
crear	create	(cl:vb;)/
crecer	grow	(cl:vb;)/
creer	believe	(cl:vb;)/
crema	cream	(cl:subst;)/
criada	maid	(cl:subst;fem;)/
criador	breeder	(cl:subst;)/
criar	breed	(cl:vb;)/
cristiano	christian	(cl:adj;)/		christian	(cl:subst;)/
cronometrar	time	(cl:vb;)/
crudo	raw	(cl:adj;)/
cruz	cross	(cl:subst;fem;)/
crédito	credit	(cl:subst;masc;)/
cuadrado	square	(cl:subst;masc;)/		square	(cl:adj;)/
cuando	when	(cl:adv;)/		when	(cl:adv;)/(cl:conj;)
cuantía	amount	(cl:subst;fem;)/
cuarenta	forty	(cl:num)/(cl:num)
cuarto	room	(cl:subst;masc;)/		fourth	(cl:num;)/		quarter	(cl:subst;masc;)/(cl:num;)
cuarto de baño	bathroom	(cl:subst;)/
cuatro	four	(cl:num)/(cl:num)
cubierta	cover	(cl:subst;fem;)/		cover	(cl:subst;fem;)/		deck	(cl:subst;fem;)/
cubrir	cover	(cl:vb;)/
cucaracha	cockroach	(cl:subst;fem;)/
cuchara	spoon	(cl:subst;fem;)/
cuchillo	knife	(cl:subst;masc;)/
cuchito	kitten	(cl:subst;)/		kitty	(cl:subst;)/
cuello	collar	(cl:subst;masc;)/		neck	(cl:subst;masc;)/
cuenco	bowl	(cl:subst;masc;)/
cuenta	account	(cl:subst;fem;)/		bill	(cl:subst;fem;)/		bill	(cl:subst;fem;)/
cuerda	cord	(cl:subst;fem;)/		rope	(cl:subst;fem;)/
cuerno	horn	(cl:subst;masc;)/
cuero	leather	(cl:subst;masc;)/
cuerpo	body	(cl:subst;masc;)/
cuervo	raven	(cl:subst;masc;)/
cuestión	question	(cl:subst;fem;)/
cuidado	care	(cl:subst;masc;)/
cuidadosamente	carefully	(cl:adv;)/
culpa	fault	(cl:subst;fem;)/
cultivar	cultivate	(cl:vb;)/
cultura	culture	(cl:subst;fem;)/
cumbre	summit	(cl:subst;)/
cumpleaños	birthday	(cl:subst;)/
curso	course	(cl:subst;)/		course	(cl:subst;)/
custar	cost	(cl:vb;)/
cuál	which	(cl:pron;sing;)/(sing;)
cuánto	how much	(cl:adv;)/
cáncer	cancer	(cl:subst;masc;)/
cárcel	jail	(cl:subst;)/
célula	cell	(cl:subst;)/
círculo	circle	(cl:subst;masc;)/
código	code	(cl:subst;masc;)/
cómodo	comfortable	(cl:adj;)/
dados	dice	(cl:subst;plu;)/(plu;)
danza	dance	(cl:subst;fem;)/
dar	give	(cl:vb;)/
dasarollo	development	(cl:subst;masc;)/
datos	data	(cl:subst;plu;)/(plu;)
daño	damage	(cl:subst;masc;)/
de	of	(cl:prep;)/		from	(cl:prep;)/
de repente	suddenly	(cl:adv;)/
debajo	under	(cl:adv;)/
debajo de	below	(cl:prep;)/		under	(cl:prep;)/
deber	should	(cl:vb;)/		must	(cl:vb;)/		shall	(cl:vb;)/
decir	say	(cl:vb;)/		tell	(cl:vb;)/		tell	(cl:vb;)/
declaración	statement	(cl:subst;fem;)/
declarar	state	(cl:vb;)/		declare	(cl:vb;)/
dedo	finger	(cl:subst;masc;)/		toe	(cl:subst;~ de pie;)/
defensa	defense	(cl:subst;fem;)/
definir	define	(cl:vb;)/
dejar	leave	(cl:vb;)/		let	(cl:vb;)/		release	(cl:vb;)/
del oeste	western	(cl:adj;)/
demanda	demand	(cl:subst;fem;)/
demasiado	too	(cl:adv;)/		too	(cl:adv;)/
democrático	democratic	(cl:adj;)/
demostración	show	(cl:subst;fem;)/
dentro	in	(cl:adv;)/		inside	(cl:adv;)/
dentro de	within	(cl:adv;)/		in	(cl:prep;)/
departamento	department	(cl:subst;)/		department	(cl:subst;)/
depender	depend	(cl:vb;)/
dependiente	dependent	(cl:adj;)/
deporte	sport	(cl:subst;)/
depositar	deposit	(cl:vb;)/
deprisa	quickly	(cl:adv;)/
depósito	deposit	(cl:subst;masc;)/
derecho	right	(cl:subst;)/
derramar	shed	(cl:vb;)/		pour	(cl:vb;)/
desafortunadamente	unfortunately	(cl:adv;)/
desarrollar	develop	(cl:vb;)/
desayuno	breakfast	(cl:subst;masc;)/
descansar	rest	(cl:vb;)/
descanso	rest	(cl:subst;masc;)/
describir	describe	(cl:vb;)/
descripción	description	(cl:subst;fem;)/
descubrir	discover	(cl:vb;)/		find out	(cl:vb;)/
desde	since	(cl:prep/adv/conj;)/
desear	wish	(cl:vb;)/
desembarcar	land	(cl:vb;)/
deseo	wish	(cl:subst;masc;)/
desierto	desert	(cl:subst;masc;)/
desorden	disorder	(cl:subst;fem;)/
despacio	slow	(cl:adj;)/
despedir	fire	(cl:vb;)/
despertar	wake	(cl:vb;)/
después	after	(cl:prep;)/		after	(cl:adv;)/		beyond	(cl:adv;)/
destinar	appropriate	(cl:vb;)/
destino	destiny	(cl:subst;masc;)/
destrucción	destruction	(cl:subst;fem;)/
detalle	detail	(cl:subst;masc;)/
determinar	determine	(cl:vb;)/		determine	(cl:vb;)/
detrás	back	(cl:adv;)/
devorar	devour	(cl:vb;)/
diabetes	diabetes	(cl:subst;)/
diagnóstico	diagnosis	(cl:subst;masc;)/
diariamente	daily	(cl:adv;)/
diario	daily	(cl:adj;)/
diarrea	diarrhoea	(cl:subst;fem;)/
dibujar	design	(cl:vb;)/
diccionario	dictionary	(cl:subst;masc;)/
diciembre	December	(cl:subst;sing;)/(sing;)
diente	tooth	(cl:subst;masc;)/(plu:teeth;)
dieta	diet	(cl:subst;fem;)/		nutrition	(cl:subst;fem;)/
diez	ten	(cl:num;plu;)/(plu;)
diferencia	difference	(cl:subst;fem;)/
diferente	different	(cl:adj;)/		different	(cl:adj;)/
dificil	difficult	(cl:adj;)/
digno de	worth	(cl:adj;)/
dinero	money	(cl:subst;masc;)/
dios	god	(cl:subst;)/
dirección	address	(cl:subst;fem;)/		direction	(cl:subst;fem;)/		direction	(cl:subst;fem;)/
directamente	directly	(cl:adv;)/
directo	through	(cl:adj;)/		direct	(cl:adj;)/
director	director	(cl:subst;)/
directorio	directory	(cl:subst;masc;)/
dirigir	address	(cl:vb;)/		drive	(cl:vb;)/		direct	(cl:vb;)/
discar	dial	(cl:vb;)/
disciplina	discipline	(cl:subst;fem;)/
disco duro	hard disk	(cl:subst;masc;)/
discutir	discuss	(cl:vb;)/
disfrutar	enjoy	(cl:vb;)/
disminuir	decrease	(cl:vb;)/
disponible	available	(cl:adj;)/
distancia	distance	(cl:subst;fem;)/
distribuir	distribute	(cl:vb;)/
distrito	district	(cl:subst;masc;)/
divertido	fun	(cl:adj;)/		funny	(cl:adj;)/
divertimento	fun	(cl:subst;masc;)/
dividido	divided	(cl:adj;)/
dividir	divide	(cl:vb;)/
divino	divine	(cl:adj;)/
doce	twelve	(cl:num)/(cl:num)
docena	dozen	(cl:subst;fem;)/
documento	document	(cl:subst;masc;)/
dolor	pain	(cl:subst;)/
domingo	Sunday	(cl:subst;)/
doméstico	domestic	(cl:adj;)/
donde	where	(cl:adv;)/
dormir	sleep	(cl:vb;)/
dos	two	(cl:num)/(cl:num)
dos veces	twice	(cl:adv;)/
dosis	dose	(cl:subst;fem;)/
dr	dr	(cl:abbrev;)/
droga	drug	(cl:subst;fem;)/
dual	dual	(cl:adj;)/
duda	doubt	(cl:subst;fem;)/
dulce	sweet	(cl:adj;)/
durante	during	(cl:prep;)/
durar	last	(cl:vb;)/
duro	hard	(cl:adj;)/
débil	weak	(cl:adj;)/
día	day	(cl:subst;masc;)/
dólar	dollar	(cl:subst;masc;)/
economía	economy	(cl:subst;fem;)/		economics	(cl:subst;fem;)/(plu;)
económico	economic	(cl:adj;)/
edad	age	(cl:subst;fem;)/
edición	edition	(cl:subst;fem;)/
edificio	building	(cl:subst;masc;)/
editor	publisher	(cl:subst;)/
educación	education	(cl:subst;fem;)/		education	(cl:subst;fem;)/
eeuu	USA	(cl:pron;sing;)/(sing;)
efectivo	cash	(cl:subst;)/
efecto	effect	(cl:subst;masc;)/		effect	(cl:subst;masc;)/
eficaz	effective	(cl:adj;)/
ejemplo	example	(cl:subst;masc;)/
el	the	(cl:art;)/
elección	election	(cl:subst;fem;)/		choice	(cl:subst;fem;)/
electricidad	electricity	(cl:subst;fem;)/
electrónico	electronic	(cl:adj;)/
elegir	pick	(cl:vb;)/		elect	(cl:vb;)/
ella	she	(cl:pron;sing;fem;)/(sing;fem;)
ella/la	her	(cl:pron;sing;fem;)/(sing;fem;)
ellos	they	(cl:pron;plu;)/(plu;)		them	(cl:pron;plu;)/(plu;)
eléctrico	electrical	(cl:adj;)/
embajada	embassy	(cl:subst;fem;)/
embarazada	pregnant	(cl:adj;)/
embarcar	board	(cl:vb;)/		board	(cl:vb;)/
emergencia	emergency	(cl:subst;fem;)/
emisión	issue	(cl:subst;fem;)/		emission	(cl:subst;fem;)/
empezar	begin	(cl:vb;)/
emplasto	Band-aid	(cl:subst;masc;)/
empleado	employee	(cl:subst;)/
en	in	(cl:prep;)/		on	(cl:prep;)/		at	(cl:prep;)/		into	(cl:prep;)/
en efecto	actually	(cl:adv;)/
en vez de	instead	(cl:adv;)/
encendedor	lighter	(cl:subst;masc;)/
encender	light	(cl:vb;)/
enchufe	outlet	(cl:subst;masc;)/
encima	up	(cl:prep;)/
encontrar	meet	(cl:vb;)/
encuesta	investigation	(cl:subst;fem;)/
enemigo	enemy	(cl:subst;)/
energía	energy	(cl:subst;fem;)/
enero	January	(cl:subst;sing;)/(sing;)
enfermedad	disease	(cl:subst;fem;)/		sickness	(cl:subst;fem;)/
enfermo	sick	(cl:adj;)/
enojado	angry	(cl:adj;)/
ensalada	salad	(cl:subst;fem;)/
enseñar	teach	(cl:vb;)/
entero	entire	(cl:adj;)/
entonces	then	(cl:adv/conj;)/
entrada	access	(cl:subst;fem;)/		entry	(cl:subst;fem;)/		intake	(cl:subst;fem;)/
entrar	enter	(cl:vb;)/
entre	between	(cl:prep;)/		among	(cl:prep;)/
entregar	supply	(cl:vb;)/		hand	(cl:vb;)/		hand in	(cl:vb;)/
entrenar	train	(cl:vb;)/
entretenimiento	entertainment	(cl:subst;masc;)/
entusiasmado	excited	(cl:adj;)/
envejecer	age	(cl:vb;)/
envenenar	poison	(cl:vb;)/
enviar	send	(cl:vb;)/		mail	(cl:vb;)/		ship	(cl:vb;)/		send	(cl:vb;)/
envolver	involve	(cl:vb;)/
equidad	equality	(cl:subst;fem;)/
equilibrio	balance	(cl:subst;masc;)/
equipamiento	equipment	(cl:subst;masc;)/		equipment	(cl:subst;masc;)/
equipo	team	(cl:subst;masc;)/
equivocarse	err	(cl:vb;)/
erróneo	wrong	(cl:adj;)/
escalar	scale	(cl:vb;)/
escalera	ladder	(cl:subst;fem;)/		stair	(cl:subst;fem;)/
escama	scale	(cl:subst;fem;)/
escapar	escape	(cl:vb;)/
escarabajo	beetle	(cl:subst;masc;)/
esclavo	slave	(cl:subst;)/
escoger	choose	(cl:vb;)/
esconder	hide	(cl:vb;)/
escribir	write	(cl:vb;)/
escribir a máquina	type	(cl:vb;)/
escritor	writer	(cl:subst;)/
escuchar	listen	(cl:vb;)/
escuela	school	(cl:subst;fem;)/
escuela primaria	elementary school	(cl:subst;fem;)/
escultura	sculpture	(cl:subst;fem;)/
esencial	essential	(cl:adj;)/
esfuerzo	effort	(cl:subst;masc;)/
espacio	space	(cl:subst;masc;)/		room	(cl:subst;masc;)/
espalda	back	(cl:subst;fem;)/
esparcir	spread	(cl:vb;)/
españa	Spain	(cl:subst;)/
español	spanish	(cl:subst;)/
especial	special	(cl:adj;)/
especialista	expert	(cl:subst;)/
especialmente	especially	(cl:adv;)/
especie	species	(cl:subst;fem;)/
específico	specific	(cl:adj;)/
espejo	mirror	(cl:subst;masc;)/
esperanza	hope	(cl:subst;fem;)/
esperar	wait	(cl:vb;)/		expect	(cl:vb;)/		hope	(cl:vb;)/		hope	(cl:vb;)/
espinaca	spinach	(cl:subst;fem;)/
esposa	wife	(cl:subst;fem;)/
espárrago	asparagus	(cl:subst;masc;)/
esquina	corner	(cl:subst;fem;)/		corner	(cl:subst;fem;)/
establecer	establish	(cl:vb;)/
estación	station	(cl:subst;fem;)/		season	(cl:subst;fem;)/		season	(cl:subst;fem;)/
estado	state	(cl:subst;)/		status	(cl:subst;masc;)/
estadística	statistics	(cl:subst;fem;)/
estar	be	(cl:vb;)/
estatua	statue	(cl:subst;fem;)/
este	this	(cl:pron;)/(plu:these;)		east	(cl:adj;)/		east	(cl:subst;masc;)/
estirar	stretch	(cl:vb;)/
estrella	star	(cl:subst;fem;)/
estructura	structure	(cl:subst;fem;)/
estrés	stress	(cl:subst;)/
estudiante	student	(cl:subst;)/
estudiar	study	(cl:vb;)/
estudio	study	(cl:subst;masc;)/
estómago	stomach	(cl:subst;masc;)/
estúpido	dumb	(cl:adj;)/
etc	etc	(cl:subst;)/
europa	Europe	(cl:pron;sing;)/(sing;)
europeo	european	(cl:adj/subst;)/
evento	event	(cl:subst;masc;)/
evidente	distinct	(cl:adj;)/
evidentemente	apparently	(cl:adv;)/		obviously	(cl:adv;)/
evitar	avoid	(cl:vb;)/
exactamente	exactly	(cl:adv;)/
exacto	exact	(cl:adj;)/
examen	exam	(cl:subst;masc;)/
examinar	examine	(cl:vb;)/		survey	(cl:vb;)/
excelente	fine	(cl:adj;)/		excellent	(cl:adj;)/
excepción	exception	(cl:subst;fem;)/
excepto	except	(cl:prep;)/		but	(cl:prep;)/
exigencia	requirement	(cl:subst;fem;)/
exigir	demand	(cl:vb;)/
existencia	being	(cl:subst;fem;)/
existir	exist	(cl:vb;)/
expandir	expand	(cl:vb;)/
experiencia	experience	(cl:subst;fem;)/
experimental	experimental	(cl:adj;)/
experimento	experiment	(cl:subst;fem;)/
explicar	explain	(cl:vb;)/
explorar	explore	(cl:vb;)/
exponer	expose	(cl:vb;)/
exterior	abroad	(cl:subst;masc;)/
externo	outside	(cl:adj;)/
extra	extra	(cl:adj;)/
extranjero	foreign	(cl:adj;)/
extremo	extreme	(cl:adj;)/
factor	factor	(cl:subst;masc;)/
falda	shirt	(cl:subst;fem;)/
falta	lack	(cl:subst;)/
familia	family	(cl:subst;fem;)/
familiar	familiar	(cl:adj;)/
fantástico	fantastic	(cl:adj;)/
farmacia	pharmacy	(cl:subst;fem;)/
favor	favor	(cl:subst;masc;)/
favorecer	favor	(cl:vb;)/
fe	faith	(cl:subst;fem;)/
febrero	February	(cl:subst;)/
fecal	fecal	(cl:adj;)/
fecha	date	(cl:subst;fem;)/
federal	federal	(cl:adj;)/
felicidad	happiness	(cl:subst;fem;)/
felino	feline	(cl:adj/subst;)/
feliz	happy	(cl:adj;)/
femenino	female	(cl:adj;)/
fenómeno	phenomenon	(cl:subst;masc;)/
fichero	file	(cl:subst;)/
fiebre	fever	(cl:subst;fem;)/
fieltro	felt	(cl:subst;masc;)/
fiesta	party	(cl:subst;fem;)/
figura	figure	(cl:subst;fem;)/
fijar	secure	(cl:vb;)/
fin	end	(cl:subst;masc;)/
final	final	(cl:adj;)/
finalmente	eventually	(cl:adv;)/		finally	(cl:adv;)/
financiero	financial	(cl:adj;)/
fino	thin	(cl:adj;)/
firmar	sign	(cl:vb;)/
firme	firm	(cl:adj;)/
flor	flower	(cl:subst;fem;)/
fondo	background	(cl:subst;masc;)/
foresta	forest	(cl:subst;fem;)/
formal	formal	(cl:adj;)/
formar	form	(cl:vb;)/
formulario	form	(cl:subst;masc;)/
forzar	force	(cl:vb;)/
francia	France	(cl:subst;)/
francés	french	(cl:subst;)/		french	(cl:adj;)/
frase	phrase	(cl:subst;fem;)/
fraternidad	brotherhood	(cl:subst;fem;)/
frecuente	frequent	(cl:adj;)/
frecuentemente	often	(cl:adv;)/		frequently	(cl:adv;)/
fregadero	sink	(cl:subst;masc;)/
frenar	brake	(cl:vb;)/
frente	forehead	(cl:subst;fem;)/
fresa/frutilla	strawberry	(cl:subst;fem;)/
fresco	fresh	(cl:adj;)/		cool	(cl:adj;)/
frijol	bean	(cl:subst;masc;)/
frontón	front	(cl:subst;)/
fruta	fruit	(cl:subst;fem;)/
frío	cold	(cl:adj;)/		cold	(cl:subst;masc;)/
fuego	fire	(cl:subst;masc;)/
fuente	source	(cl:subst;fem;)/
fuera	out	(cl:adv;)/		outside	(cl:adv;)/		abroad	(cl:adv;)/		off	(cl:adv;)/
fuerte	strong	(cl:adj;)/
fuerza	force	(cl:subst;fem;)/		force	(cl:subst;fem;)/		strength	(cl:subst;fem;)/
funcionar	work	(cl:vb;)/
funcionario	official	(cl:subst;)/
función	function	(cl:subst;fem;)/
fundamental	key	(cl:adj;)/
fundamento	bedding	(cl:subst;masc;)/
fundar	found	(cl:vb;)/
futuro	future	(cl:subst;masc;)/
fábrica	factory	(cl:subst;fem;)/
fácil	easy	(cl:adj;)/
física	physics	(cl:subst;fem;)/
físico	physical	(cl:adj;)/
fósforo	match	(cl:subst;masc;)/
fútbol	soccer	(cl:subst;masc;)/
gabinete	cabinet	(cl:subst;sing;)/(sing;)
galería	gallery	(cl:subst;fem;)/
gales	Wales	(cl:pron;sing;)/(sing;)
gallina	hen	(cl:subst;fem;)/
gallo	cock	(cl:subst;masc;)/
gamba	shrimp	(cl:subst;fem;)/
ganar	earn	(cl:vb;)/		win	(cl:vb;)/
ganso	goose	(cl:subst;masc;)/
garantizar	guarantee	(cl:vb;)/
garantía	guarantee	(cl:subst;fem;)/
garra	claw	(cl:subst;fem;)/
gas	gas	(cl:subst;masc;)/
gastar	spend	(cl:vb;)/
gastos	expenses	(cl:subst;plu;)/(plu;)
gato	cat	(cl:subst;)/
gemelo	twin	(cl:subst;)/
gen	gene	(cl:subst;masc;)/
generador	generator	(cl:subst;masc;)/
general	general	(cl:adj;)/		general	(cl:subst;)/
generalmente	generally	(cl:adv;)/
gerente	manager	(cl:subst;)/
ginebra	Geneva	(cl:subst;)/
gobernador	governor	(cl:subst;)/
gobernar	rule	(cl:vb;)/
gobierno	government	(cl:subst;masc;)/
golpe	hit	(cl:subst;masc;)/
golpear	hit	(cl:vb;)/
gordo	fat	(cl:adj;)/
gracias	thanksgiving	(cl:subst;)/		thanks	(cl:interj;)/
grado	degree	(cl:subst;masc;)/
gran bretaña	Britain	(cl:pron;sing;)/(sing;)
grande	large	(cl:adj;)/		big	(cl:adj;)/
grandioso	great	(cl:adj;)/
granero	shed	(cl:subst;)/
gratuito	costless	(cl:adj;)/
griego	greek	(cl:adj;)/
gris	gray	(cl:adj/subst;)/		grey	(cl:adj/subst;)/
grupo	group	(cl:subst;masc;)/
guardar	keep	(cl:vb;)/		save	(cl:vb;)/
guardia	guard	(cl:subst;)/		policeman	(cl:subst;)/
guerra	war	(cl:subst;fem;)/
guiar	lead	(cl:vb;)/		guide	(cl:vb;)/
guitara	guitar	(cl:subst;fem;)/
gusano	worm	(cl:subst;masc;)/
gustar	like	(cl:vb;)/
guía	leader	(cl:subst;)/		guide	(cl:subst;)/
haba	bean	(cl:subst;fem;)/
habitante	inhabitant	(cl:subst;)/
hablar	speak	(cl:vb;)/		talk	(cl:vb;)/
hace poco	just	(cl:adv;)/
hacer	do	(cl:vb;)/		make	(cl:vb;)/
hacer las compras	shop	(cl:vb;)/
hacerse	get	(cl:vb;)/
hacia arriba	up	(cl:adv;)/
hacienda	farm	(cl:subst;fem;)/
hallar	find	(cl:vb;)/
hambre	hunger	(cl:subst;fem;)/
harina	flour	(cl:subst;fem;)/
hasta	until	(cl:prep;)/		even	(cl:adv;)/
hecho	fact	(cl:subst;masc;)/
hembra	female	(cl:subst;fem;)/
herir	injure	(cl:vb;)/
hermana	sister	(cl:subst;fem;)/
hermano	brother	(cl:subst;masc;)/
hermosura	beauty	(cl:subst;fem;)/
herramienta	tool	(cl:subst;fem;)/
hidrofobia	rabies	(cl:subst;fem;)/
hiedra	ivy	(cl:subst;fem;)/
hielo	ice	(cl:subst;masc;)/
hierro	iron	(cl:subst;masc;)/
hija	daughter	(cl:subst;fem;)/(fem;)
hijo	son	(cl:subst;masc;)/(masc;)
historia	history	(cl:subst;fem;)/		story	(cl:subst;fem;)/
histórico	historical	(cl:adj;)/		historic	(cl:adj;)/
hogar	home	(cl:subst;masc;)/
hoja	leaf	(cl:subst;fem;)/		form	(cl:subst;fem;)/		razor	(cl:subst;fem;)/
hombre	human	(cl:subst;masc;)/		man	(cl:subst;masc;)/
hombro	shoulder	(cl:subst;masc;)/
hondo	deep	(cl:adj;)/
honesto	honest	(cl:adj;)/
honor	honor	(cl:subst;masc;)/
honrar	honor	(cl:vb;)/
hora	hour	(cl:subst;fem;)/		hour	(cl:subst;fem;)/
hospedar	host	(cl:vb;)/
hospital	hospital	(cl:subst;masc;)/
hostil	hostile	(cl:adj;)/
hotel	hotel	(cl:subst;masc;)/
hoy	today	(cl:adv;)/
huella	way	(cl:subst;fem;)/
hueso	bone	(cl:subst;masc;)/
huevo	egg	(cl:subst;masc;)/
huir	flee	(cl:vb;)/
humanidad	mankind	(cl:subst;fem;)/
humanitario	humane	(cl:adj;)/
humano	human	(cl:adj;)/
humo	smoke	(cl:subst;masc;)/
hurtar	steal	(cl:vb;)/
huésped	guest	(cl:subst;)/
hígado	liver	(cl:subst;masc;)/
idea	idea	(cl:subst;fem;)/		idea	(cl:subst;fem;)/
iglesia	church	(cl:subst;fem;)/
igual	even	(cl:adj;)/		equal	(cl:adj;)/
ilegal	illegal	(cl:adj;)/
imagen	image	(cl:subst;fem;)/
imaginar	imagine	(cl:vb;)/
imediato	immediate	(cl:adj;)/
imigrante	immigrant	(cl:subst;)/
imigrar	immigrate	(cl:vb;)/
impacto	impact	(cl:subst;masc;)/
impedir	bar	(cl:vb;)/
importante	important	(cl:adj;)/
importar	matter	(cl:vb;)/		amount	(cl:vb;)/
imposible	impossible	(cl:adj;)/
imprimir	print	(cl:vb;)/
impuesto	tax	(cl:subst;masc;)/
incluir	include	(cl:vb;)/
incluído	including	(cl:adv;)/
independencia	independence	(cl:subst;fem;)/
independiente	independent	(cl:adj;)/
indicar	point	(cl:vb;)/		indicate	(cl:vb;)/
indio	indian	(cl:subst;)/
individual	individual	(cl:adj;)/		individual	(cl:adj;)/
individuo	individual	(cl:subst;)/
indole	character	(cl:subst;)/
industria	industry	(cl:subst;fem;)/
industrial	industrial	(cl:adj;)/
indígena	indian	(cl:adj;)/
infeccíon	infection	(cl:subst;fem;)/
infectar	infected	(cl:vb;)/
infierno	hell	(cl:subst;masc;)/
inflamación	inflammation	(cl:subst;fem;)/
influencia	influence	(cl:subst;fem;)/
información	information	(cl:subst;fem;)/
informar	report	(cl:vb;)/
infraestructura	infrastructure	(cl:subst;fem;)/
ingeniero	engineer	(cl:subst;)/
ingeniería	engineering	(cl:subst;fem;)/
inglaterra	England	(cl:pron;sing;)/(sing;)
inglés	english	(cl:adj/subst;)/
ingreso	income	(cl:subst;masc;)/		revenue	(cl:subst;masc;)/
inmediatamente	immediately	(cl:adv;)/		direct	(cl:adv;)/
inmigración	immigration	(cl:subst;fem;)/
inmune	immune	(cl:adj;)/
inmunidad	immunity	(cl:subst;fem;)/
innovador	pioneer	(cl:adj;)/
insecto	insect	(cl:subst;masc;)/
insignia	ensign	(cl:subst;fem;)/
instalación	facility	(cl:subst;fem;)/
instancia	instance	(cl:subst;fem;)/
instante	instant	(cl:subst;masc;)/
instituto	institute	(cl:subst;masc;)/
instrumento	instrument	(cl:subst;masc;)/
inteligencia	intelligence	(cl:subst;fem;)/		sense	(cl:subst;)/
intentar	try	(cl:vb;)/		attempt	(cl:vb;)/
interesante	interesting	(cl:adj;)/
interesar	concern	(cl:vb;)/		concerned	(cl:vb;)/
interior	inside	(cl:subst;masc;)/
internacional	international	(cl:adj;)/
interno	internal	(cl:adj;)/		indoor	(cl:adj;)/
interruptor	switch	(cl:subst;masc;)/
interés	interest	(cl:subst;)/		interest	(cl:subst;masc;)/		interest	(cl:subst;masc;)/
intestinal	intestinal	(cl:adj;)/
intestino	intestine	(cl:subst;masc;)/
introducción	introduction	(cl:subst;fem;)/
inundar	flood	(cl:vb;)/
inversión	investment	(cl:subst;fem;)/
invierno	Winter	(cl:subst;masc;)/
invisible	invisible	(cl:adj;)/
invitación	invitation	(cl:subst;fem;)/
inútil	useless	(cl:adj;)/
ir	will	(cl:vb;)/		would	(cl:vb;)/		go	(cl:vb;)/		going	(cl:vb;)/
irritación	irritation	(cl:subst;fem;)/
isla	island	(cl:subst;fem;)/
izquierda	left	(cl:subst;fem;)/
izquierdo	left	(cl:adj;)/
jabón	soap	(cl:subst;masc;)/
jardín	garden	(cl:subst;masc;)/
jaula	cage	(cl:subst;fem;)/
jefe	boss	(cl:adj;)/		chief	(cl:subst;)/
jirafa	giraffe	(cl:subst;fem;)/
joven	young	(cl:adj;)/
joyas	jewelry	(cl:subst;plu;)/
juego	game	(cl:subst;masc;)/		set	(cl:subst;masc;)/
jueves	Thursday	(cl:subst;)/
juez	judge	(cl:subst;)/
jugar	play	(cl:vb;)/		play	(cl:vb;)/
jugo	juice	(cl:subst;masc;)/
juguete	toy	(cl:subst;masc;)/
juicio	process	(cl:subst;masc;)/
julio	July	(cl:subst;sing;)/(sing;)
junio	June	(cl:subst;sing;)/(sing;)
juntamente	together	(cl:adv;)/
juntar	join	(cl:vb;)/
justo	just	(cl:adj/adv;)/
juventud	youth	(cl:subst;fem;)/
la	her	(cl:pron;sing;fem;)/(sing;fem;)		the	(cl:art;sing;fem)/(sing)
la mayoría de	most	(cl:pron;)/
labio	lip	(cl:subst;masc;)/
lado	side	(cl:subst;masc;)/
lado inferior	bottom	(cl:subst;masc;)/
lago	lake	(cl:subst;masc;)/
lana	wool	(cl:subst;fem;)/
largo	long	(cl:adj;)/
lata	can	(cl:subst;fem;)/
lavadero	laundry	(cl:subst;masc;)/
lavar	wash	(cl:vb;)/
lección	lesson	(cl:subst;fem;)/
leche	milk	(cl:subst;fem;)/
lector	reader	(cl:subst;)/
leer	read	(cl:vb;)/
legal	legal	(cl:adj;)/
lejano	far	(cl:adj;)/
lejos	away	(cl:adv;)/		far	(cl:adv;)/
lengua	language	(cl:subst;fem;)/		tongue	(cl:subst;fem;)/		language	(cl:subst;fem;)/
levantarse	stand	(cl:vb;)/
ley	law	(cl:subst;)/
león	lion	(cl:subst;masc;)/
liberal	liberal	(cl:adj;)/
libertad	freedom	(cl:subst;fem;)/
libra	pound	(cl:subst;fem;)/
libre	free	(cl:adj;)/
libro	book	(cl:subst;masc;)/
lidiar	deal	(cl:vb;)/
liga	league	(cl:subst;fem;)/
ligero	light	(cl:adj;)/		light	(cl:adj;)/
limitar	limit	(cl:vb;)/
limpar	clean	(cl:vb;)/		clean	(cl:vb;)/
limpio	clean	(cl:adj;)/
limón	lemon	(cl:subst;masc;)/
lindo	pretty	(cl:adj;)/
lista	list	(cl:subst;fem;)/
listar	list	(cl:vb;)/
listo	finished	(cl:adj;)/		ready	(cl:adj;)/
literalmente	verbatim	(cl:adv;)/
litro	liter	(cl:subst;masc;)/
llamar	call	(cl:vb;)/		called	(cl:vb;)/(be ~;)		name	(cl:vb;)/
llanura	plain	(cl:subst;)/
llave	key	(cl:subst;fem;)/
llegar	reach	(cl:vb;)/		reach	(cl:vb;)/
llenar	stuff	(cl:vb;)/		fill	(cl:vb;)/
lleno	full	(cl:adj;)/
llevar	carry	(cl:vb;)/
llover	rain	(cl:vb;)/
lluvia	rain	(cl:subst;fem;)/
lo	him	(cl:pron;sing;masc;)/(sing;masc;)		it	(cl:pron;sing;)/(sing;)		the	(cl:pron;)/
lobo	wolf	(cl:subst;)/
local	local	(cl:adj;)/
loco	crazy	(cl:subst;masc;)/
loma	hill	(cl:subst;)/
londres	London	(cl:pron;sing;)/(sing;)
longitud	length	(cl:subst;)/
los	the	(cl:art;plu;)/(plu;)
lucha	fight	(cl:subst;fem;)/		fight	(cl:subst;fem;)/
luchar	fight	(cl:vb;)/
lucrar	profit	(cl:vb;)/
lucro	profit	(cl:subst;masc;)/
lugar	place	(cl:subst;masc;)/
luna	moon	(cl:subst;fem;)/
lunes	Monday	(cl:subst;)/
luz	light	(cl:subst;fem;)/
límite	boundary	(cl:subst;masc;)/		limit	(cl:subst;masc;)/
macho	male	(cl:adj;)/
madera	wood	(cl:subst;)/
madre	mother	(cl:subst;fem;)/
maestro	teacher	(cl:subst;)/
mal	bad	(cl:adj;)/
malo	evil	(cl:adj;)/
mamífero	mammal	(cl:subst;masc;)/
mancha	stain	(cl:subst;fem;)/
manchar	stain	(cl:vb;)/
manera	way	(cl:subst;fem;)/		way	(cl:subst;fem;)/
manivela	handle	(cl:subst;fem;)/
mano	hand	(cl:subst;fem;)/
mantener	keep	(cl:vb;)/		maintain	(cl:vb;)/		hold	(cl:vb;)/		hold	(cl:vb;)/
mantequilla	butter	(cl:subst;fem;)/
manzana	apple	(cl:subst;fem;)/
mapa	map	(cl:subst;masc;)/
mar	sea	(cl:subst;masc;)/
maravilloso	wonderful	(cl:adj;)/
marca	spot	(cl:subst;fem;)/		mark	(cl:subst;fem;)/		marking	(cl:subst;fem;)/
marcar	mark	(cl:vb;)/		spot	(cl:vb;)/
marcha	march	(cl:subst;fem;)/
marchar	march	(cl:vb;)/
mariposa	butterfly	(cl:subst;fem;)/
marrón	brown	(cl:adj;)/
martes	Tuesday	(cl:subst;)/
marzo	March	(cl:subst;sing;)/(sing;)
masa	mass	(cl:subst;fem;)/
masticación	chewing	(cl:subst;fem;)/
masticar	chew	(cl:vb;)/
matar	kill	(cl:vb;)/
materia	matter	(cl:subst;fem;)/
material	material	(cl:adj;)/
mayo	May	(cl:subst;)/
mayor	major	(cl:subst;)/
mayoría	majority	(cl:subst;fem;)/
maíz	corn	(cl:subst;masc;)/
mañana	morning	(cl:subst;fem;)/		tomorrow	(cl:adv;)/
media noche	midnight	(cl:subst;)/
medicamento	medicine	(cl:subst;masc;)/
medida	measure	(cl:subst;fem;)/
medio	par	(cl:subst;)/		middle	(cl:subst;masc;)/
medios	means	(cl:subst;)/		resources	(cl:subst;)/
medir	measure	(cl:vb;)/		measure	(cl:vb;)/
mediterráneo	mediterranean	(cl:adj;)/
mejor	best	(cl:adj;)/		better	(cl:adj;)/		best	(cl:adj;)/(cl:adv;)		better	(cl:adj;)/(cl:adv;)
mejorar	improve	(cl:vb;)/
mencionar	mention	(cl:vb;)/
menor	least	(cl:adj;)/
menos	less	(cl:adv;)/
mensaje	message	(cl:subst;)/
mensualmente	monthly	(cl:adv;)/
mente	mind	(cl:subst;fem;)/
mentir	lie	(cl:vb;)/
mentira	lie	(cl:subst;fem;)/
mentón	chin	(cl:subst;masc;)/
menú	menu	(cl:subst;masc;)/
mercado	market	(cl:subst;masc;)/
mercancía	goods	(cl:subst;fem;)/(plu;)
merienda	snack	(cl:subst;fem;)/
mermelada	marmelade	(cl:subst;fem;)/
mes	month	(cl:subst;masc;)/
mesa	table	(cl:subst;fem;)/
metal	metal	(cl:subst;masc;)/
mi	my	(cl:pron;)/
miedo	fear	(cl:subst;masc;)/
miel	honey	(cl:subst;masc;)/
miembro	member	(cl:subst;masc;)/
mientras	while	(cl:conj;)/
mil	thousand	(cl:num;)/
mil millones	billion	(cl:num;plu;)/(plu;)
milagro	miracle	(cl:subst;masc;)/
militar	military	(cl:subst;masc;)/		military	(cl:adj;)/
milla	mile	(cl:subst;fem;)/
millón	million	(cl:num;)/
minimizar	minimize	(cl:vb;)/
ministro	minister	(cl:subst;)/
minoría	minority	(cl:subst;fem;)/
minuciosamente	thoroughly	(cl:adv;)/
minuto	minute	(cl:subst;masc;)/
mirar	look at	(cl:vb;)/
misión	mission	(cl:subst;fem;)/
mismo	even	(cl:adv;)/		same	(cl:adj;)/
misterio	mystery	(cl:subst;masc;)/
mitad	half	(cl:pron;sing;)/(sing;)
miércoles	Wednesday	(cl:subst;)/
mochila	backpack	(cl:subst;fem;)/
moderno	modern	(cl:adj;)/
modificar	modify	(cl:vb;)/
mojado	wet	(cl:adj;)/
moler	grind	(cl:vb;)/
moneda	currency	(cl:subst;fem;)/		coin	(cl:subst;fem;)/		money	(cl:subst;fem;)/
mono	ape	(cl:subst;)/		monkey	(cl:subst;)/
montaña	mountain	(cl:subst;fem;)/
monte	mount	(cl:subst;masc;)/
monumento	memorial	(cl:subst;masc;)/
moral	moral	(cl:adj;)/
morder	bite	(cl:vb;)/
morir	die	(cl:vb;)/
mosca	fly	(cl:subst;fem;)/
mostaza	mustard	(cl:subst;fem;)/
mostrador	counter	(cl:subst;)/
mostrar	show	(cl:vb;)/
motocicleta	motorcycle	(cl:subst;fem;)/(cl:vb;)
mover	move	(cl:vb;)/
movimiento	movement	(cl:subst;masc;)/
muchacho	lad	(cl:subst;masc;)/
mucho	much	(cl:adv;)/		lot	(cl:adv;)/		much	(cl:adv;)/(cl:art;sing;)
muchos	many	(cl:pron;plu;)/(plu;)
muebles	furniture	(cl:subst;masc;plu;)/
muerte	death	(cl:subst;fem;)/
muerto	dead	(cl:adj;)/
muestra	sample	(cl:subst;fem;)/
mujer	woman	(cl:subst;fem;)/(fem;)
multar	fine	(cl:vb;)/
mundo	world	(cl:subst;masc;)/
museo	museum	(cl:subst;masc;)/
muslo	thigh	(cl:subst;masc;)/
muy	very	(cl:adv;)/
muñeca	wrist	(cl:subst;fem;)/
máquina	machine	(cl:subst;fem;)/
mármol	marble	(cl:subst;masc;)/
más	more	(cl:pron;)/		further	(cl:adj;)/		else	(cl:adv;)/		plus	(cl:prep;)/		more	(cl:adv;)/		most	(cl:adv;)/
más alto	higher	(cl:adj;)/		highest	(cl:adj;)/
más bajo	lower	(cl:adj;)/
más fácil	easier	(cl:adj;)/
más grande	greater	(cl:adj;)/
más tarde	later	(cl:adv;)/
más temprano	earlier	(cl:adj;)/
más viejo	older	(cl:adj;)/		oldest	(cl:adj;)/
médico	medical	(cl:adj;)/		doctor	(cl:subst;)/
método	method	(cl:subst;masc;)/
méxico	Mexico	(cl:pron;sing;)/(sing;)
mí	me	(cl:pron;sing;)/(sing;)
músculo	muscle	(cl:subst;masc;)/
música	music	(cl:subst;fem;)/		music	(cl:subst;fem;)/
nacido	born	(cl:adj;)/
nacimiento	birth	(cl:subst;masc;)/
nacional	national	(cl:adj;)/
nada	nothing	(cl:pron;sing;)/(sing;)
nadar	swim	(cl:vb;)/
nadie	nobody	(cl:pron;)/
naranja	orange	(cl:adj;)/		orange	(cl:subst;fem;)/
narcóticos	drugs	(cl:subst;)/
nariz	nose	(cl:subst;masc;)/
narrar	tell	(cl:vb;)/
nativo	native	(cl:adj;)/
natural	natural	(cl:adj;)/
naturaleza	nature	(cl:subst;fem;)/
naturalmente	naturally	(cl:adv;)/
naufragio	shipwreck	(cl:subst;masc;)/
navidad	Christmas	(cl:subst;)/
navío	ship	(cl:subst;masc;)/
necesario	necessary	(cl:adj;)/
necesidad	necessity	(cl:subst;fem;)/		need	(cl:subst;fem;)/		need	(cl:subst;fem;)/
necesitar	need	(cl:vb;)/		require	(cl:vb;)/		need	(cl:vb;)/
negociar	negotiate	(cl:vb;)/		trade	(cl:vb;)/
negocio	business	(cl:subst;masc;)/
negro	black	(cl:adj;)/		negro	(cl:adj;)/
neutro	neuter	(cl:adj/subst;)/
nevar	snow	(cl:vb;)/
nevera	refrigerator	(cl:subst;fem;)/
ni	nor	(cl:conj;)/
ni			 ni	neither	(cl:conj;)/(neither ..nor ....)
nieto	grandson	(cl:subst;)/
nieve	snow	(cl:subst;fem;)/
ningun	any	(cl:adv;)/
ninguno	none	(cl:pron;sing;)/(sing;)
nivel	level	(cl:subst;masc;)/
niña	girl	(cl:subst;fem;)/(fem;)
niño	child	(cl:subst;)/(sing;plu:children)		boy	(cl:subst;masc;)/(masc;)
no	not	(cl:adv;)/		no	(cl:adv;)/
noche	night	(cl:subst;fem;)/
nombrar	appoint	(cl:vb;)/
nombre	name	(cl:subst;masc;)/
normal	normal	(cl:adj;)/
normalmente	usually	(cl:adv;)/		normally	(cl:adv;)/
norte	north	(cl:subst;masc;)/
nosotros	us	(cl:pron;plu;)/(plu;)		we	(cl:pron;plu;)/(plu;)
nota	note	(cl:subst;fem;)/		note	(cl:subst;fem;)/
noticias	news	(cl:subst;fem;plu;)/
novato	beginner	(cl:subst;)/
noventa	ninety	(cl:num)/(cl:num)
noviembre	November	(cl:pron;sing;)/(sing;)
nube	cloud	(cl:subst;fem;)/
nuestro	our	(cl:pron;)/
nuevamente	again	(cl:adv;)/		again	(cl:adv;)/
nueve	nine	(cl:num)/(cl:num)
nuevo	new	(cl:adj;)/
nuez	nut	(cl:subst;fem;)/
nunca	never	(cl:adv;)/
número	number	(cl:subst;masc;)/		number	(cl:subst;masc;)/
o	or	(cl:conj;)/		either	(cl:conj;)/(either ... or .... )
objeto	goal	(cl:subst;masc;)/
obligación	duty	(cl:subst;fem;)/
obra	work	(cl:subst;fem;)/
observación	observation	(cl:subst;fem;)/		remark	(cl:subst;fem;)/
observar	watch	(cl:vb;)/
obstrucción	obstruction	(cl:subst;fem;)/
obtener	obtain	(cl:vb;)/		get	(cl:vb;)/
occidental	western	(cl:adj;)/
oceano	ocean	(cl:subst;masc;)/
ochenta	eighty	(cl:num)/(cl:num)
ocho	eight	(cl:num)/(cl:num)
octubre	October	(cl:pron;sing;)/(sing;)
oculto	hidden	(cl:adj;)/
ocupación	occupation	(cl:subst;fem;)/
ocurrir	occur	(cl:vb;)/		chance	(cl:vb;)/
odiar	hate	(cl:vb;)/
odio	hatred	(cl:subst;masc;)/
oeste	west	(cl:subst;masc;)/
oferta	offer	(cl:subst;fem;)/
oficial	official	(cl:adj;)/
oficina	office	(cl:subst;)/
oficio	craft	(cl:subst;masc;)/
oficioso	helpful	(cl:adj;)/
ofrecer	offer	(cl:vb;)/
ojo	eye	(cl:subst;masc;)/
ola	wave	(cl:subst;fem;)/
oler	smell	(cl:vb;)/
olor	odor	(cl:subst;masc;)/		smell	(cl:subst;masc;)/
once	eleven	(cl:num)/(cl:num)
operación	operation	(cl:subst;fem;)/
operar	operate	(cl:vb;)/
opinión	opinion	(cl:subst;fem;)/
oponente	adversary	(cl:subst;)/
oportunidad	opportunity	(cl:subst;fem;)/
oportuno	cheap	(cl:adj;)/
oposición	opposition	(cl:subst;fem;)/
oración	prayer	(cl:subst;fem;)/
orden	order	(cl:subst;fem;)/
ordenar	order	(cl:vb;)/
oreja	ear	(cl:subst;fem;)/
organización	organization	(cl:subst;fem;)/
orgulloso	proud	(cl:adj;)/
oriental	eastern	(cl:adj;)/
origen	origin	(cl:subst;fem;)/
original	original	(cl:adj;)/
orina	urine	(cl:subst;fem;)/
oro	gold	(cl:subst;masc;)/
oscuro	dark	(cl:adj;)/
oso	bear	(cl:subst;)/
otorgar	accord	(cl:vb;)/
otoño	Autumn	(cl:subst;)/
otro	other	(cl:pron;)/		another	(cl:art/pronome;sing;)/(sing;)		other	(cl:adj;)/
oído	ear	(cl:subst;masc;)/
oír	hear	(cl:vb;)/
paciencia	patience	(cl:subst;fem;)/
paciente	(cl:subst/adj;)	(cl:subst/adj;)/(cl:subst;)
padre	father	(cl:subst;masc;)/
pagar	pay	(cl:vb;)/		pay	(cl:vb;)/
pago	payment	(cl:subst;masc;)/
paja	straw	(cl:subst;fem;)/
palabra	word	(cl:subst;fem;)/
pan	bread	(cl:subst;masc;)/
panadería	bakery	(cl:subst;fem;)/
papel	paper	(cl:subst;masc;)/		role	(cl:subst;masc;)/
paquete	package	(cl:subst;)/
par	pair	(cl:subst;)/		couple	(cl:subst;)/
para/hacia	for	(cl:prep;)/
parada	stand	(cl:subst;fem;)/		stop	(cl:subst;fem;)/
parado	still	(cl:adj;)/
paraguas	umbrella	(cl:subst;)/
parar	stop	(cl:vb;)/
parcial	partial	(cl:adj;)/
parecer	seem	(cl:vb;)/		look	(cl:vb;)/		look like	(cl:vb;)/
pared	wall	(cl:subst;fem;)/
pariente	relative	(cl:subst;)/
parlamento	parliament	(cl:subst;masc;)/
parque	park	(cl:subst;masc;)/
parra	vine	(cl:subst;fem;)/
parte	part	(cl:subst;fem;)/		share	(cl:subst;)/
parte trasera	back	(cl:subst;)/
particular	particular	(cl:adj;)/		private	(cl:adj;)/
partido	party	(cl:subst;masc;)/
parásito	parasite	(cl:subst;masc;)/
pasado	previous	(cl:adj;)/		past	(cl:subst;masc;)/
pasajero	passenger	(cl:subst;)/
pasaporte	passport	(cl:subst;masc;)/
pasar	pass	(cl:vb;)/
paseo	tour	(cl:subst;masc;)/		ride	(cl:subst;masc;)/		drive	(cl:subst;masc;)/		walk	(cl:subst;masc;)/
paso	step	(cl:subst;masc;)/
pata	paw	(cl:subst;fem;)/
patata	potato	(cl:subst;fem;)/
patio	yard	(cl:subst;masc;)/
pato	duck	(cl:subst;)/
patria	homeland	(cl:subst;fem;)/
payaso	clown	(cl:subst;masc;)/
paz	peace	(cl:subst;fem;)/
país	country	(cl:subst;)/
paño	cloth	(cl:subst;masc;)/
pecho	breast	(cl:subst;masc;)/
pedido	errand	(cl:subst;)/		request	(cl:subst;masc;)/
pedir	ask	(cl:vb;)/		order	(cl:vb;)/
peligro	danger	(cl:subst;masc;)/
peligroso	dangerous	(cl:adj;)/
pelo	hair	(cl:subst;masc;)/
pelota	ball	(cl:subst;fem;)/
pensamiento	thought	(cl:subst;masc;)/
pensar	think	(cl:vb;)/
pequeño	small	(cl:adj;)/		little	(cl:adj;)/
perder	lose	(cl:vb;)/		lose	(cl:vb;)/		miss	(cl:vb;)/
perdida	loss	(cl:subst;fem;)/
perdido	lost	(cl:adj;)/
perdonar	forgive	(cl:vb;)/
perdón	pardon	(cl:subst;masc;)/
perezoso	lazy	(cl:adj;)/
perfecto	perfect	(cl:adj;)/
peritonitis	peritonitis	(cl:subst;fem;)/
periódico	newspaper	(cl:subst;masc;)/
perla	pearl	(cl:subst;fem;)/
permanente	permanent	(cl:adj;)/
permiso	permit	(cl:subst;masc;)/		permission	(cl:subst;masc;)/		leave	(cl:subst;)/		permission	(cl:subst;masc;)/
permitido	allowed	(cl:adj;)/
permitir	allow	(cl:vb;)/
pero	but	(cl:conj;)/
perro	dog	(cl:subst;masc;)/
persona	people	(cl:subst;fem;plu;)/(plu;)		person	(cl:subst;fem;)/		person	(cl:subst;fem;)/
personal	staff	(cl:subst;masc;)/		personal	(cl:adj;)/
personalidad	personality	(cl:subst;fem;)/
pertenecer	belong	(cl:vb;)/
período	period	(cl:subst;)/
pesado	heavy	(cl:adj;)/
peso	weight	(cl:subst;masc;)/
pesquisa	research	(cl:subst;fem;)/
pesquisar	research	(cl:vb;)/
petróleo	petroleum	(cl:subst;masc;)/
pez	fish	(cl:subst;masc;)/
picar	sting	(cl:vb;)/
pie	foot	(cl:subst;masc;)/
piedra	stone	(cl:subst;fem;)/
piel	fur	(cl:subst;fem;)/		skin	(cl:subst;fem;)/
pierna	leg	(cl:subst;fem;)/
pieza	bit	(cl:subst;fem;)/		piece	(cl:subst;fem;)/		play	(cl:subst;fem;)/
pila	battery	(cl:subst;fem;)/
pintar	paint	(cl:vb;)/
piso	floor	(cl:subst;masc;)/
placa	plaque	(cl:subst;fem;)/
plano	plan	(cl:subst;masc;)/
planta	plant	(cl:subst;fem;)/
plantar	plant	(cl:vb;)/
plata	silver	(cl:subst;fem;)/
plato	dish	(cl:subst;masc;)/		course	(cl:subst;masc;)/
playa	beach	(cl:subst;fem;)/
plaza	square	(cl:subst;fem;)/
plazo	deadline	(cl:subst;masc;)/
plomo	lead	(cl:subst;masc;)/
pluma	pen	(cl:subst;fem;)/
plástico	plastic	(cl:subst;masc;)/		plastic	(cl:subst;masc;)/
población	population	(cl:subst;fem;)/
pobre	poor	(cl:adj;)/
poco	little	(cl:pron;sing;)/(sing;)		little	(cl:adv;)/
poco a poco	gradually	(cl:adv;)/
pocos	few	(cl:art/pronome;plu;)/(plu;)		a few	(cl:art)/(cl:art)
poder	can	(cl:vb;)/		may	(cl:vb;)/		power	(cl:subst;masc;)/		might	(cl:vb;)/		may	(cl:vb;)/		power	(cl:subst;masc;)/
poderoso	powerful	(cl:adj;)/
podrido	rotten	(cl:adj;)/
pollo	chicken	(cl:subst;)/		chicken	(cl:subst;masc;)/
polvo	dust	(cl:subst;masc;)/
política	policy	(cl:subst;fem;)/		politics	(cl:subst;fem;)/(sing;)
político	political	(cl:adj;)/
poner	put	(cl:vb;)/		lay	(cl:vb;)/
popular	popular	(cl:adj;)/
por	by	(cl:prep;)/		per	(cl:prep;)/		through	(cl:prep;)/
por eso	therefore	/(cl:adv;)
por favor	please	(cl:interj;)/
por qué	why	(cl:adv;)/
por supuesto	certainly	(cl:adv;)/
porciento	percent	(cl:subst;)/
porque	because	(cl:conj;)/
poseer	own	(cl:vb;)/
posible	possible	(cl:adj;)/
posición	position	(cl:subst;fem;)/		position	(cl:subst;fem;)/		position	(cl:subst;fem;)/		location	(cl:subst;fem;)/
positivo	positive	(cl:adj;)/
postre	dessert	(cl:subst;masc;)/
potencial	potential	(cl:adj;)/
pozo	well	(cl:subst;masc;)/
practicar	practice	(cl:vb;)/
prado	meadow	(cl:subst;masc;)/
precio	price	(cl:subst;masc;)/
predecir	predict	(cl:vb;)/
preferir	prefer	(cl:vb;)/
pregunta	question	(cl:subst;fem;)/
preguntar	ask	(cl:vb;)/
premio	prize	(cl:subst;masc;)/		award	(cl:subst;masc;)/
prensa	press	(cl:subst;fem;)/
preocupar	worry	(cl:vb;refl;)/
preparación	preparation	(cl:subst;fem;)/
preparar	prepare	(cl:vb;)/
presentar	introduce	(cl:vb;)/		give	(cl:vb;)/		present	(cl:vb;)/
presente	present	(cl:adj;)/
presidente	president	(cl:subst;)/		chairman	(cl:subst;)/(sing;)
presionar	press	(cl:vb;)/
preste	priest	(cl:subst;masc;)/
prevenir	prevent	(cl:vb;)/		prevent	(cl:vb;)/
prima	cousin	(cl:subst;)/
primavera	Spring	(cl:subst;)/
primero	first	(cl:num;)/		premier	(cl:adj;)/		first	(cl:adv;)/
primo	cousin	(cl:subst;)/
princesa	princess	(cl:subst;fem;)/
principal	main	(cl:adj;)/		major	(cl:adj;)/
principiante	beginner	(cl:subst;)/
principio	principle	(cl:subst;masc;)/		beginning	(cl:subst;masc;)/
probable	likely	(cl:adj;)/
probablemente	probably	(cl:adv;)/		likely	(cl:adv;)/
probar	test	(cl:vb;)/		proof	(cl:vb;)/		sample	(cl:vb;)/		experience	(cl:vb;)/		experiment	(cl:vb;)/		test	(cl:vb;)/
problema	problem	(cl:subst;masc;)/		trouble	(cl:subst;masc;)/
procedimiento	procedure	(cl:subst;masc;)/
producción	production	(cl:subst;fem;)/
producir	produce	(cl:vb;)/
producto	product	(cl:subst;masc;)/
profesional	professional	(cl:adj;)/
profesión	profession	(cl:subst;fem;)/
profeta	prophet	(cl:subst;)/
profundamente	deeply	(cl:adv;)/		sound	(cl:adv;)/
profundo	deep	(cl:adj;)/
programa	program	(cl:subst;masc;)/		program	(cl:subst;masc;)/		schedule	(cl:subst;masc;)/
programar	program	(cl:vb;)/
prohibir	forbid	(cl:vb;)/
promulgar	issue	(cl:vb;)/
pronto	soon	(cl:adv;)/
propietario	owner	(cl:subst;)/
propina	tip	(cl:subst;fem;)/
propio	own	(cl:adj;)/		own	(cl:adj;)/
proporcionar	provide	(cl:vb;)/
proporción	proportion	(cl:subst;fem;)/
propuesta	proposal	(cl:subst;fem;)/
propósito	purpose	(cl:subst;masc;)/
proteger	protect	(cl:vb;)/
proteína	protein	(cl:subst;fem;)/
protocolo	protocol	(cl:subst;masc;)/
provincia	province	(cl:subst;fem;)/
provinciano	provincial	(cl:adj;)/
provisionalmente	temporarily	(cl:adv;)/
proyectar	plan	(cl:vb;)/
proyecto	design	(cl:subst;masc;)/		project	(cl:subst;masc;)/		design	(cl:subst;masc;)/
prueba	test	(cl:subst;fem;)/		proof	(cl:subst;fem;)/		proof	(cl:subst;fem;)/
príncipe	prince	(cl:subst;masc;)/
próximo	next	(cl:adj;)/		close	(cl:adj;)/
publicación	report	(cl:subst;)/		publication	(cl:subst;fem;)/
publicar	publish	(cl:vb;)/
pueblo	nation	(cl:subst;masc;)/		commons	(cl:subst;masc;)/(plu;)		nation	(cl:subst;masc;)/		people	(cl:subst;masc;)/(plu;)		people	(cl:subst;masc;)/		village	(cl:subst;masc;)/
puente	bridge	(cl:subst;fem;)/
puerta	door	(cl:subst;fem;)/		gate	(cl:subst;fem;)/
puerto	port	(cl:subst;masc;)/
puesto	post	(cl:subst;masc;)/
pulga	flea	(cl:subst;fem;)/
pulgada	inch	(cl:subst;fem;)/
pulgar	thumb	(cl:subst;masc;)/
pulmón	lung	(cl:subst;masc;)/
puntada	stitch	(cl:subst;fem;)/
punto	point	(cl:subst;masc;)/
puño	fist	(cl:subst;masc;)/
página	page	(cl:subst;fem;)/
pájaro	bird	(cl:subst;masc;)/
píldora	pill	(cl:subst;fem;)/
público	public	(cl:adj;)/		audience	(cl:subst;masc;)/		public	(cl:subst;masc;)/
que	than	(cl:conj;)/		that	(cl:conj;)/		which	(cl:pron;)/		who	(cl:pron;)/
quebrado	broken	(cl:adj;)/
quedar	stay	(cl:vb;)/
quedarse	remain	(cl:vb;)/
quemar	burn	(cl:vb;)/
querer	want	(cl:vb;)/		want	(cl:vb;)/
queso	cheese	(cl:subst;masc;)/
quince	fifteen	(cl:num)/(cl:num)
quitar	remove	(cl:vb;)/
quizá	perhaps	(cl:adv;)/
quizás	possibly	(cl:adv;)/
quién	who	(cl:pron;sing;)/(sing;)		who	(cl:pron;sing;)/(sing;)
qué	what	(cl:pron;sing;)/(sing;)
químico	chemical	(cl:adj;)/		chemistry	(cl:subst;)/
radiación	radiation	(cl:subst;fem;)/
radio	radio	(cl:subst;masc;)/
rana	frog	(cl:subst;fem;)/
raro	rare	(cl:adj;)/		strange	(cl:adj;)/
rastro	trail	(cl:subst;masc;)/		track	(cl:subst;masc;)/
rata	rat	(cl:subst;fem;)/
ratón	mouse	(cl:subst;masc;)/
raya	stripe	(cl:subst;)/
raza	breed	(cl:subst;fem;)/
razón	reason	(cl:subst;fem;)/		reason	(cl:subst;fem;)/
raíz	root	(cl:subst;fem;)/
reacción	reaction	(cl:subst;fem;)/
real	royal	(cl:adj;)/		real	(cl:adj;)/
realidad	reality	(cl:subst;fem;)/
realizar	accomplish	(cl:vb;)/
realmente	actually	(cl:adv;)/		really	(cl:adv;)/
receta	recipe	(cl:subst;fem;)/
rechazar	refuse	(cl:vb;)/
recibir	receive	(cl:vb;)/
reciente	recent	(cl:adj;)/
recientemente	recently	(cl:adv;)/
reclamo	advertisement	(cl:subst;masc;)/		advertisement	(cl:subst;masc;)/
recoger	collect	(cl:vb;)/
recomendación	recommendation	(cl:subst;fem;)/
recomendar	recommend	(cl:vb;)/
reconocer	recognize	(cl:vb;)/
reconocimiento	reconnaissance	(cl:subst;masc;)/
recordar	remember	(cl:vb;)/		remember	(cl:vb;)/
recuerdo	memory	(cl:subst;masc;)/
red	network	(cl:subst;fem;)/		net	(cl:subst;fem;)/
redondo	round	(cl:adj;)/
reducir	reduce	(cl:vb;)/
referencia	reference	(cl:subst;fem;)/
reforma	reform	(cl:subst;fem;)/
reformar	reform	(cl:vb;)/
regalo	present	(cl:subst;masc;)/		gift	(cl:subst;masc;)/
regional	territorial	(cl:adj;)/
registrar	record	(cl:vb;)/
registro	record	(cl:subst;)/
región	country	(cl:subst;fem;)/		region	(cl:subst;fem;)/
regla	rule	(cl:subst;fem;)/
regular	regular	(cl:adj;)/
regularmente	regularly	(cl:adv;)/
reina	queen	(cl:subst;fem;)/
relación	relation	(cl:subst;fem;)/
religioso	religious	(cl:adj;)/
religión	religion	(cl:subst;fem;)/
reloj	clock	(cl:subst;masc;)/		watch	(cl:subst;masc;)/
relámpago	lightning	(cl:subst;masc;)/
remendar	patch	(cl:vb;)/
remoto	remote	(cl:adj;)/
repetir	repeat	(cl:vb;)/
representante	representative	(cl:subst;)/
república	republic	(cl:subst;fem;)/
requerir	require	(cl:vb;)/
reserva	reservation	(cl:subst;fem;)/
reservar	book	(cl:vb;)/
resfriado	cold	(cl:subst;masc;)/
residencia	residence	(cl:subst;fem;)/
residente	resident	(cl:adj/subst;)/
resolución	resolution	(cl:subst;fem;)/
resolver	decide	(cl:vb;)/		solve	(cl:vb;)/
respetar	respect	(cl:vb;)/
respeto	respect	(cl:subst;masc;)/
respirar	breathe	(cl:vb;)/
respiratorio	respiratory	(cl:adj;)/
responsabilidad	responsibility	(cl:subst;fem;)/
responsable	responsible	(cl:adj;)/
respuesta	response	(cl:subst;fem;)/
restar	remain	(cl:vb;)/
restaurante	restaurant	(cl:subst;masc;)/
resultado	result	(cl:subst;masc;)/
resumen	abstract	(cl:subst;masc;)/
retornar	return	(cl:vb;)/
retraso	delay	(cl:subst;masc;)/
reunión	meeting	(cl:subst;fem;)/
revelar	reveal	(cl:vb;)/
revista	magazine	(cl:subst;fem;)/
rey	king	(cl:subst;masc;)/
reír	laugh	(cl:vb;)/
rico	rich	(cl:adj;)/		tasty	(cl:adj;en sabor)/
riesgo	risk	(cl:subst;masc;)/
risa	laughter	(cl:subst;fem;)/
riñón	kidney	(cl:subst;masc;)/
roca	rock	(cl:subst;fem;)/
rodar	roll	(cl:vb;)/
rodilla	knee	(cl:subst;fem;)/
rojo	red	(cl:adj;)/
ropa	clothing	(cl:subst;fem;)/
rosa	pink	(cl:adj;)/
rostro	face	(cl:subst;fem;)/
rueda	wheel	(cl:subst;fem;)/
ruido	noise	(cl:subst;masc;)/
rural	country	(cl:adj;)/
ruta	route	(cl:subst;fem;)/
rápido	fast	(cl:adj/adv;)/
río	river	(cl:subst;masc;)/
saber	know	(cl:vb;)/
sagrado	holy	(cl:adj;)/
sal	salt	(cl:subst;masc;)/
sala	room	(cl:subst;fem;)/
salado	salty	(cl:adj;)/
salir	go out	(cl:vb;)/
saliva	saliva	(cl:subst;fem;)/
salmón	salmon	(cl:subst;masc;)/
saltar	jump	(cl:vb;)/
salud	health	(cl:subst;fem;)/(sing;)
saludable	healthy	(cl:adj;)/
saludo	greeting	(cl:subst;masc;)/
salvaje	wild	(cl:adj;)/
salvar	save	(cl:vb;)/
sangrar	bleed	(cl:vb;)/
sangre	blood	(cl:subst;)/
santo	st	(cl:subst;sing;)/(sing;)		saint	(cl:subst;)/
satisfacción	satisfaction	(cl:subst;fem;)/
satisfecho	satisfied	(cl:adj;)/
secar	dry	(cl:vb;)/
sección	section	(cl:subst;fem;)/
seco	dry	(cl:adj;)/
secreto	secret	(cl:adj;)/		secrecy	(cl:subst;masc;)/		secret	(cl:subst;masc;)/
secuencia	suite	(cl:subst;fem;)/
sed	thirst	(cl:subst;fem;)/
seda	silk	(cl:subst;fem;)/
seguidor	follower	(cl:subst;)/
seguir	follow	(cl:vb;)/
segundo	second	(cl:num;)/
seguridad	security	(cl:subst;fem;)/		safety	(cl:subst;)/
seguro	sure	(cl:adj;)/		certain	(cl:adj;)/		insurance	(cl:subst;masc;)/		safe	(cl:adj;)/
seis	six	(cl:num)/(cl:num)
selección	selection	(cl:subst;fem;)/
sello	stamp	(cl:subst;masc;)/
semana	week	(cl:subst;fem;)/
semanalmente	weekly	(cl:adv;)/
semejante	such	(cl:adj;)/		similar	(cl:adj;)/		like	(cl:conj;)/
semilla	seed	(cl:subst;fem;)/
senado	senate	(cl:subst;masc;)/
sencillamente	simply	(cl:adv;)/
sencillo	simple	(cl:adj;)/
sendero	path	(cl:subst;masc;)/
sentar	sit	(cl:vb;)/
sentencia	sentence	(cl:subst;fem;)/
sentido	sense	(cl:subst;)/
sentimiento	feeling	(cl:subst;masc;)/
sentir	sense	(cl:vb;)/		feel	(cl:vb;)/
separadamente	apart	(cl:adv;)/
separado	apart	(cl:adj;)/		separate	(cl:adj;)/
separar	separate	(cl:vb;)/
septiembre	September	(cl:subst;)/
ser	be	(cl:vb;)/
serie	series	(cl:subst;fem;)/(sing;)
serio	serious	(cl:adj;)/
serpiente	snake	(cl:subst;fem;)/
servicio	service	(cl:subst;masc;)/		service	(cl:subst;masc;)/
servir	serve	(cl:vb;)/
sesenta	sixty	(cl:num)/(cl:num)
sesión	session	(cl:subst;fem;)/
seta	mushroom	(cl:subst;)/
setenta	seventy	(cl:num)/(cl:num)
severo	severe	(cl:adj;)/
señal	sign	(cl:subst;masc;)/
señor	sir	(cl:subst;masc;)/		lord	(cl:subst;masc;)/
señora	lady	(cl:subst;fem;)/(fem;)
si	if	(cl:conj;)/		provided	(cl:conj;)/		whether	(cl:conj;)/		if	(cl:conj;)/
siempre	always	(cl:adv;)/		ever	(cl:adv;)/
sierra	saw	(cl:subst;fem;)/
siete	seven	(cl:num)/(cl:num)
siglo	century	(cl:subst;masc;)/
significar	mean	(cl:vb;)/
silencioso	quiet	(cl:adj;)/
silla	chair	(cl:subst;fem;)/
simpático	kind	(cl:adj;)/
sin	without	(cl:prep;)/
sin embargo	however	(cl:conj;)/
sistema	system	(cl:subst;masc;)/
sitio	place	(cl:subst;masc;)/		site	(cl:subst;masc;)/
situación	situation	(cl:subst;fem;)/
sobre	about	(cl:prep;)/		over	(cl:prep;)/		upon	(cl:prep;)/
sobrina	niece	(cl:subst;fem;)/
sobrino	nephew	(cl:subst;masc;)/
social	social	(cl:adj;)/
socialista	socialist	(cl:adj;)/
sociedad	society	(cl:subst;fem;)/
sofá	sofa	(cl:subst;masc;)/
sol	sun	(cl:subst;masc;)/
solamente	only	(cl:adv;)/
soldado	private	(cl:subst;)/		effective	(cl:subst;)/
solicitar	request	(cl:vb;)/
solicitud	application	(cl:subst;)/
solo	alone	(cl:adj/adv;)/		alone	(cl:adv;)/
soltero	single	(cl:adj;)/
solución	solution	(cl:subst;fem;)/
sombrero	hat	(cl:subst;masc;)/
sonido	sound	(cl:subst;masc;)/
sonreír	smile	(cl:vb;)/
sopa	soup	(cl:subst;fem;)/
sorprender	surprise	(cl:vb;)/
sorpresa	surprise	(cl:subst;fem;)/
soviético	soviet	(cl:adj;)/
soñar	dream	(cl:vb;)/
su	your	(cl:pron;poss;)/		their	(cl:pron;)/		its	(cl:pron;)/		his	(cl:pron;)/		her	(cl:pron;)/		his	(cl:pron;)/		yours	(cl:pron;poss;)/(poss;)
suave	mild	(cl:adj;)/
subir	climb	(cl:vb;)/		rise	(cl:vb;)/
substituir	replace	(cl:vb;)/
sucio	dirty	(cl:adj;)/
sudeste	southeast	(cl:subst;)/
suelo	ground	(cl:subst;masc;)/
suerte	luck	(cl:subst;fem;)/
sueño	dream	(cl:subst;masc;)/
suficiente	sufficient	(cl:adj;)/		adequate	(cl:adj;)/		enough	(cl:adj;)/(/adv)
sufragio	vote	(cl:subst;masc;)/
sugerencia	suggestion	(cl:subst;fem;)/
sugerir	suggest	(cl:vb;)/
suma	total	(cl:subst;fem;)/
superficie	surface	(cl:subst;fem;)/
superior	top	(cl:adj;)/		upper	(cl:adj;)/
supervisión	supervision	(cl:subst;fem;)/
supremo	supreme	(cl:adj;)/
sur/sud	south	(cl:subst;)/
suscribirse	subscribe	/(cl:vb;)
sustancia	substance	(cl:subst;fem;)/
sustentar	support	(cl:vb;)/
sí	yes	(cl:interj;)/
síndrome	syndrome	(cl:subst;fem;)/
síntoma	symptom	(cl:subst;masc;)/
sólido	solid	(cl:adj;)/
tabla	board	(cl:subst;fem;)/
tal	such	(cl:art;)/
taller	workshop	(cl:subst;masc;)/
talón	heel	(cl:subst;masc;)/
tamaño	size	(cl:subst;masc;)/
también	also	(cl:adv;)/		too	(cl:adv;)/		as well	(cl:adv;)/
tambor	drum	(cl:subst;masc;)/
tan	so	(cl:adv;)/		such	(cl:adv;)/
tanto	both	/
tardar	last	(cl:vb;)/
tarde	evening	(cl:subst;)/
tarjeta	card	(cl:subst;fem;)/
tarjeta postal	postcard	(cl:subst;)/
tasa	fee	(cl:subst;fem;)/		rate	(cl:subst;fem;)/
tasar	rate	(cl:vb;)/
taza	cup	(cl:subst;fem;)/
tecla	key	(cl:subst;fem;)/
teclado	keyboard	(cl:subst;masc;)/
tecnología	technology	(cl:subst;fem;)/
tedioso	boring	(cl:adj;)/
tejado	roof	(cl:subst;masc;)/
tejón	brock	(cl:subst;)/
telefonar	phone	(cl:vb;)/
telegrafar	wire	(cl:vb;)/
televisión	television	(cl:subst;fem;)/
teléfono	telephone	(cl:subst;masc;)/		phone	(cl:subst;masc;)/
tema	subject	(cl:subst;)/
temer	fear	(cl:vb;)/
temperado	spicy	(cl:adj;)/
temprano	early	(cl:adj/adv;)/
tenedor	fork	(cl:subst;masc;)/
tener	have	(cl:vb;)/		hold	(cl:vb;)/		had	(cl:vb;)/		had	(cl:vb;)/
tensión	tension	(cl:subst;fem;)/
terapeuta	therapist	(cl:subst;)/
terapia	therapy	(cl:subst;fem;)/
tercero	third	(cl:num;ord;)/(ord;)
tercio	third	(cl:num;frac;)/(frac;)
terminar	end	(cl:vb;)/
ternero	calf	(cl:subst;)/
territorio	territory	(cl:subst;masc;)/
texto	text	(cl:subst;masc;)/
tibio	warm	(cl:adj;)/
tiburón	shark	(cl:subst;masc;)/
tiempo	time	(cl:subst;masc;)/		weather	(cl:subst;masc;)/
tienda	store	(cl:subst;fem;)/
tierno	soft	(cl:adj;)/
tierra	earth	(cl:subst;fem;)/		land	(cl:subst;fem;)/		piece of land	(cl:subst;fem;)/
tijeras	scissors	(cl:subst;fem;plu;)/
tinieblas	darkness	(cl:subst;)/(sing;)
tipo	kind	(cl:subst;masc;)/		type	(cl:subst;masc;)/
tirar	shoot	(cl:vb;)/		pull	(cl:vb;)/
tiroides	thyroid	(cl:subst;)/
toalla	towel	(cl:subst;fem;)/
tobillo	ankle	(cl:subst;masc;)/
tocar	play	(cl:vb;)/		ring	(cl:vb;)/
todavia	yet	(cl:conj;)/
todavía	still	(cl:adv;)/
todo	every	(cl:art;sing;)/(sing;)		whole	(cl:adj;)/		everything	(cl:pron;)/
todos	all	(cl:art/pron;plu;)/(plu;)
tolerar	tolerate	(cl:vb;)/
tomar	get	(cl:vb;)/		take	(cl:vb;)/		take	(cl:vb;)/
tomar ducha	shower	(cl:vb;)/
tomate	tomato	(cl:subst;masc;)/
tormenta	storm	(cl:subst;fem;)/
tornar	become	(cl:vb;refl;)/
tornarse	become	(cl:vb;)/
torre	tower	(cl:subst;fem;)/
tortuga	turtle	(cl:subst;fem;)/
total	total	(cl:adj;)/
trabajador	worker	(cl:subst;)/
trabajar	work	(cl:vb;)/		work	(cl:vb;)/
trabajo	job	(cl:subst;masc;)/		employment	(cl:subst;masc;)/		labour	(cl:subst;masc;)/		work	(cl:subst;masc;)/
traducción	traslation	(cl:subst;fem;)/
traer	bring	(cl:vb;)/
traje	suit	(cl:subst;)/
transbordador	ferry	(cl:subst;masc;)/
transporte	transport	(cl:subst;masc;)/		transportation	(cl:subst;masc;)/
transportista	carrier	(cl:subst;)/
tratado	treaty	(cl:subst;masc;)/
tratamiento	treatment	(cl:subst;masc;)/
tratar	handle	(cl:vb;)/		treat	(cl:vb;)/		groom	(cl:vb;)/
trece	thirteen	(cl:num)/(cl:num)
treinta	thirty	(cl:num)/(cl:num)
tren	train	(cl:subst;masc;)/
tres	three	(cl:num)/(cl:num)
tribunal	court	(cl:subst;masc;)/
trigo	wheat	(cl:subst;masc;)/
triste	sad	(cl:adj;)/
tronco	log	(cl:subst;masc;)/
trucha	trout	(cl:subst;fem;)/
trueno	thunder	(cl:subst;masc;)/
tu	you	(cl:pron;)/		your	(cl:pron;poss;)/
tumor	tumor	(cl:subst;masc;)/
turca	Turk	(cl:subst;)/
turco	Turk	(cl:subst;)/
turismo	tourism	(cl:subst;masc;)/
turista	tourist	(cl:subst;)/
tápa	lid	(cl:subst;)/
té	tea	(cl:subst;masc;)/
término	term	(cl:subst;masc;)/
tía	aunt	(cl:subst;fem;)/
tío	uncle	(cl:subst;masc;)/
típico	typical	(cl:adj;)/
título	title	(cl:subst;)/
tópico	topic	(cl:subst;)/
tórax	chest	(cl:subst;)/
una vez	once	(cl:conj;)/
unido	united	(cl:adj;)/
unir	unite	(cl:vb;)/
universal	universal	(cl:adj/subst;)/
universidad	university	(cl:subst;fem;)/
universo	universe	(cl:subst;masc;)/
unión	union	(cl:subst;fem;)/		unity	(cl:subst;fem;)/
uno	a	(cl:art;sing;)/(sing;)		an	(cl:art;sing;)/(sing;)		one	(cl:art;sing;)/(cl:num;sing;)		one	(cl:num)/(cl:num)
usar	use	(cl:vb;)/		use	(cl:vb;)/
uso	use	(cl:subst;masc;)/
usted	you	(cl:pron;)/		you	(cl:pron;)/
uva	grape	(cl:subst;fem;)/
uña	nail	(cl:subst;fem;)/
vaca	cow	(cl:subst;fem;)/
vacaciones	vacations	(cl:subst;fem;plu;)/
vacuna	vaccine	(cl:subst;fem;)/
vacunación	vaccination	(cl:subst;fem;)/
vacío	empty	(cl:adj;)/		vacuum	(cl:subst;masc;)/
valioso	valuable	(cl:adj;)/
valor	value	(cl:subst;masc;)/		worth	(cl:subst;masc;)/
variar	vary	(cl:vb;)/
variedad	variety	(cl:subst;fem;)/
varios	several	(cl:art;plu;)/(plu;)		various	(cl:art;plu;)/(plu;)
vaso	glass	(cl:subst;masc;)/
vasto	vast	(cl:adj;)/
vecindario	vicinity	(cl:subst;masc;)/
vecino	neighbor	(cl:subst;)/
vegetariano	vegetarian	(cl:adj;)/
veinte	twenty	(cl:num)/(cl:num)
veintuno	twenty-one	(cl:num)/(cl:num)
vejiga	bladder	(cl:subst;fem;)/
vela	candle	(cl:subst;fem;)/
velocidad	speed	(cl:subst;fem;)/
vendedor	salesperson	(cl:subst;)/
vender	sell	(cl:vb;)/
veneno	poison	(cl:subst;masc;)/
venezuela	Venezuela	(cl:pron;sing;)/(sing;)
venir	come	(cl:vb;)/
ventaja	advantage	(cl:subst;fem;)/
ventana	window	(cl:subst;fem;)/
ver	see	(cl:vb;)/		view	(cl:vb;)/
verano	Summer	(cl:subst;masc;)/
verdad	truth	(cl:subst;fem;)/
verdadero	true	(cl:adj;)/
verde	green	(cl:adj;)/
verduras	vegetables	(cl:subst;plu;)/(plu;)
verificar	ascertain	(cl:vb;)/
vertical	vertical	(cl:adj;)/
vestido	dress	(cl:subst;masc;)/
vestir	wear	(cl:vb;)/		dress	(cl:vb;)/
vestíbulo	hall	(cl:subst;masc;)/
vetar	veto	(cl:vb;)/
veterinario	vet	(cl:subst;)/		veterinary	(cl:adj;)/
viajar	travel	(cl:vb;)/
viaje	trip	(cl:subst;fem;)/		travel	(cl:subst;fem;)/		trip	(cl:subst;fem;)/
viajero	traveler	(cl:subst;)/
vice	vice	(cl:adj;)/
vicio	vice	(cl:subst;masc;)/
victoria	victory	(cl:subst;fem;)/
vida	life	(cl:subst;fem;)/
vidrio	glass	(cl:subst;masc;)/
viejo	old	(cl:adj;)/
viento	wind	(cl:subst;masc;)/
vientre	belly	(cl:subst;masc;)/
viernes	Friday	(cl:subst;)/
vigilar	watch	(cl:vb;)/		guard	(cl:vb;)/
vil	mean	(cl:adj;)/
vino	wine	(cl:subst;masc;)/
virar	turn	(cl:vb;)/		turn	(cl:vb;)/
virtud	virtue	(cl:subst;fem;)/
virus	virus	(cl:subst;)/
visado	visa	(cl:subst;masc;)/
visible	visible	(cl:adj;)/
visita	visit	(cl:subst;fem;)/
visitante	visitor	(cl:subst;)/
visitar	visit	(cl:vb;)/
vista	view	(cl:subst;fem;)/
vivienda	household	(cl:subst;fem;)/
vivir	live	(cl:vb;)/		live	(cl:vb;)/
voluntad	will	(cl:subst;fem;)/(sing;)
vomitar	vomit	(cl:vb;)/
vosotros	you	(cl:pron;)/
votar	vote	(cl:vb;)/
voto	vote	(cl:subst;masc;)/
voz	voice	(cl:subst;fem;plu:voces;)/
vuelo	flight	(cl:subst;masc;)/
vuelta	turn	(cl:subst;fem;)/
válido	valid	(cl:adj;)/
vía	line	(cl:subst;fem;)/
vómito	vomit	(cl:subst;masc;)/
y	and	(cl:conj;)/
ya	already	(cl:adv;)/		already	(cl:adv;)/
yerba	grass	(cl:vb;)/(cl:subst;)
yo	I	(cl:pron;sing;)/(sing;)
zanahoria	carrot	(cl:subst;fem;)/
zapato	shoe	(cl:subst;masc;)/
zorro	fox	(cl:subst;masc;)/
ácido	acid	(cl:subst;)/
águila	eagle	(cl:subst;fem;)/
ámbar	amber	(cl:subst;)/
ángel	angel	(cl:subst;)/
árabe	Arab	(cl:subst;)/
árbol	tree	(cl:subst;)/
área	area	(cl:subst;)/
él	it	(cl:pron;sing;)/(sing;)		he	(cl:pron;sing;masc;)/(sing;masc;)
él/lo	him	(cl:pron;sing;masc;)/(sing;masc;)
éxito	success	(cl:subst;masc;)/
ítem	item	(cl:subst;masc;)/
último	last	(cl:num;)/
único	only	(cl:num;)/		single	(cl:num;)/		unique	(cl:adj;)/
útil	useful	(cl:adj;)/
