a	sie	(cl:pron;sing;fem;)/(sing;fem;caso:acc)		die	(cl:art;sing;fem)/(fem;sing/plu;)
a maior parte	meisten	(cl:pron;)/
a mais	weiter	(cl:adj;)/
a menos que	außer wenn	(cl:conj;)/
abaixo	unten	(cl:adv;)/		herunter	(cl:prep;)/		unten	(cl:adv;)/
abelha	Biene	(cl:subst;fem;)/(fem;)
aberto	offen	(cl:adj;)/
abrigo	Unterschlupf	(cl:subst;masc;)/
abril	April	(cl:subst;sing;)/(masc;)
abrir	öffnen	(cl:vb;)/		aufgehen	(cl:vb;reflex;)/
abusar	missbrauchen	(cl:vb;)/
acabado	vorbei	(cl:adv;)/
acadêmico	akademisch	(cl:subst/adj;)/(cl:adj;)
aceitar	akzeptieren	(cl:vb;)/
acesso	Zugang	(cl:subst;masc;)/(masc;)
achar	finden	(cl:vb;)/
acidente	Unfall	(cl:subst;masc;)/(masc;plu:Unfälle;)
acima	oben	(cl:prep/adv;)/(cl:prep;)
acne	Akne	(cl:subst;)/(fem;)
aconselhar	beraten	(cl:vb;)/
acontecer	erfolgen	(cl:vb;)/		passieren	(cl:vb;)/
acordar	wecken	(cl:vb;)/
acordo	Vertrag	(cl:subst;masc;)/(masc;)
acreditar	glauben	(cl:vb;)/
acusar	anklagen	(cl:vb;)/
adiante	voraus	(cl:adv;)/		vorne	(cl:adv;)/
adicional	zusätzlich	(cl:adj;)/
adicionar	addieren	(cl:vb;)/
adição	Addition	(cl:subst;)/(fem;)
administração	Führung	(cl:subst;fem;)/(fem;)		Verwaltung	(cl:subst;fem;)/(fem;)
admissão	Einlaß	(cl:subst;fem;)/
adorno	Schmuck	(cl:subst;)/(masc;)
adotar	adoptieren	(cl:vb;)/
adquirir	erwerben	(cl:vb;)/
adulto	Erwachsene	(cl:subst/adj;)/(cl:subst;masc;plu:~n;)
advertência	Achtung	(cl:subst;fem;)/
advogado	Rechtsanwalt	(cl:subst;)/(masc;)
aeronave	Fluggerät	(cl:subst;fem;)/
aeroporto	Flughafen	(cl:subst;masc;)/(masc;)
afetar	betreffen	(cl:vb;)/
afiado	scharf	(cl:adj;)/
afundar	sinken	(cl:vb;)/
agir	handeln	(cl:vb;)/
agora	mittlerweile	(cl:adv;)/		jetzt	(cl:adv;)/		gerade	(cl:adv;)/
agosto	August	(cl:subst;sing;)/(masc;)
agradar	gefallen	(cl:vb;)/
agressão	Überfall	(cl:subst;fem;)/
agricultura	Landwirtschaft	(cl:subst;fem;)/
ainda	noch	(cl:adv;)/		noch	(cl:adv;)/
ajuda	Hilfe	(cl:subst;)/(fem;)
ajudar	hilfen	(cl:vb;)/		assistieren	(cl:vb;)/
alcance	Bereich	(cl:subst;)/(masc;)
alcançar	reichen	(cl:vb;)/		erreichen	(cl:vb;)/
aldeia	Dorf	(cl:subst;fem;)/(neu;plu:Dörfer;)
alegrar	freuen	(cl:vb;)/
alegria	Freude	(cl:subst;fem;)/(fem;)
alemanha	Deutschland	(cl:pron;sing;)/(sing;)
alergia	Allergie	(cl:subst;)/(fem;)
alfândega	Zoll	(cl:subst;fem;)/(masc;plu:Zölle;)
algo	etwas	(cl:pron;sing;)/(sing;)
algodão	Baumwolle	(cl:subst;masc;)/
algum	einige	(cl:pron;)/(flex:r//s;)		manche	(cl:pron;sing;)/(flex:r//s;)
alguma coisa	irgendwas	(cl:pron;sing;)/
alguém	jemand	(cl:pron;sing;)/(sing;)		irgendwer	(cl:pron;sing;)/(sing;)
alho	Knoblauch	(cl:subst;masc;)/(masc;)
ali	dort	(cl:adv;)/
alimentar	füttern	(cl:vb;)/
alma	Seele	(cl:subst;fem;)/(fem;)
almoço	Mittagessen	(cl:subst;masc;)/(neu;)
alojamento	Unterkunft	(cl:subst;)/
altamente	hoch	(cl:adv;)/
alto	hoch	(cl:adj/adv;)/
alto-falante	Lautsprecher	(cl:subst;)/
alugar	mieten	(cl:vb;)/		vermieten	(cl:vb;)/
além	weiterhin	(cl:adv;)/
além disso	außerdem	(cl:adv;)/
alérgico	allergisch	(cl:adj;)/
amanhã	morgen	(cl:adv;)/
amar	lieben	(cl:vb;)/
amarelo	gelb	(cl:adj;)/
amargo	bitter	(cl:adj;)/
ambiente	Umwelt	(cl:subst;)/(fem;)
ambos	beide	(cl:pron;plu;)/(flex:r//s;)		beide	(cl:art;plu;)/(plu;)
ambulância	Krankenwagen	(cl:subst;fem;)/(masc;)
ameaça	Drohe	(cl:subst;fem;)/
americano	Amerikaner	(cl:adj/subst;)/
amigo	Freund	(cl:subst;)/(masc;plu:~e;fem:~in)
amor	Liebe	(cl:subst;masc;)/(fem;)
amável	nett	(cl:adj;)/
américa	Amerika	(cl:subst;sing;fem;)/
andar	laufen	(cl:vb;)/
anel	Ring	(cl:subst;masc;)/(masc;plu:~e;)
animal	Tier	(cl:subst;masc;)/(neu;plu:~e;)
animal de estimação	Haustier	(cl:subst;)/(neu;plu:~e;)
aniversário	Geburtstag	(cl:subst;masc;)/(masc;)
anjo	Engel	(cl:subst;masc;)/(masc;)
ano	Jahr	(cl:subst;masc;)/(neu;plu:~e;)
antes	vor	(cl:prep/adv;)/(cl:prep;)
antigo	ehemalig	(cl:adj;)/
anunciar	melden	(cl:vb;)/
anônimo	anonym	(cl:adj;)/
anúncio	Meldung	(cl:subst;masc;)/(fem;)		Werbung	(cl:subst;masc;)/(fem;)		Anzeige	(cl:subst;masc;)/(fem;)
ao ar livre	im Freien	(cl:adj;)/
ao lado	nebenan	(cl:prep;)/
ao lado de	neben	(cl:prep;)/
ao longo de	am	(cl:prep;)/
ao mesmo tempo	zugleich	(cl:adv;)/
ao todo	überhaupt	(cl:adv;)/
apagar	löchen	(cl:vb;)/
apaixonar	verlieben	(cl:vb;reflex;)/
aparecer	erscheinen	(cl:vb;)/
aparelho	Gerät	(cl:subst;masc;)/(neu;plu:~e;)
aparentemente	scheinbar	(cl:adv;)/
apartamento	Wohnung	(cl:subst;masc;)/(fem;plu:~en;)
aperfeiçoamento	Weiterbildung	(cl:subst;)/(fem;)
apesar de	trotzdem	(cl:conj;)/
apesar disso	trotzdem	(cl:adv;)/
aplicar	anwenden	(cl:vb;)/
aplicação	Bewerbung	(cl:subst;)/(fem;)
apoiar	unterstützen	(cl:vb;)/
apoio	Stütze	(cl:subst;masc;)/
apontar	zeigen	(cl:vb;)/
aposta	Wette	(cl:subst;fem;)/(fem;)
aprender	lernen	(cl:vb;)/
apresentar	vorstellen	(cl:vb;)/		präsentieren	(cl:vb;)/
aprovar	billigen	(cl:vb;)/
aprovação	Zustimmung	(cl:subst;)/(fem;)
aproximadamente	etwa	(cl:adv;)/
após	nach	(cl:prep;)/
aquecer	heizen	(cl:vb;)/
aquele	jene	(cl:pron;)/(flex:r//s;)
aqui	hier	(cl:adv;)/
ar	Luft	(cl:subst;masc;)/(fem;)
aranha	Spinne	(cl:subst;fem;)/(fem;plu:~n;)
arbusto	Busch	(cl:subst;masc;)/(masc;plu:Büsche;)
arco íris	Regenbogen	(cl:subst;)/(masc;)
areia	Sand	(cl:subst;fem;)/(masc;)
armário	Schrank	(cl:subst;masc;)/(masc;plu:Schränke;)
arranhar	kratzen	(cl:vb;)/
arroz	Reis	(cl:subst;incont)/(masc;)
arrumar	einrichten	(cl:vb;)/
arte	Kunst	(cl:subst;fem;)/(fem;plu:Künste;)
artificial	künstlich	(cl:adj;)/
artigo	Artikel	(cl:subst;)/(masc;)
aspargo	Spargel	(cl:subst;masc;)/(masc;)
assassino	Mörder	(cl:subst;)/(masc;)
assento	Sitz	(cl:subst;masc;)/(masc;)
assim	dadurch	(cl:adv;)/
assim que	sobald	(cl:adv;)/
assinar	unterschreiben	(cl:vb;)/
assistir televisão	Fernsehen	(cl:vb;)/
associação	Verband	(cl:subst;)/(masc;)
assunto	Thema	(cl:subst;)/(neu;)
atacar	angreifen	(cl:vb;)/
ataque	Angriff	(cl:subst;masc;)/(masc;)
atendimento	Bedienung	(cl:subst;masc;)/(fem;)
atenção	Achtung	(cl:subst;fem;)/(fem;)
atividade	Aktivität	(cl:subst;)/(fem;)		Tätigkeit	(cl:subst;)/(fem;)
ativo	aktiv	(cl:adj;)/
ator	Schauspieler	(cl:subst;)/(masc;)
atrasado	verspäten	(cl:adj;)/
atraso	Verspätung	(cl:subst;masc;)/(fem;)
através	durch	(cl:prep;)/
através de	durch	(cl:prep;)/
atrás	vorher	(cl:adv;)/		hinter	(cl:prep/adv;)/		hinten	(cl:adv;)/
atual	aktuell	(cl:adj;)/
atualizar	aktualisieren	(cl:vb;)/
atualmente	gegenwärtige	(cl:adv;)/
até	bis	(cl:prep;)/		sogar	(cl:adv;)/
até aqui	bisher	(cl:adv;)/
até o momento	inzwischen	/
audiência	Publikum	(cl:subst;fem;)/(neu;)
aumentar	erhöhen	(cl:vb;)/
austrália	Australien	(cl:pron;sing;fem;)/(cl:subst;)
automóvel	Auto	(cl:subst;masc;)/(neu;plu:~s;)
autor	Verfasser	(cl:subst;)/(masc;)
autoridade	Autorität	(cl:subst;fem;)/
autorização	Berechtigung	(cl:subst;fem;)/
av.	Avenue	(cl:subst;abrev;)/(masc;)
avaliar	bewerten	(cl:vb;)/
ave	Vogel	(cl:subst;)/(masc;plu:Vögel;)
avenida	Allee	(cl:subst;fem;)/(fem;)
aventura	Abenteuer	(cl:subst;fem;)/(neu;)
avião	Flugzeug	(cl:subst;masc;)/
avó	Großmutter	(cl:subst;fem;)/(plu:Großmütter;)
azedo	sauer	(cl:adj;)/
azul	blau	(cl:adj;)/
aço	Stahl	(cl:subst;masc;)/(masc;plu:Stähle;)
ação	Aktion	(cl:subst;fem;)/(fem;)		Aktie	(cl:subst;fem;)/(fem;plu:~n;)
ação de graça	Dankfest	(cl:subst;)/(neu;)
açúcar	Zucker	(cl:subst;masc;)/(masc;)
aí	da	(cl:adv;)/
bacteriano	bakteriell	(cl:adj;)/
bactéria	Bakterie	(cl:subst;fem;)/(fem;)
baixo	niedrig	(cl:adj/adv;)/
balcão	Balkon	(cl:subst;masc;)/(masc;plu:~e;)
baleia	Wal	(cl:subst;fem;)/
banco	Bank	(cl:subst;masc;)/(fem;)
bandeira	Flagge	(cl:subst;fem;)/(fem;)
banheiro	Badezimmer	(cl:subst;masc;)/
bar	Kneipe	(cl:subst;masc;)/(fem;plu:~n;)
barato	billig	(cl:adj;)/
barca	Fähre	(cl:subst;)/(neu;)
barco	Boot	(cl:subst;masc;)/(neu;plu:~e;)
barrar	sperren	(cl:vb;)/
barulhento	laut	(cl:adj;)/
base	Sockel	(cl:subst;fem;)/		Basis	(cl:subst;sing;)/(fem;)
bastante	genug	(cl:adj;)/(adv;)		schon genug	(cl:adv;)/
batata	Kartoffel	(cl:subst;fem;)/(fem;plu:~n;)
bateria	Batterie	(cl:subst;fem;)/(fem;)
beber	trinken	(cl:vb;)/
bebida	Getränk	(cl:subst;fem;)/(neu;plu:~e;)
bebê	Baby	(cl:subst;)/(plu:~s)
beijo	Kuss	(cl:subst;masc;)/(masc;)
bem	wohl	(cl:adv;)/		gut	(cl:adv;)/		Wohl	(cl:subst;)/(neu;)
benefício	Wohltat	(cl:subst;masc;)/(fem;)
besouro	Käfer	(cl:subst;masc;)/(masc;)
bexiga	Blase	(cl:subst;fem;)/(fem;)
bicicleta	Fahrrad	(cl:subst;fem;)/
bilhão	Milliarde	(cl:num;plu;)/(cl:subst;fem;)
biologia	Biologie	(cl:subst;fem;)/(fem;)
bisavó	Urgroßmutter	(cl:subst;fem;)/(plu:Urgroßmütter;)
bisneto	Urenkel	(cl:subst;)/(masc;)
boca	Mund	(cl:subst;fem;)/(masc;plu:Münder;)
bola	Ball	(cl:subst;fem;)/(masc;plu:Bälle;)
boletim	Tagesbericht	(cl:subst;)/(masc;)
bolo	Kuchen	(cl:subst;masc;)/(masc;)
bolsa	Tasche	(cl:subst;fem;)/(fem;plu:~n;)
bom	gut	(cl:adj;)/
bonito	schön	(cl:adj;)/
borboleta	Schmetterling	(cl:subst;fem;)/(neu;)
borda	Grenze	(cl:subst;fem;)/(fem;)
bordo	Ahorn	(cl:subst;)/(masc;)
botão	Knopf	(cl:subst;masc;)/(masc;plu:Knöpfe;)
branco	weiß	(cl:adj;)/
braço	Arm	(cl:subst;masc;)/(masc;plu:~e;)
bretanha	Großbrittanien	(cl:pron;sing;)/(sing;)
brigada de incêndio	Feuerwehr	(cl:subst;)/(fem;)
brilhar	scheinen	(cl:vb;)/
brincar	spielen	(cl:vb;)/
brinquedo	Spielzeug	(cl:subst;masc;)/
britânico	britisch	(cl:adj/subst;)/(cl:adj;)
buraco	Loch	(cl:subst;masc;)/(neu)
burro	Esel	(cl:subst;masc;)/(masc;)
busca	Suche	(cl:subst;fem;)/(fem;)
buscar	suchen	(cl:vb;)/
básico	grundlegend	(cl:adj;)/
cabelo	Haar	(cl:subst;masc;)/(neu;plu:~e;)
caber	passen	(cl:vb;)/
cabeça	Kopf	(cl:subst;fem;)/(masc;plu:Köpfe;)
cabo	Kabel	(cl:subst;masc;)/(neu;)
cabra	Ziege	(cl:subst;fem;)/(fem;)
cacho	Traube	(cl:subst;masc;)/(fem;plu:~n;de uvas;)
cachorro	Hund	(cl:subst;masc;)/(masc;plu:~e;)
cada	jede	(cl:art;sing;)/(flex:r//s;)
cada um	jede	(cl:pron;sing;)/		beides	(cl:pron;sing;)/(sing;)
cadeira	Stuhl	(cl:subst;fem;)/(masc;plu:Stühle;)
cadeira de rodas	Rollstuhl	(cl:subst;)/
café	Kaffee	(cl:subst;masc;)/(masc;plu:~s;)
cair	fallen	(cl:vb;)/
caixa	Karton	(cl:subst;fem;)/(masc;)		Kasse	(cl:subst;)/(fem;)
caixa de correio	Briefkasten	(cl:subst;)/(masc;)
caixa eletrônico	Geldautomat	(cl:subst;)/(masc;plu:~en;)
calcanhar	Ferse	(cl:subst;masc;)/(fem;)
calcular	berechnen	(cl:vb;)/
calmo	ruhig	(cl:adj;)/
cama	Bett	(cl:subst;fem;)/(neu;plu:~en;)
camarão	Krabbe	(cl:subst;fem;)/(fem;plu:~n;)
caminhar	spazieren	(cl:vb;)/		wandern	(cl:vb;)/
caminho	Weg	(cl:subst;masc;)/(masc;)		Weg	(cl:subst;masc;)/(masc;plu:~e;)
campainha	Glocke	(cl:subst;fem;)/(fem;)
campo	Feld	(cl:subst;masc;)/(neu;)
camundongo	Maus	(cl:subst;masc;)/(fem;plu:Mäuse;)
canadense	Kanadier	(cl:adj/subst;)/
cancelar	abbrechen	(cl:vb;)/
caneta	Stift	(cl:subst;fem;)/(masc;plu:~e;)
cansado	müde	(cl:adj;)/
cantar	singen	(cl:vb;)/
canção	Lied	(cl:subst;fem;)/(neu;)
capacidade	Fähigkeit	(cl:subst;fem;)/(fem;)
capaz	fähig	(cl:adj;)/
capital	Haupstadt	(cl:subst;fem;)/(fem;)
característica	Eigenschaft	(cl:subst;fem;)/(fem;)
carne	Fleisch	(cl:subst;fem;)/(neu;)
carne de boi	Rindfleisch	(cl:subst;fem;)/(neu;)
carne de cordeiro	Lammfleisch	(cl:subst;)/(neu;)
carne de frango	Geflügelfleisch	(cl:subst;)/(neu;)
carne de porco	Schweinefleisch	(cl:subst;)/(neu;)
carneiro	Schaf	(cl:subst;masc;)/(neu;)
caro	teuer	(cl:adj;)/
carro	Wagen	(cl:subst;masc;)/(masc;)
carro de aluguel	Mietwagen	(cl:subst;)/(masc;)
carta	Brief	(cl:subst;fem;)/(masc;plu:~e;)
cartão	Karte	(cl:subst;masc;)/(fem;)
cartão postal	Postkarte	(cl:subst;)/(fem;)
carvão	Kohle	(cl:subst;masc;)/(fem;)
casa	Haus	(cl:subst;fem;)/(neu;plu:Häuser;)		Haushalt	(cl:subst;fem;)/
casaco	Mantel	(cl:subst;masc;)/(masc;)
casado	verheiratet	(cl:adj;)/
caso	Fall	(cl:subst;masc;)/(masc;)
castelo	Schloss	(cl:subst;masc;)/(neu;plu:Schlösser;)
católico	katholisch	(cl:adj;)/
causa	Ursache	(cl:subst;fem;)/(fem;)
causar	verursachen	(cl:vb;)/
cavalheiro	Herr	(cl:subst;masc;)/(masc;plu:~en;)
cavalo	Pferd	(cl:subst;masc;)/(neu;plu:~e;)
cebola	Zwiebel	(cl:subst;fem;)/(fem;plu:~n;)
cedo	früh	(cl:adj/adv;)/(cl:adj;)
celebrar	feiern	(cl:vb;)/
celular	Handy	(cl:subst;)/(neu;)
cem	hundert	(cl:num)/(cl:num)
cenoura	Karotte	(cl:subst;fem;)/(fem;)
censo	Volkszählung	(cl:subst;masc;)/(fem;)
cento e um	einhunderteins	(cl:num)/(cl:num)
central	zentral	(cl:adj/subst;)/(cl:adj;)
centro	Mittelpunkt	(cl:subst;masc;)/(masc;)		Zentrum	(cl:subst;masc;)/(neu;)
centro da cidade	Innenstadt	(cl:subst;)/(fem;)
cerca	Zaun	(cl:subst;fem;)/(masc;plu:Zäune;)
cereal	Müsli	(cl:subst;)/(neu;)
certamente	allerdings	(cl:adv;)/
certo	sicher	(cl:adj;)/		richtig	(cl:adj;)/		sicher	(cl:adj;)/
cerveja	Bier	(cl:subst;fem;)/(neu;)
cervo	Hirsch	(cl:subst;)/(masc;)
chamado	Anruf	(cl:subst;)/(masc;)
chamar	anrufen	(cl:vb;)/		heißen	(cl:vb;reflex;)/		nennen	(cl:vb;)/
chapéu	Hut	(cl:subst;masc;)/(masc;plu:Hüte;)
chave	Schlüssel	(cl:subst;fem;)/(masc;)
chefe	Chef	(cl:adj;)/(cl:subst;masc;plu:~s;fem:~in;)		Haupt	(cl:subst;masc;)/(neu;plu:Häupter;)
chegar	reichen	(cl:vb;)/
cheio	voll	(cl:adj;)/
cheiro	Geruch	(cl:subst;masc;)/(masc;)
cheque	Scheck	(cl:subst;masc;)/(masc;)
chimpanzé	Menschenaffe	(cl:subst;)/(masc;)
chocolate	Schokolade	(cl:subst;masc;)/(fem;plu:~n;)
chover	regen	(cl:vb;)/
chutar	treten	(cl:vb;)/
chuva	Regen	(cl:subst;fem;)/(masc;)
chá	Tee	(cl:subst;masc;)/(masc;plu:~s;)
cidadania	Staatsangehörigkeit	(cl:subst;fem;)/
cidade	Stadt	(cl:subst;fem;)/(fem;plu:Städte;)		Stadt	(cl:subst;fem;)/(fem;plu:Städte;)
cidadão	Bürger	(cl:subst;)/(masc;)
cientista	Wissenschaftler	(cl:subst;)/(masc;fem:~rin;)
cinco	fünf	(cl:num;plu;)/(plu;)
cinema	Kino	(cl:subst;masc;)/(neu;)
cinquenta	fünfzig	(cl:num)/(cl:num)
cinza	grau	(cl:adj/subst;)/(cl:adj;)
circunferência	Umfang	(cl:subst;fem;)/(masc;)
cisne	Schwan	(cl:subst;)/(masc;)
citar	zitieren	(cl:vb;)/
ciência	Wissenschaft	(cl:subst;fem;)/(fem;)
claramente	deutlich	(cl:adv;)/
claro	klar	(cl:adj;)/		eindeutig	(cl:adj;)/
classe	Klasse	(cl:subst;fem;)/(fem;)
cliente	Kunde	(cl:subst;)/(masc;)
clima	Klima	(cl:subst;)/(neu;)
clube	Verein	(cl:subst;)/(masc;plu:~e;)
cláusula	Klausel	(cl:subst;fem;)/(fem;)
clínica	Klinik	(cl:subst;fem;)/(fem;)
coberta	Decke	(cl:subst;fem;)/(fem;)
cobertura	Decke	(cl:subst;)/(fem;)
cobra	Schlange	(cl:subst;fem;)/(fem;)
cobre	Kupfer	(cl:subst;masc;)/(neu;)
cobrir	decken	(cl:vb;)/
codificar	kodieren	(cl:vb;)/
coelho	Kaninchen	(cl:subst;)/(neu;)
cogumelo	Pilz	(cl:subst;masc;)/(masc;plu:~e;)
coisa	Ding	(cl:subst;)/(neu;plu:~e;)		Zeug	(cl:subst;)/(neu;plu:~e;)		Sache	(cl:subst;)/(fem;)
colaboração	Zusammenarbeit	(cl:subst;)/(fem;)
colarinho	Halsband	(cl:subst;masc;)/(neu;)
colecionar	sammeln	(cl:vb;)/
colega	Kollege	(cl:subst;)/(masc;)
colega de trabalho	Mitarbeiter	(cl:subst;)/
coleção	Sammlung	(cl:subst;fem;)/(fem;)
colher	Löffel	(cl:subst;fem;)/(masc;)
colocar	legen	(cl:vb;)/		setzen	(cl:vb;)/		stellen	(cl:vb;)/
colorido	bunt	(cl:adj;)/
colorir	färben	(cl:vb;)/
coluna	Spalte	(cl:subst;fem;)/(fem;)
colônia	Kolonie	(cl:subst;fem;)/(fem;)
com	mit	(cl:prep;)/
com gosto	gern	/(cl:adv;)
com isso	damit	(cl:adv;)/
com o que	womit	/
comer	essen	(cl:vb;)/
comercial	kommerziell	(cl:adj/subst;)/(cl:adj;)
comerciar	eintauschen	(cl:vb;)/
começar	beginnen	(cl:vb;)/
começo	Anfang	(cl:subst;masc;)/(neu;)
comida	Essen	(cl:subst;fem;)/(neu;)
comitê	Komitee	(cl:subst;)/(neu;)
como	wie	(cl:conj/prep;)/		wie	(cl:adv;)/		weil	(cl:conj;)/
como?	wie bitte	(cl:interj;)/(pedindo para repetir)
companhia	Gesellschaft	(cl:subst;fem;)/(fem;)
comparar	vergleichen	(cl:vb;)/
compartilhar	teilen	(cl:vb;)/
competição	Wettbewerb	(cl:subst;fem;)/(masc;)
completamente	komplett	(cl:adv;)/		völlig	(cl:adv;)/
completar	ergänzen	(cl:vb;)/
completo	komplett	(cl:adj;)/
comportamento	Verhalten	(cl:subst;masc;)/
comprador	Kaufer	(cl:subst;)/(masc;)
comprar	kaufen	(cl:vb;)/
compreensão	Verständnis	(cl:subst;)/
comprimento	Länge	(cl:subst;)/(fem;)
comprometido	ferpflichtet	(cl:adj;)/
compromisso	Termin	(cl:subst;masc;)/(masc;)
computador	Computer	(cl:subst;masc;)/(masc;)
comum	gemein	(cl:adj;)/
comumente	gemeinsam	(cl:adv;)/
comunidade	Gemeinde	(cl:subst;fem;)/(fem;plu:~n;)
comunista	kommunist	(cl:adj/subst;)/(cl:adj;)
comércio	Handel	(cl:subst;masc;)/(masc;)
conceito	Begriff	(cl:subst;masc;)/(masc;)
concreto	Beton	(cl:subst;masc;)/(masc;)
condição	Bedingung	(cl:subst;fem;)/
conduzir	führen	(cl:vb;)/		reiten	(cl:vb;)/		fahren	(cl:vb;)/
conexão	Verbindung	(cl:subst;fem;)/(fem;)
conferir	prüfen	(cl:vb;)/
conferência	Vortag	(cl:subst;)/(masc;)
confirmar	bestätigen	(cl:vb;)/
confirmação	Bestätigung	(cl:subst;fem;)/(fem;)
conflito	Streit	(cl:subst;masc;)/(masc;)
conforme	gemäß	(cl:adv;)/
confortável	bequem	(cl:adj;)/
congresso	Kongress	(cl:subst;masc;)/(masc;)
conhecer	kennen	(cl:vb;)/
conhecido	bekannt	(cl:adj;)/
conhecimento	Kenntnis	(cl:subst;masc;)/(fem;)
conselho	Rat	(cl:subst;masc;)/(masc;)		Beratung	(cl:subst;masc;)/(fem;)
conservador	konservativ	(cl:adj;)/
considerar	erachten	(cl:vb;)/		berücksichtigen	(cl:vb;)/
constitucional	verfassungsmäßig	(cl:adj;)/
constituição	Konstitution	(cl:subst;fem;)/(fem;)
construir	bauen	(cl:vb;)/
construção	Gebäude	(cl:subst;fem;)/(neu;plu:~n;)
consulado	Konsulat	(cl:subst;masc;)/(neu;)
consultório	Praxis	(cl:subst;)/
consumidor	Verbraucher	(cl:subst;)/(masc;)
conta	Konto	(cl:subst;fem;)/(neu;)		Rechnung	(cl:subst;fem;)/(fem;plu:~en;)		Zahl	(cl:subst;fem;)/(fem;plu:Zählen;)
contagioso	ansteckend	(cl:adj;)/
contar	erzählen	(cl:vb;)/		zahlen	(cl:vb;)/		erzählen	(cl:vb;)/
contato	Kontakt	(cl:subst;masc;)/(masc;)
conter	beinhalten	(cl:vb;)/
continuar	andauern	(cl:vb;)/
contra	gegen	(cl:prep;)/
contratar	einstellen	(cl:vb;)/
contrato	Vertrag	(cl:subst;masc;)/(masc;)
contribuição	Beitrag	(cl:subst;fem;)/(masc;)
controlar	kontrollieren	(cl:vb;)/
controle	Kontrolle	(cl:subst;masc;)/(fem;)
contudo	jedoch	(cl:conj;)/
conversa	Unterhaltung	(cl:subst;fem;)/(fem;)		Gespräch	(cl:subst;)/(neu;)
convite	Einladung	(cl:subst;masc;)/(fem;)
convés	Deck	(cl:subst;masc;)/(neu;)
copo	Glas	(cl:subst;masc;)/(neu;plu:ër;)
cor	Farbe	(cl:subst;fem;)/(fem;plu:~n;)
cor de laranja	orange	(cl:adj;)/
corajoso	tapfer	(cl:adj;)/
coração	Hertz	(cl:subst;masc;)/(neu;plu:~en;)
cordeiro	Lamm	(cl:subst;masc;)/
corpo	Körper	(cl:subst;masc;)/(masc;)
correio	Post	(cl:subst;masc;)/(fem;)
corrente	Strom	(cl:subst;fem;)/
correr	rennen	(cl:vb;)/		laufen	(cl:vb;)/
correto	richtig	(cl:adj;)/
cortar	schneiden	(cl:vb;)/
coruja	Eule	(cl:subst;fem;)/(fem;)
costa	Küste	(cl:subst;fem;)/(fem;)
costas	Rücken	(cl:subst;fem;plu;)/(masc;)
cotovelo	Ellbogen	(cl:subst;masc;)/(masc;)
couro	Leder	(cl:subst;masc;)/(neu;)
coxa	Schenkel	(cl:subst;fem;)/(masc;)
cozinha	Küche	(cl:subst;)/(fem;plu:~n;)
cozinhar	kochen	(cl:vb;)/
cozinheiro	Koche	(cl:subst;)/(masc;)
crescer	wachsen	(cl:vb;)/
crescimento	Wachsen	(cl:subst;masc;)/(neu;)
criança	Kind	(cl:subst;fem;)/(neu;plu:~er;)
criar	erschaffen	(cl:vb;)/
cristão	christlich	(cl:adj;)/		Christ	(cl:subst;)/(masc;)
cronometrar	zeiten	(cl:vb;)/
crédito	Kredit	(cl:subst;masc;)/(masc;)
cuidado	Pflege	(cl:subst;masc;)/(fem;)
cuidadosamente	sorgfältig	(cl:adv;)/
cuidar	pflegen	(cl:vb;)/		sorgen	(cl:vb;)/
cultivar	bestellen	(cl:vb;)/
cultura	Kultur	(cl:subst;fem;)/
curso	Verlauf	(cl:subst;)/(masc;)		Kurs	(cl:subst;)/(masc;)
curto	kurz	(cl:adj;)/
custar	kosten	(cl:vb;)/
custo	Aufwand	(cl:subst;masc;)/(masc;)
câncer	Krebs	(cl:subst;masc;)/
célula	Zelle	(cl:subst;)/(fem;)
cérebro	Gehirn	(cl:subst;masc;)/(masc;)
céu	Himmel	(cl:subst;masc;)/(masc;)
círculo	Kreis	(cl:subst;masc;)/(masc;)
código postal	Postleitzahl	(cl:subst;)/
dado que	dass	(cl:conj;)/
dados	Daten	(cl:subst;plu;)/(plu;)
dano	Schade	(cl:subst;masc;)/
dança	Tanz	(cl:subst;fem;)/(masc;plu:Tänze;)
dançar	tanzen	(cl:vb;)/
dar	geben	(cl:vb;)/
data	Datum	(cl:subst;fem;)/(neu;)
daí	daher	(cl:adv;)/
de	von	(cl:prep;)/(plu:m//m;)		aus	(cl:prep;)/(from;)		ab	/(origem;)
de algum modo	irgendwie	(cl:pron;sing;)/(sing;)
de nada	gern geschehen	/
de onde	woher	/
de outra maneira	sonst	(cl:adv;)/(cl:conj;)		ansonsten	(cl:adv;)/(cl:conj;)
de que modo	wieso	(cl:adv;)/
de quem	wessen	(cl:pron;)/
de vez em quando	ab und zu	/
debaixo	unter	(cl:adv;)/
decidir	entscheiden	(cl:vb;)/
declarar	erklären	(cl:vb;)/
declaração	Aussage	(cl:subst;fem;)/(fem;)
dedo	Finger	(cl:subst;masc;)/(masc;)		Zeh	(cl:subst;~ do pé;)/(fem;)
defesa	Abwehr	(cl:subst;fem;)/(fem;)
deitar	liegen	(cl:vb;)/
deixar	lassen	(cl:vb;)/		lassen	(cl:vb;)/
dele	sein	(cl:pron;)/
demais	zu	(cl:adv;)/
demonstração	Demonstration	(cl:subst;fem;)/(fem;)
demorar	dauern	(cl:vb;)/
dente	Zahn	(cl:subst;masc;)/(masc;plu:Zähne;)
dentro	drin	(cl:adv;)/		drinnen	(cl:adv;)/(dentro de um recinto;)		in	(cl:prep;)/(flex:m//m;)		innen	(cl:adv;)/
departamento	Fachbereich	(cl:subst;)/(masc;)		Abteilung	(cl:subst;)/(fem;)
dependente	abhängig	(cl:adj;)/
depender	abhängen	(cl:vb;)/
depois	nach	(cl:adv;)/		danach	(cl:conj;)/
depósito	Lager	(cl:subst;masc;)/(neu;)
descansar	ruhen	(cl:vb;)/
descanso	Ruhe	(cl:subst;masc;)/(fem;)
descobrir	entdecken	(cl:vb;)/		erfahren	(cl:vb;)/
desconhecido	unbekannt	(cl:adj;)/
descrever	beschreiben	(cl:vb;)/
descrição	Beschreibung	(cl:subst;fem;)/(fem;)
desculpe-me	entschuldigung	(cl:interj;)/
desde	seit	(cl:prep/adv/conj;)/(cl:conj;)
desejar	wünschen	(cl:vb;)/
desejo	Wunsch	(cl:subst;masc;)/(masc;plu:Wünsche;)
desembarcar	landen	(cl:vb;)/
desempenho	Leistung	(cl:subst;)/(fem;)
desenvolvedor	Entwickler	(cl:subst;)/
desenvolver	entwickeln	(cl:vb;)/
desenvolvimento	Entwicklung	(cl:subst;masc;)/(fem;)
deserto	Wüste	(cl:subst;masc;)/(neu;plu: ~n;)
desistir	aufgeben	(cl:vb;)/
desjejum	Frühstück	(cl:subst;masc;)/(neu;plu:~e;)
desligado	aus	(cl:adj;)/
desordem	Unordnung	(cl:subst;fem;)/(fem;)
despesa	Aufwand	(cl:subst;fem;)/(fem;)
destino	Schicksal	(cl:subst;masc;)/(neu;)
destruição	Zerstörung	(cl:subst;fem;)/
detalhado	detaillierte	(cl:adj;)/
detalhe	Einzelheit	(cl:subst;masc;)/(fem;)
determinar	festlegen	(cl:vb;)/		bestimmen	(cl:vb;)/
determinação	Bestimmung	(cl:subst;)/(fem;)
deus	Gott	(cl:subst;)/(masc;plu:Götter;)
devagar	langsam	(cl:adj;)/
dever	sollen	(cl:vb;)/		müssen	(cl:vb;)/		sollen	(cl:vb;)/
devido	schuldig	(cl:adj;)/
devorar	fressen	(cl:vb;)/(ref. animal;)
dez	zehn	(cl:num;plu;)/(
dezembro	Dezember	(cl:subst;sing;)/(masc;)
dia	Tag	(cl:subst;masc;)/(masc;plu:~e;)
diabetes	Zuckerkrankheit	(cl:subst;)/(fem;)
diagnóstico	Diagnose	(cl:subst;masc;)/(fem;)
diariamente	täglich	(cl:adv;)/
diarréia	Durchfall	(cl:subst;fem;)/(masc;)
dicionário	Taschenbuch	(cl:subst;masc;)/(neu;)
dieta	Diät	(cl:subst;fem;)/		Enährung	(cl:subst;fem;)/
diferente	anders	(cl:adj;)/		unterschiedlich	(cl:adj;)/
diferença	Unterschied	(cl:subst;fem;)/(masc;)
difícil	schwer	(cl:adj;)/
diminuto	gering	(cl:adj;)/
dinheiro	Geld	(cl:subst;masc;)/(neu;)
direito	Recht	(cl:subst;)/(neu;)
direto	durch	(cl:adj;)/		direkt	(cl:adj;)/
diretor	Geschäftsführer	(cl:subst;)/(masc;)
diretório	Verseichnis	(cl:subst;masc;)/
direção	Regie	(cl:subst;fem;)/(fem;)		Richtung	(cl:subst;fem;)/(fem;)
dirigir	fahren	(cl:vb;)/
disco rígido	Festplatte	(cl:subst;masc;)/(masc;)
disponível	verfügbar	(cl:adj;)/
distante	weit	(cl:adj;)/
distribuir	ausgeben	(cl:vb;)/
distrito	Bezirk	(cl:subst;masc;)/(masc;)
divertido	lustig	(cl:adj;)/
dividido	geteilt	(cl:adj;)/
dizer	sagen	(cl:vb;)/		sagen	(cl:vb;)/		sagen	(cl:vb;)/
do oeste	westlichen	(cl:adj;)/
doce	süß	(cl:adj;)/
documento	Dokument	(cl:subst;masc;)/(neu;)
doente	krank	(cl:adj;)/
doença	Krankheit	(cl:subst;fem;)/(fem;)		Krankheit	(cl:subst;fem;)/(fem;)
dois	zwei	(cl:num)/(cl:num)
domingo	Sonntag	(cl:subst;)/(masc;)
doméstico	häuslich	(cl:adj;)/
domínio	Herrschaft	(cl:subst;)/(fem;)
dor	Schmerz	(cl:subst;fem;)/(masc;)
dormir	schlafen	(cl:vb;)/
doze	zwölf	(cl:num)/(cl:num)
dr	Dr	(cl:abbrev;)/
droga	Droge	(cl:subst;fem;)/
duas vezes	zweimal	(cl:adv;)/
durante	während	(cl:prep;)/
durar	währen	(cl:vb;)/(cl:prep;)
duração	Dauer	(cl:subst;)/(masc;)
duro	hart	(cl:adj;)/
dólar	Dollar	(cl:subst;masc;)/(masc;)
dúvida	Zweifel	(cl:subst;fem;)/(masc;)
dúzia	Dutzend	(cl:subst;fem;)/(neu;plu:~e;)
e	und	(cl:conj;)/
economia	Wirtschaft	(cl:subst;fem;)/(fem;)
economizar	sparen	(cl:vb;)/
econômico	wirtschaftlich	(cl:adj;)/
editora	Verlag	(cl:subst;)/(neu;)
edição	Auflage	(cl:subst;fem;)/(fem;)
educação	Bildung	(cl:subst;fem;)/(fem;)		Erziehung	(cl:subst;fem;)/(fem;)
efeito	Wirkung	(cl:subst;masc;)/(fem;)		Effekt	(cl:subst;masc;)/
eficaz	wirksam	(cl:adj;)/
ela	sie	(cl:pron;sing;fem;)/(pess:3;sing;fem;caso:nom;)		sie	(cl:pron;sing;fem;)/(pess:3;sing;fem;caso:acc;)
ele	es	(cl:pron;sing;)/(neu;/caso:nom;)		er	(cl:pron;sing;masc;)/(pess:3;sing;masc;caso:nom;)		ihn	(cl:pron;sing;masc;)/(pess:3;sing;masc;caso:acc;)
ele mesmo	selber	(cl:pron;sing;masc;)/
eleição	Wahl	(cl:subst;fem;)/
eles	sie	(cl:pron;plu;)/(pess:3;plu;caso:nom;)		ihnen	(cl:pron;plu;)/(plu;)
eletricidade	Strom	(cl:subst;fem;)/(corrente elétrica;)
eletrônico	elektronisch	(cl:adj;)/
elevador	Aufzug	(cl:subst;masc;)/(neu;)
elétrico	elektrisch	(cl:adj;)/
em	in	(cl:prep;)/(plu:m//m;)		auf	(cl:prep;)/(em cima de)		an	(cl:prep;)/		in	(cl:prep;)/		am	/		zu	(cl:prep;)/(flex:m/r/m;)
em algum lugar	irgendwo	(cl:pron;sing;)/
em algum momento	irgendwann	/
em cima	oben	(cl:adv)/(cl:adv)
em geral	allgemein	(cl:adv;)/
em todo caso	jedenfalls	(cl:adv;)/
em torno	um	(cl:prep;)/
em vez de	anstatt	(cl:adv;)/
embaixada	Botschaft	(cl:subst;fem;)/(fem;)
embaixo de	unter	(cl:prep;)/
embora	obwohl	(cl:conj;)/		obwohl	(cl:conj;)/
emergência	Notfall	(cl:subst;fem;)/(masc;)
emissão	Ausgabe	(cl:subst;fem;)/(fem;)
emitir	ausgeben	(cl:vb;)/
emplastro	Pflaster	(cl:subst;masc;)/(neu;)
empregado	Arbeitnehmer	(cl:subst;)/(masc;)
empregador	Arbeitgeber	(cl:subst;)/(masc;)
emprego	Anstellung	(cl:subst;masc;)/
encher	vollstopfen	(cl:vb;)/
encomenda	Sache	(cl:subst;)/(fem;)
encomendar	bestellen	(cl:vb;)/
encontrar	treffen	(cl:vb;refl;)/
endereçar	anreden	(cl:vb;)/
endereço	Adresse	(cl:subst;masc;)/(fem;)
enfatizar	betonen	(cl:vb;)/
engenharia	Ingenieurwesen	(cl:subst;fem;)/(neu;)
engraçado	witzig	(cl:adj;)/
enquanto	während	(cl:conj;)/(cl:prep;)		solange	(cl:conj;)/
ensinar	lehren	(cl:vb;)/
entender	verstehen	(cl:vb;)/
entrar	betreten	(cl:vb;)/
entre	zwischen	(cl:prep;)/		zwischen	(cl:prep;)/
entrega	Ausgabe	(cl:subst;)/(fem;)
entregar	bringen	(cl:vb;)/		abgeben	(cl:vb;)/
entretanto	inzwischen	(cl:conj;)/
entusiasmado	begeistert	(cl:adj;)/
então	dann	(cl:adv/conj;)/(cl:adv;)		damals	(cl:adv;)/		nun	(cl:adv;)/		so	(cl:conj;)/
enviar	senden	(cl:vb;)/		überweisen	(cl:vb;)/		schicken	(cl:vb;)/
envolver	hineinziehen	(cl:vb;)/
equilíbrio	Gleichgewicht	(cl:subst;masc;)/(neu;)
equipamento	Zubehör	(cl:subst;masc;)/(neu;)		Ausrüstung	(cl:subst;)/(neu;)
errado	falsch	(cl:adj;)/
errar	irren	(cl:vb;)/
escada	Leiter	(cl:subst;fem;)/(fem;plu:~n;)		Treppe	(cl:subst;fem;)/(fem;plu:~n;)
escasso	knapp	(cl:adj;)/
escola	Schule	(cl:subst;fem;)/(fem;plu:~n;)
escola fundamental	Grundschule	(cl:subst;fem;)/(fem;plu:~n;)
escolha	Wahl	(cl:subst;fem;)/(fem;)
escova	Bürste	(cl:subst;fem;)/(fem;)
escova de dentes	Zahnbürste	(cl:subst;)/(fem;)
escrever	schreiben	(cl:vb;)/
escrita	Schrift	(cl:subst;)/(fem;)
escritor	Schreiber	(cl:subst;)/(masc;)
escritório	Büro	(cl:subst;)/
escultura	Plastik	(cl:subst;fem;)/(fem;)
escuro	dunkel	(cl:adj;)/
esforço	Anstrengung	(cl:subst;masc;)/
espalhar	ausbreiten	(cl:vb;)/
espanha	Spanien	(cl:subst;)/
espanhol	Spanier	(cl:subst;)/
espaço	Raum	(cl:subst;masc;)/(masc;)		Raum	(cl:subst;)/(masc;plu:Räume;)
especial	besonder	(cl:adj;)/
especialidade	Spezialität	(cl:subst;)/(fem;plu:~en;)
especialista	Experte	(cl:subst;)/(masc;)
especialmente	besonders	(cl:adv;)/
específico	spezifisch	(cl:adj;)/
espelho	Spiegel	(cl:subst;masc;)/(masc;)
esperança	Hoffnung	(cl:subst;fem;)/(fem;)
esperar	warten	(cl:vb;)/		hoffen	(cl:vb;ter esperança)/
esperto	schlau	(cl:adj;)/
espinho	Dorn	(cl:subst;)/(masc;plu:~en;)
espécie	Spezies	(cl:subst;fem;)/(fem;)
espírito	Geist	(cl:subst;)/(masc;plu:Gëister;)		Geist	(cl:subst;)/(masc;)
esquerdo	link	(cl:adj;)/
esquilo	Eichhörnchen	(cl:subst;masc;)/(neu;)
esquina	Ecke	(cl:subst;fem;)/(fem;plu:~n;)
esquisito	komisch	(cl:adj;)/
est	Str	(cl:abbrev;)/
estacionar	parken	(cl:vb;)/
estado	Bundesland	(cl:subst;)/(plu:Bundesländer)
estar	sein	(cl:vb;)/(pres:bin/bist/ist/sind/seid;)
estação	Station	(cl:subst;fem;)/		Jahreszeit	(cl:subst;do ano;)/(fem;)		Saison	(cl:subst;do ano;)/(fem;)
estação de trem	Bahnhof	(cl:subst;)/(masc;plu:Bahnhöfe;)
este	diese	(cl:pron;)/(flex:r//s;)
estrada	Bahn	(cl:subst;fem;)/(fem;)
estrada de rodagem	Autobahn	(cl:subst;fem;)/(fem;)
estrangeiro	fremd	(cl:adj;)/
estranho	seltsam	(cl:adj;)/
estrela	Stern	(cl:subst;fem;)/(masc;plu:~e;)
estudante	Student	(cl:subst;)/(masc;plu:~en;fem:~in;)
estudar	studieren	(cl:vb;)/
estudo	Studie	(cl:subst;masc;)/(fem;)
estômago	Magen	(cl:subst;masc;)/(masc;plu:Mägen;)
estúpido	dumm	(cl:adj;)/
etc	usw	(cl:subst;)/
eu	ich	(cl:pron;sing;)/(pess:1;sing;caso:nom;)
eua	Amerika	(cl:pron;sing;)/(cl:subst;)
europa	Europa	(cl:pron;sing;)/(sing;)
europeu	Europäer	(cl:adj/subst;)/(cl:subst;masc;)
evento	Ereignis	(cl:subst;masc;)/
evidente	deutlich	(cl:adj;)/
evidentemente	offensichtlich	(cl:adv;)/(cl:adj;)
evitar	vermeiden	(cl:vb;)/
exame	Untersuchung	(cl:subst;masc;)/(fem;plu:~en;)
exatamente	genau	(cl:adv;)/
excelente	ausgezeichnet	(cl:adj;)/
exceto	außer	(cl:prep;)/
exemplo	Beispiel	(cl:subst;masc;)/(neu;plu:~e;)
exercício	Übung	(cl:subst;)/
exibição	Ausstellung	(cl:subst;)/(fem;)
exigência	Anforderung	(cl:subst;fem;)/(fem;)
existir	bestehen	(cl:vb;)/
existência	Existenz	(cl:subst;fem;)/(fem;)
expandir	erweitern	(cl:vb;)/
experimentar	erleben	(cl:vb;)/
experiência	Erfahrung	(cl:subst;fem;)/(fem;plu:~en;)
explicar	erklären	(cl:vb;)/
explicação	Erklärung	(cl:subst;fem;)/
expresso	eilig	(cl:adj;)/
exterior	Ausland	(cl:subst;masc;)/(neu;)
extra	extra	(cl:adj;)/
faca	Messer	(cl:subst;fem;)/(neu;)
face	Gesicht	(cl:subst;fem;)/(neu;plu:~er;)		Fläche	(cl:subst;)/(fem;)
facilmente	leicht	(cl:adv;)/
faculdade	Hochschule	(cl:subst;fem;)/
fala	Rede	(cl:subst;)/(fem;)
falar	sprechen	(cl:vb;)/		reden	(cl:vb;)/
falha	Fehler	(cl:subst;)/(masc;)
falta	Schuld	(cl:subst;)/
faltar	fehlen	(cl:vb;)/
família	Familie	(cl:subst;fem;)/(fem;)
fantástico	toll	(cl:adj;)/
farmácia	Apotheke	(cl:subst;fem;)/(fem;plu:~n;)
fato	Tatsache	(cl:subst;masc;)/(fem;)
fator	Faktor	(cl:subst;masc;)/(masc;)
fava	Bohne	(cl:subst;fem;)/(masc;plu:~n;)
favorecer	bevorzugen	(cl:vb;)/
fazendeiro	Bauer	(cl:subst;)/(masc;plu:~n;)
fazer	tun	(cl:vb;)/(do;)		machen	(cl:vb;)/(make;)
fazer compra	einkaufen	(cl:vb;)/
fecal	fäkal	(cl:adj;)/
fechado	geschlossen	(cl:adj;)/
fechar	schließen	(cl:vb;)/		einschließen	(cl:vb;)/
federal	bundes	(cl:adj;)/(pref;)
feijão	Bohne	(cl:subst;masc;)/(masc;plu:~n;)
felicidade	Glück	(cl:subst;fem;)/(neu;)
felino	Katze	(cl:adj/subst;)/(cl:subst;fem;)
feliz	glücklich	(cl:adj;)/
feminino	weiblich	(cl:adj;)/
ferir	verletzen	(cl:vb;)/
ferramenta	Werkzeug	(cl:subst;fem;)/
ferro	Eisen	(cl:subst;masc;)/(neu;)
festa	Party	(cl:subst;fem;)/(fem;)
fevereiro	Februar	(cl:subst;)/(masc;)
fezes	Fäkalien	(cl:subst;plu;)/(plu;)
ficar	werden	(cl:vb;)/		bleiben	(cl:vb;)/
filha	Tochter	(cl:subst;fem;)/(fem;plu:Töchter;)
filho	Sohn	(cl:subst;masc;)/(masc;plu:Söhne;)
fim	Ende	(cl:subst;masc;)/(neu;)		Schluß	(cl:subst;)/(masc;plu:Schlüsse;)
finalmente	schließlich	(cl:adv;)/		schließlich	(cl:adv;)/
financeiro	finanziell	(cl:adj;)/
financiamento	Finanzierung	(cl:subst;)/(fem;)
fino	dünn	(cl:adj;)/
firme	fest	(cl:adj;)/
flor	Blume	(cl:subst;fem;)/(fem;plu:~n;)
floresta	Wald	(cl:subst;fem;)/(masc;plu:Wälder;)
fogo	Feuer	(cl:subst;masc;)/(neu;)
folha	Blatt	(cl:subst;fem;)/
fome	Hunger	(cl:subst;fem;)/(masc;)
fonte	Quelle	(cl:subst;fem;)/
fora	außen	(cl:adv;)/		draußen	(cl:adv;)/(fora de um recinto;)		Ausland	(cl:adv;)/(im ~;)
fora de	aus	(cl:prep;)/
forma	Form	(cl:subst;fem;)/(fem;)
formar	bilden	(cl:vb;)/
formulário	Formular	(cl:subst;masc;)/(neu;)
fornecer	versorgen	(cl:vb;)/
fornecimento	Versorgung	(cl:subst;)/(fem;)
forte	stark	(cl:adj;)/
força	Gewalt	(cl:subst;fem;)/(fem;)		Kraft	(cl:subst;)/(fem;)
forçar	zwingen	(cl:vb;)/
fraco	schwach	(cl:adj;)/
francês	Französisch	(cl:subst;)/		franzose	(cl:adj;)/(subst;)
frango	Hähnchen	(cl:subst;masc;)/(neu;)
frança	Frankreich	(cl:subst;sing;)/
frase	Satz	(cl:subst;fem;)/(masc;)
frente	Front	(cl:subst;)/(fem;)
frequente	häufig	(cl:adj;)/
frequentemente	oft	(cl:adv;)/		häufig	(cl:adv;)/
fresco	frisch	(cl:adj;)/		kühl	(cl:adj;)/
frio	kalt	(cl:adj;)/
fruta	Obst	(cl:subst;fem;)/(neu;plu:sorten;)
fumaça	Rausch	(cl:subst;fem;)/(masc;)
funcionar	funktionieren	(cl:vb;)/
fundo	tief	(cl:adj;)/		Hintergrund	(cl:subst;masc;)/(masc;)
furtar	stehlen	(cl:vb;)/
futebol	Fußball	(cl:subst;masc;)/(masc;)
futuro	Zukunft	(cl:subst;masc;)/(fem;)
fuzileiro naval	Marine	(cl:subst;)/(masc;)
fábrica	Fabrik	(cl:subst;fem;)/(fem;)
fácil	einfach	(cl:adj;)/
férias	Ferien	(cl:subst;fem;plu;)/(fem;plu:pl;)
fígado	Leber	(cl:subst;masc;)/(fem;)
física	Physik	(cl:subst;fem;)/(fem;)
gaiola	Käfig	(cl:subst;fem;)/(masc;plu:~e;)
galinha	Huhn	(cl:subst;fem;)/(neu;)
galo	Hahn	(cl:subst;masc;)/(masc;plu:Hähne;)
galpão	Schuppen	(cl:subst;)/(masc;)
ganhar	verdienen	(cl:vb;)/		bekommen	(cl:vb;)/
ganso	Gans	(cl:subst;masc;)/(fem;)
garantido	gewährleistet	(cl:adj;)/(cl:vb;)
garantir	gewährleisten	(cl:vb;)/
garfo	Gabel	(cl:subst;masc;)/(fem;plu:~n;)
gargalhada	Lache	(cl:subst;fem;)/(fem;)
garra	Klaue	(cl:subst;fem;)/
garrafa	Flasche	(cl:subst;fem;)/(fem;plu:~n;)
garçom	Kellner	(cl:subst;)/(masc;)		Bedienung	(cl:subst;)/(fem;)
gastar	aufwenden	(cl:vb;)/		ausgeben	(cl:vb;)/
gatinho	Kätzchen	(cl:subst;)/
gato	Katze	(cl:subst;)/(fem;plu:~n;)
geladeira	Kühlschrank	(cl:subst;fem;)/
gelo	Eis	(cl:subst;masc;)/(neu;)
geléia	Marmelade	(cl:subst;fem;)/(fem;)
gene	Erbfaktor	(cl:subst;masc;)/(masc;)
genebra	Genf	(cl:subst;)/
genuíno	echt	(cl:adj;)/
geral	allgemein	(cl:adj;)/
geralmente	allgemein	(cl:adv;)/
gerente	Geschäftsführer	(cl:subst;)/(masc;)
gordo	dick	(cl:adj;)/
gorjeta	Trinkgeld	(cl:subst;fem;)/(neu;)
gostar	mögen	(cl:vb;)/
governador	Präsident	(cl:subst;)/(masc;)
governo	Regierung	(cl:subst;masc;)/(fem;)
grama	Gras	(cl:subst;)/(neu;plu:Grässe;)
grande	groß	(cl:adj;)/		groß	(cl:adj;)/
grandioso	großartig	(cl:adj;)/
gratuito	kostenlos	(cl:adj;)/
grau	Grad	(cl:subst;masc;)/
grupo	Gruppe	(cl:subst;masc;)/(fem;plu:~n;)
grávida	schwanger	(cl:adj;)/
guarda-chuva	Regenschirm	(cl:subst;masc;)/(masc;)
guardar	behalten	(cl:vb;)/
guerra	Krieg	(cl:subst;fem;)/(masc;)
guia	Führer	(cl:subst;)/(masc;)
guia de viagem	Reiseführer	(cl:subst;)/(masc;)
guiar	führen	(cl:vb;)/
gêmeo	Zwilling	(cl:subst;)/(masc;plu:~e;)
gênero	Geslecht	(cl:subst;)/(neu;plu:~er;)
habitante	Einwohner	(cl:subst;)/
história	Geschichte	(cl:subst;fem;)/		Geschichte	(cl:subst;)/
histórico	historisch	(cl:adj;)/
hoje	heute	(cl:adv;)/
homem	Mensch	(cl:subst;masc;humano;)/(masc;plu:~en;)		Mann	(cl:subst;masc;)/(masc;plu:Männer;)
honesto	ehrlich	(cl:adj;)/
hora	Stunde	(cl:subst;fem;)/(plu:~n;)		Uhr	(cl:subst;fem;)/
hospital	Krankenhaus	(cl:subst;masc;)/(neu;)
hotel	Hotel	(cl:subst;masc;)/
humano	menschen	(cl:adj;)/
há pouco	soeben	(cl:adv;)/
hóspede	Gast	(cl:subst;)/(masc;plu:Gäste;)
idade	Alter	(cl:subst;fem;)/(neu;)
idioma	Sprache	(cl:subst;fem;)/(fem;)
idéia	Idee	(cl:subst;fem;)/(fem;)		Ahnung	(cl:subst;fem;)/(fem;)
igreja	Kirche	(cl:subst;fem;)/(fem;)
ilha	Insel	(cl:subst;fem;)/(fem;plu:~n;)
imagem	Bild	(cl:subst;fem;)/(neu;plu:~er;)
imaginar	vorstellen	(cl:vb;)/(reflex)
imediatamente	sofort	(cl:adv;)/
imigrante	Einwanderer	(cl:subst;)/(masc;)
imigração	Einwanderung	(cl:subst;fem;)/
implementação	Einsatz	(cl:subst;)/(masc;)
importante	wichtig	(cl:adj;)/
importar	machen	(cl:vb;)/
impossível	unmöglich	(cl:adj;)/
imposto	Steuer	(cl:subst;masc;)/(fem;plu:~n;)
imprensa	Presse	(cl:subst;fem;)/(fem;)
impressão	Eindruck	(cl:subst;)/(masc;)
imprimir	drucken	(cl:vb;)/
imune	gefeit	(cl:adj;)/
incidente	Ereigniss	(cl:subst;)/
incluir	schließen ... ein	(cl:vb;)/
inclusive	einschließlich	(cl:adv;)/
independente	unabhängig	(cl:adj;)/
indicar	anzeigen	(cl:vb;)/
individual	individuell	(cl:adj;)/		einzeln	(cl:adj;)/
inequívoco	eindeutig	(cl:adj;)/
infectado	infizierte	(cl:adj;)/
infecção	Infektion	(cl:subst;fem;)/(fem;)
infelizmente	leider	(cl:adv;)/
inferno	Hölle	(cl:subst;masc;)/
influência	Einfluss	(cl:subst;fem;)/(masc;)
informação	Information	(cl:subst;fem;)/
inglaterra	England	(cl:pron;sing;)/(cl:subst;)
inglês	Englisch	(cl:adj/subst;)/
iniciar	anfangen	(cl:vb;)/
inimigo	Feind	(cl:subst;)/(masc;plu:~e;)
inseto	Insekt	(cl:subst;masc;)/(neu;plu:~en;)
instalação	Einrichtung	(cl:subst;fem;)/(fem;)
instante	Augenblick	(cl:subst;masc;)/
instrução	Anleitung	(cl:subst;)/(fem;)
insígnia	Fahne	(cl:subst;fem;)/(fem;)
inteiramente	durchaus	(cl:adv;)/
inteligência	Intelligenz	(cl:subst;fem;)/(fem;)
interessado	interessiert	(cl:adj;)/
interessar	betreffen	(cl:vb;)/
interesse	Interesse	(cl:subst;)/(neu;)		Anteil	(cl:subst;)/(masc;)
interior	Innere	(cl:subst;masc;)/(neu;)
internacional	international	(cl:adj;)/
interno	Hölle	(cl:adj;)/(cl:subst;fem;)
intestino	Darm	(cl:subst;masc;)/(masc;)
introdução	Einführung	(cl:subst;fem;)/(fem;)
invenção	Erfindung	(cl:subst;)/(fem;)
inverno	Winter	(cl:subst;masc;)/(masc;)
invisível	unsichtbar	(cl:adj;)/
inúmeros	zahlreich	(cl:adj;)/
ir	werden	(cl:vb;)/		gehen	(cl:vb;)/		gehen	(cl:vb;)/
iria	würde	(cl:vb;)/
irmã	Schwester	(cl:subst;fem;)/(fem;plu:~n;)
irmão	Bruder	(cl:subst;masc;)/(masc;plu:Brüder;)
isqueiro	Feuerzeug	(cl:subst;masc;)/
item	Gegenstand	(cl:subst;masc;)/(masc;)
itália	Italien	(cl:pron;sing;)/(cl:subst;)
janeiro	Januar	(cl:subst;sing;)/(masc;)
janela	Fenster	(cl:subst;fem;)/(neu;)
jantar	Abendessen	(cl:subst;masc;)/(neu;)
jaqueta	Jacke	(cl:subst;fem;)/(fem;plu:~n;)
jardim	Garten	(cl:subst;masc;)/(masc;)
jeito	Weg	(cl:subst;masc;)/(masc;)
joelho	Knie	(cl:subst;masc;)/(neu;)
jogar	spielen	(cl:vb;)/
jogo	Spiel	(cl:subst;masc;)/(neu;)
jornal	Zeitung	(cl:subst;masc;)/(fem;plu:~en;)
jovem	jung	(cl:adj;)/
juiz	Richter	(cl:subst;)/(masc;fem:~in;)
julgamento	Verfahren	(cl:subst;)/(neu;)
julho	Juli	(cl:subst;sing;)/(masc;)
junho	Juni	(cl:subst;sing;)/(masc;)
junto	zusammen	(cl:adv;)/
junto a	bei	(cl:prep;)/(flex:m//m;)
juro	Zins	(cl:subst;masc;)/(masc;plu:~en;)
justo	genauso	(cl:adj/adv;)/(cl:adv;)
juventude	Jugend	(cl:subst;fem;)/
já	schon	(cl:adv;)/		bereits	(cl:adv;)/
já que	da	/
jóias	Schmuck	(cl:subst;plu;)/(masc;)
lado	Seite	(cl:subst;masc;)/(fem;)
lago	See	(cl:subst;masc;)/(masc;)
lamento	Es tut mir leid	(cl:expr;)/
lar	Zuhause	(cl:subst;masc;)/
laranja	Orange	(cl:subst;fem;)/(fem;)
largamente	weit	(cl:adv;)/
largo	weit	(cl:adj;)/
lavabo	Toilette	(cl:subst;)/(fem;)
lavar	waschen	(cl:vb;)/
legumes	Gemüse	(cl:subst;plu;)/(neu;)
lei	Gesetz	(cl:subst;)/(neu;)
leite	Milch	(cl:subst;masc;)/(fem;)
lembrar	erinnern	(cl:vb;reflex;)/(reflex;)		merken	(cl:vb;reflex;)/(reflex;)
ler	lesen	(cl:vb;)/
leste	ost	(cl:adj;)/		Osten	(cl:subst;masc;)/(masc;)
levantar	stehen	(cl:vb;)/
levar	tragen	(cl:vb;)/
leve	leicht	(cl:adj;)/
leão	Löwe	(cl:subst;masc;)/(masc;)
liberal	freiheitlich	(cl:adj;)/
lidar	handeln	(cl:vb;)/
ligeiro	leicht	(cl:adj;)/
limitar	grenzen	(cl:vb;)/(cl:subst;fem;)
limpar	putzen	(cl:vb;)/		säubern	(cl:vb;)/
limpo	sauber	(cl:adj;)/
limão	Zitrone	(cl:subst;masc;)/(fem;plu:~n;)
lindo	hübsch	(cl:adj;)/
linha	Linie	(cl:subst;fem;)/(fem;)
lista	Liste	(cl:subst;fem;)/(fem;)		Verzeichnis	(cl:subst;)/(neu;)
listar	listen	(cl:vb;)/
listra	Streife	(cl:subst;)/
litro	Liter	(cl:subst;masc;)/(neu;)
livre	frei	(cl:adj;)/
livro	Buch	(cl:subst;masc;)/(neu;plu:Bücher;)
lixo	Müll	(cl:subst;masc;)/
lição	Unterricht	(cl:subst;fem;)/(plu:~n;)
lobo	Wolf	(cl:subst;)/(masc;)
local	Stelle	(cl:subst;masc;)/(fem;)		hiesig	(cl:adj;)/
logo	bald	(cl:adv;)/
loja	Laden	(cl:subst;fem;)/(masc;plu:Läden;)		Geschäft	(cl:subst;fem;)/(neu;plu:~e;)
longe	weg	(cl:adv;)/		weit	(cl:adv;)/
longo	lang	(cl:adj;)/
louco	verrückt	(cl:subst;masc;)/
lua	Mond	(cl:subst;fem;)/(masc;plu:~e;)
lucro	Gewinn	(cl:subst;masc;)/(masc;)
lugar	Platz	(cl:subst;masc;)/(masc;plu:Plätze;)		Ort	(cl:subst;masc;)/(masc;)
luta	Kampf	(cl:subst;fem;)/(masc;)		Kampf	(cl:subst;fem;)/(masc;)
luz	Licht	(cl:subst;fem;)/(neu;)
lá	dort	(cl:adv;)/
lábio	Lippe	(cl:subst;masc;)/(fem;)
lâmina	Rasierer	(cl:subst;fem;)/(de barbear)
lâmpada	Lampe	(cl:subst;fem;)/(fem;plu:~n;)
lã	Wolle	(cl:subst;fem;)/(fem;)
líder	Führer	(cl:subst;)/(masc;)
língua	Zunge	(cl:subst;fem;)/(fem;)		Sprache	(cl:subst;)/(fem;)
macaco	Affe	(cl:subst;)/(masc;)
macarrão/massa	Nudel	(cl:subst;)/(fem;plu:~n;)
macho	männlicher	(cl:adj;)/
macio	weich	(cl:adj;)/
madeira	Holz	(cl:subst;)/
maio	Mai	(cl:subst;masc;)/(masc;)
maior	größer	(cl:adj;)/
mais	mehr	(cl:pron;)/		plus	(cl:prep;)/
mais alto	höher	(cl:adj;)/		höchst	(cl:adj;)/
mais baixo	niedrigerer	(cl:adj;)/
mais cedo	früher	(cl:adj;)/
mais tardar	spätesten	(cl:adv;)/
mais tarde	später	(cl:adv;)/
mais velho	älter	(cl:adj;)/
major	Major	(cl:subst;)/
mal	kaum	(cl:adv;)/
mal poder	kaum können	(cl:vb;)/
mamífero	Säugetier	(cl:subst;masc;)/
mancha	Fleck	(cl:subst;fem;)/(masc;plu:~e;)
maneira	Weise	(cl:subst;fem;)/(fem;)
manhã	Morgen	(cl:subst;fem;)/(masc;)
manteiga	Butter	(cl:subst;fem;)/(fem;)
manter	halten	(cl:vb;)/		unterhalten	(cl:vb;)/
mapa da cidade	Stadtplan	(cl:subst;)/
mar	Meer	(cl:subst;masc;)/(neu;plu:~e;)
maravilhoso	wunderbar	(cl:adj;)/
marca	Fleck	(cl:subst;fem;)/(masc;)
marcar	markieren	(cl:vb;)/
marrom	braun	(cl:adj;)/
março	März	(cl:subst;sing;)/(masc;)
mas	aber	(cl:conj;)/
mas sim	sondern	(cl:conj;)/
material	material	(cl:adj;)/
matriz	Zentrale	(cl:subst;)/
matéria	Materie	(cl:subst;fem;)/
mau	böse	(cl:adj;)/
maçã	Apfel	(cl:subst;fem;)/(masc;plu:Äpfel;)
me	mich	(cl:pron;sing;)/(pess:1;sing;caso:acc;)
medicamento	Medizin	(cl:subst;masc;)/(fem;)
medicação	Medikamente	(cl:subst;)/
medida	Maß	(cl:subst;fem;)/(fem;)
medir	messen	(cl:vb;)/		vermessen	(cl:vb;)/
medo	Angst	(cl:subst;masc;)/(fem;)
meia noite	Mitternacht	(cl:subst;)/
meio	halb	(cl:adj;)/(cl:adv;)
meio irmão	Halbbruder	(cl:subst;)/(plu:Halbbrüder;)
meios	Mittel	(cl:subst;)/(fem;)
mel	Honig	(cl:subst;masc;)/(masc;)
melhor	besten	(cl:adj;)/		besser	(cl:adj;)/
melhorar	verbessen	(cl:vb;)/
membro	Mitglied	(cl:subst;masc;)/(neu;plu:~er;)
menina	Mädchen	(cl:subst;fem;)/(neu;)
menino	Junge	(cl:subst;masc;)/(masc;plu:~n;)
menor	geringst	(cl:adj;)/
menos	weniger	(cl:adv;)/
mensagem	Mitteilung	(cl:subst;fem;)/(fem;)
mensalmente	monatlich	(cl:adv;)/
mentir	lügen	(cl:vb;)/
menu	Speisekarte	(cl:subst;masc;)/(fem;)
mercado	Markt	(cl:subst;masc;)/(masc;plu:Märkte;)
mercadoria	Ware	(cl:subst;fem;)/(plu;)
merecedor	wert	(cl:adj;)/(sein es wert/valer a pena;)
mesa	Tisch	(cl:subst;fem;)/(masc;plu:~e;)
mesmo	selbst	(cl:adv;)/		gleich	(cl:adj;)/		selben	(cl:pron;reflex;)/
meta	Ziel	(cl:subst;fem;)/
metade	Hälfte	(cl:pron;sing;)/(cl:subst;fem;plu:~n;)
metal	Metall	(cl:subst;masc;)/(neu;plu:~e;)
meu	mein	(cl:pron;)/(pess:1;sing;caso:gen;)
mil	tausend	(cl:num;)/
milagre	Wunder	(cl:subst;masc;)/(neu;)
milha	Meile	(cl:subst;fem;)/(fem;)
milhão	Million	(cl:num;)/(cl:subst;fem;)
militar	Militär	(cl:subst;masc;)/(masc;)
mim	mich	(cl:pron;sing;)/(pess:1;sing;)
ministro	Minister	(cl:subst;)/
minuto	Minute	(cl:subst;masc;)/(fem;)
missão	Auftrag	(cl:subst;fem;)/(masc;)
mobília	Möbel	(cl:subst;fem;)/(fem;)
mochila	Rucksack	(cl:subst;fem;)/(masc;)
moeda	Münze	(cl:subst;fem;)/(fem;)		Währung	(cl:subst;)/(fem;)
moldura	Rahmen	(cl:subst;)/(masc;)
molhado	naß	(cl:adj;)/
montanha	Berg	(cl:subst;fem;)/(masc;plu:~e;)
monumento	Sehenswürdigskeit	(cl:subst;masc;)/(fem;plu:~en;)
morango	Erdbeere	(cl:subst;masc;)/(fem;plu:~n;)
morar	wohnen	(cl:vb;)/
morder	beißen	(cl:vb;)/
morno	warm	(cl:adj;)/
morrer	sterben	(cl:vb;)/
morte	Tod	(cl:subst;fem;)/(masc;)
morto	tot	(cl:adj;)/
mosca	Fliege	(cl:subst;fem;)/(fem;plu:~n;)
mostarda	Senf	(cl:subst;fem;)/(masc;plu:~e;)
mostrar	zeigen	(cl:vb;)/
motocicleta	Motorrad	(cl:subst;fem;)/(cl:vb;)
mover	bewegen	(cl:vb;)/
movimento	Bewegung	(cl:subst;masc;)/(fem;)
moça	Mädchen	(cl:subst;)/(neu;)
moço	Junge	(cl:subst;masc;)/(masc;plu:~n;)
mudança	Änderung	(cl:subst;fem;)/(fem;)
mudar	ändern	(cl:vb;)/		ändern	(cl:vb;)/
muito	sehr	(cl:adv;)/		viel	(cl:adv;)/		hart	(cl:adv;)/		zu	(cl:adv;)/
muitos	viele	(cl:pron;plu;)/(plu;)
mulher	Frau	(cl:subst;fem;)/(fem;plu:~en;)
mundo	Welt	(cl:subst;masc;)/(fem;)
museu	Museum	(cl:subst;masc;)/(neu;)
máquina	Maschine	(cl:subst;fem;)/(fem;)
mãe	Mutter	(cl:subst;fem;)/(fem;plu:Mütter;)
mão	Hand	(cl:subst;fem;)/(fem;plu:Hände;)
médico	medizinich	(cl:adj;)/		Arzt	(cl:subst;)/(masc;plu:Ärzte;fem:Ärztin;)
método	Methode	(cl:subst;masc;)/(fem;)
mês	Monat	(cl:subst;masc;)/(masc;plu:~e;)
músculo	Muskel	(cl:subst;masc;)/(masc;)
música	Musik	(cl:subst;fem;)/(fem;)		Musik	(cl:subst;fem;)/(fem;)
na maior parte	meistens	(cl:adv;)/
nacional	national	(cl:adj;)/
nada	nichts	(cl:pron;sing;)/(cl:adv;)
nadar	schwimmen	(cl:vb;)/
nariz	Nase	(cl:subst;masc;)/(fem;)
narrar	erzählen	(cl:vb;)/
nascido	geboren	(cl:adj;)/
nascimento	Geburt	(cl:subst;masc;)/(fem;)
natal	Weihnacht	(cl:subst;)/(fem;plu:~en;)
nativo	angeboren	(cl:adj;)/
natural	naturgemäß	(cl:adj;)/
naturalmente	natürlich	(cl:adv;)/
natureza	Natur	(cl:subst;fem;)/(fem;)
naufrágio	Wrack	(cl:subst;masc;)/(neu;)
navio	Schiff	(cl:subst;masc;)/(neu;)
nação	Staat	(cl:subst;fem;)/(masc;)
necessidade	Bedarf	(cl:subst;)/		Not	(cl:subst;)/(fem;)
necessário	notwendig	(cl:adj;)/
negociar	verhandeln	(cl:vb;)/		handeln	(cl:vb;)/
negócio	Unternehmen	(cl:subst;masc;)/(neu;)
nem	noch	(cl:conj;)/		weder	(cl:conj;)/(weder ..noch ...)
nenhum	keinerlei	(cl:pron;sing;)/		kein	(cl:adv;)/		kein	(cl:art;)/(plu:/e;)
neto	Enkel	(cl:subst;)/(masc;)
neutralizado	kastrierte	(cl:adj;)/
neutro	neutral	(cl:adj/subst;)/(cl:adj;)
nevar	schneien	(cl:vb;)/
neve	Schnee	(cl:subst;fem;)/(masc;)
ninguém	niemand	(cl:pron;)/
no caminho	unterwegs	(cl:adv;)/
no entanto	dennoch	(cl:conj;)/		jedoch	(cl:conj;)/		doch	(cl:conj;)/
no mínimo	zumindest	(cl:adv;)/		mindestens	(cl:adv;)/
noite	Nacht	(cl:subst;fem;)/(fem;plu:Nächte;)
nome	Namen	(cl:subst;masc;)/(masc;)
normal	normal	(cl:adj;)/
normalmente	normalerweise	(cl:adv;)/
norte	Norden	(cl:subst;masc;)/(masc;)
nos	uns	(cl:pron;plu;)/(pess:1;plu;caso:acc;)
nosso	unser	(cl:pron;)/(pess:1;plu;caso:gen;plu:~e)
nota	Notiz	(cl:subst;fem;)/(fem;anotação;)		Note	(cl:subst;fem;)/(fem;musical;)
notar	merken	(cl:vb;)/
notícias	Nachricht	(cl:subst;fem;plu;)/(fem;)
novamente	erneut	(cl:adv;)/		wieder	(cl:adv;)/
novato	Anfänger	(cl:subst;)/(masc;)
nove	neun	(cl:num)/(cl:num)
novembro	November	(cl:pron;sing;)/(cl:subst;masc;)
noventa	neunzig	(cl:num)/(cl:num)
novo	neu	(cl:adj;)/
noz	Nuß	(cl:subst;fem;)/(fem;plu:Nüßsse;)
nunca	nie	(cl:adv;)/
nuvem	Wolke	(cl:subst;fem;)/(fem;)
não	nicht	(cl:adv;)/		nein	(cl:adv;)/
não poder	kann nicht	(cl:vb;)/		nicht können	(cl:vb;)/
nível	Level	(cl:subst;masc;)/
nós	uns	(cl:pron;plu;)/(pess:1;plu;caso:acc;)		wir	(cl:pron;plu;)/(pess:1;plu:sing;caso:nom;)
número	Zahl	(cl:subst;masc;)/(fem;plu:Zählen;)		Nummer	(cl:subst;masc;)/(fem;plu:~n;)
núpcias	Hochzeit	(cl:subst;fem;plu;)/(fem;)
o	der	(cl:art;)/(masc;sing;plu:die;caso:nom;)		ihn	(cl:pron;sing;masc;)/(sing;masc;caso:acc)		es	(cl:pron;sing;)/(sing;neu;caso:acc)		das	(cl:pron;sing;)/(sing;neu;caso:nom)
obra	Werk	(cl:subst;fem;)/(neu;plu:~e;)
obrigado	danke	(cl:interj;)/
obrigação	Verpflichtung	(cl:subst;fem;)/(fem;)
observar	anschauen	(cl:vb;)/
obstrução	Verstopfung	(cl:subst;fem;)/(fem;)
obter	erhalten	(cl:vb;)/
oceano	Meer	(cl:subst;masc;)/(neu;)
ocorrer	vorfallen	(cl:vb;)/
ocupacional	beruflich	(cl:adj;)/
odiar	hassen	(cl:vb;)/
odor	Geruch	(cl:subst;masc;)/(masc;)
oeste	Westen	(cl:subst;masc;)/(masc;)
oferecer	bieten	(cl:vb;)/
oferta	Angebot	(cl:subst;fem;)/(neu;plu:~e;)
oferta especial	Sonderangebot	(cl:subst;)/
oficial	offiziell	(cl:adj;)/
oficina	Werkstatt	(cl:subst;fem;)/(fem;)
ofício	Handwerk	(cl:subst;masc;)/(neu;)
oi	Hallo	(cl:interj;)/
oitenta	achzig	(cl:num)/(cl:num)
oito	acht	(cl:num)/(cl:num)
olhar	betrachten	(cl:vb;)/
olho	Auge	(cl:subst;masc;)/(neu;plu:~n;)
ombro	Schulter	(cl:subst;masc;)/(masc;plu:~n;)
onda	Welle	(cl:subst;fem;)/(fem;plu:~n;)
onde	wo	(cl:adv;)/
ontem	gestern	(cl:adv;)/
onze	elf	(cl:num)/(cl:num)
operar	betreiben	(cl:vb;)/
opinião	Meinung	(cl:subst;fem;)/(fem;)
oponente	Gegner	(cl:subst;)/(masc;)
oportunidade	Gelegenheit	(cl:subst;fem;)/(fem;)
oportuno	günstig	(cl:adj;)/
oposição	Gegensatz	(cl:subst;fem;)/(masc;)
oposto	gegenüber	(cl:adj;/subst)/
oração	Gebet	(cl:subst;fem;)/(neu;)
ordem	Bestellung	(cl:subst;fem;)/(fem;)
ordenar	bestehlen	(cl:vb;)/
orelha	Ohr	(cl:subst;fem;)/(neu;plu:~en;)
organização	Organisation	(cl:subst;fem;)/(fem;)
orgulhoso	stolz	(cl:adj;)/
original	original	(cl:adj;)/
os	die	(cl:art;plu;)/(plu;)		sie	(cl:pron;plu;)/(plu;caso:acc)
osso	Knochen	(cl:subst;masc;)/(masc;)
ou	oder	(cl:conj;)/		entweder	(cl:conj;)/(entweder ... oder .... )
ouro	Gold	(cl:subst;masc;)/(neu;)
outono	Herbst	(cl:subst;)/(masc;)
outro	andere	(cl:pron;)/		andere	(cl:art/pronome;sing;)/(flex:r//s;)		übrig	(cl:adj;)/
outubro	Oktober	(cl:pron;sing;)/(cl:subst;masc;)
ouvido	Ohr	(cl:subst;masc;)/
ouvir	hören	(cl:vb;)/
ovo	Ei	(cl:subst;masc;)/(neu;plu:~er;)
paciente	Patient	(cl:subst/adj;)/(cl:subst;masc;plu:~en;)
pacote	Paket	(cl:subst;)/(neu;)
padaria	Bäckerei	(cl:subst;fem;)/(fem;plu:~en;)
padre	Priester	(cl:subst;masc;)/(masc;)
padrão	Standard	(cl:subst;)/(masc;)
pagamento	Zahlung	(cl:subst;masc;)/(fem;)
pagar	zahlen	(cl:vb;)/		bezahlen	(cl:vb;)/
pai	Vater	(cl:subst;masc;)/(masc;plu:Väter;)
palavra	Wort	(cl:subst;fem;)/(neu;)
palco	Bühne	(cl:subst;)/(fem;)
palha	Stroh	(cl:subst;fem;)/(neu;)
pano	Tuch	(cl:subst;masc;)/(neu;)
papel	Papier	(cl:subst;masc;)/(neu;plu:~e;)		Rolle	(cl:subst;masc;)/(fem;)
papelão	Pappe	(cl:subst;)/(fem;)
par	Paar	(cl:subst;)/(plu:~e;)		paar	(cl:subst;)/
para	zu	(cl:prep;)/(flex:m/r/m;)		für	(cl:prep;)/(
para cima	oben	(cl:adv;)/
para fora	ab	/(origem;)		aus	/(from;)
para onde	wohin	/
para que	wofür	/
para trás	zurück	(cl:adv;)/
parada	Haltestelle	(cl:subst;fem;)/(fem;de ônibus;)
parado	still	(cl:adj;)/
parar	stoppen	(cl:vb;)/
paraíso	Paradies	(cl:subst;)/(neu;)
parceiro	Partner	(cl:subst;)/(masc;)
parceria	Partnerschaft	(cl:subst;)/(fem;)
parecer	scheinen	(cl:vb;)/		sehen ... aus	(cl:vb;)/		scheinen	(cl:vb;)/
parede	Wand	(cl:subst;fem;)/(fem;plu:Wände;)
parente	Verwandte	(cl:subst;)/(masc;)
parlamento	Parlament	(cl:subst;masc;)/(masc;)
parque	Park	(cl:subst;masc;)/(masc;)
parte	Teil	(cl:subst;fem;)/(masc;plu:~e;)
participar	mitmachen	(cl:vb;)/		teilnehmen	(cl:vb;)/
particular	besonder	(cl:adj;)/(er/es/e;)		privat	(cl:adj;)/
particularmente	besonders	(cl:adv;)/		insbesondere	(cl:adv;)/
partido	Partei	(cl:subst;masc;)/(fem;)
passado	Vergangenheit	(cl:subst;masc;)/(neu;)
passageiro	Fahrgast	(cl:subst;)/(masc;)
passaporte	Pass	(cl:subst;masc;)/(masc;)
passeio	Tour	(cl:subst;turístico)/(fem;plu:~en;)
passo	Stufe	(cl:subst;masc;)/(fem;)
pata	Pfote	(cl:subst;fem;)/(fem;)
pato	Ente	(cl:subst;)/(fem;plu:~n;)
paz	Frieden	(cl:subst;fem;)/
país	Land	(cl:subst;)/(neu;plu:Länder;)
pedaço	Bissen	(cl:subst;masc;)/(masc;)		Stück	(cl:subst;masc;)/(neu;)
pedir	bitten	(cl:vb;)/
pedra	Stein	(cl:subst;fem;)/(masc;plu:~e;)
pegar	nehmen	(cl:vb;)/		fangen	(cl:vb;)/
peito	Brust	(cl:subst;masc;)/(masc;plu:Brüste;)
peixe	Fisch	(cl:subst;masc;)/(masc;plu:~e;)
pele	Haut	(cl:subst;fem;)/(fem;plu:Häute;)
pele de animal	Pelz	(cl:subst;)/(masc;)
pelo menos	wenigstens	(cl:adv;)/
pensamento	Gedanke	(cl:subst;masc;)/(masc;)
pensar	denken	(cl:vb;)/
pensão	Pension	(cl:subst;)/
pequeno	klein	(cl:adj;)/		gering	(cl:adj;)/
perda	Verlust	(cl:subst;fem;)/(masc;)
perder	verlieren	(cl:vb;)/		verirren	(cl:vb;reflex;)/		verpassen	(cl:vb;)/
perdoar	vergeben	(cl:vb;)/
perdão	Verzeihung	(cl:subst;masc;)/(fem;)
perfeito	perfekt	(cl:adj;)/
pergunta	Frage	(cl:subst;fem;)/(fem;plu:~n;)
perguntar	fragen	(cl:vb;)/
perigo	Gefahr	(cl:subst;masc;)/(fem;)
perigoso	gefährlich	(cl:adj;)/
permanecer	bleiben	(cl:vb;)/		steigen	(cl:vb;)/
permanente	permanent	(cl:adj;)/
permissão	Erlaubnis	(cl:subst;fem;)/(fem;)		Erlaubnis	(cl:subst;fem;)/(fem;)		Genehmigung	(cl:subst;fem;)/(fem;)
permitido	erlaubte	(cl:adj;)/
permitir	erlauben	(cl:vb;)/
perna	Bein	(cl:subst;fem;)/(neu;plu:~e;)
pertencer	gehören	(cl:vb;)/
perto	dabei	(cl:adv;)/
perto de	bei	(cl:prep;)/(flex:m//m;)
período	Zeitraum	(cl:subst;)/(masc;)
pesado	schwer	(cl:adj;)/
pescoço	Hals	(cl:subst;masc;)/(masc;plu:Hälse;)
peso	Gewicht	(cl:subst;masc;)/(neu;)
pesquisa	Forschung	(cl:subst;fem;)/(fem;)
pessoa	Person	(cl:subst;fem;)/(fem;plu:~en;)		Mensch	(cl:subst;fem;)/(masc;plu:~en;)
pessoal	Personal	(cl:subst;masc;)/(neu;)
pessoas	Leute	(cl:subst;fem;plu;)/(fem;muitas;)
piada	Witz	(cl:subst;fem;)/(masc;)
picar	stechen	(cl:vb;)/
pilha	Batterie	(cl:subst;fem;)/(fem;)
pintar	malten	(cl:vb;)/
piso	Boden	(cl:subst;masc;)/(masc;)
pista	Hinweis	(cl:subst;)/
planejar	planen	(cl:vb;)/
plano	Plan	(cl:subst;masc;)/(masc;plu:Pläne;)
planta	Pflanze	(cl:subst;fem;)/(fem;)
plantar	pflanzen	(cl:vb;)/
plástico	Kunststoff	(cl:subst;masc;)/(masc;)		Plastik	(cl:subst;masc;)/(neu;)
poder	können	(cl:vb;)/		können	(cl:vb;)/		Kraft	(cl:subst;masc;)/(fem;)		können	(cl:vb;)/		dürfen	(cl:vb;)/		Macht	(cl:subst;masc;)/(fem;)
podre	schlecht	(cl:adj;)/
polegada	Zoll	(cl:subst;fem;)/(masc;plu:Zölle;)
polegar	Daumen	(cl:subst;masc;)/(neu;)
policial	Polizist	(cl:subst;)/(masc;)
política	Politik	(cl:subst;fem;)/(fem;)		Politik	(cl:subst;sing;)/(fem;)
político	poliltisch	(cl:adj;)/
ponte	Brücke	(cl:subst;fem;)/(fem;plu:~n;)
ponto	Punkt	(cl:subst;masc;)/(masc;)
popular	beliebt	(cl:adj;)/
população	Bevölkerung	(cl:subst;fem;)/(fem;)
por	von	(cl:prep;)/		setzen	(cl:vb;)/		pro	(cl:prep;)/		einstellen	(cl:vb;)/
por causa de	wegen	(cl:conj;)/
por favor	Bitte	(cl:interj;)/
por isso	deshalb	(cl:adv;)/		deshalb	(cl:adv;)/
por que	warum	(cl:adv;)/
por sinal	übrigens	(cl:adv;)/
por último	zuletzt	(cl:adv;)/
porcento	Prozent	(cl:subst;)/(neu;plu:~e;)
porco	Schwein	(cl:subst;masc;)/(neu;plu:~e;)
porque	weil	(cl:conj;)/		denn	(cl:conj;)/
porta	Tür	(cl:subst;fem;)/(fem;plu:~en;)
portão	Tor	(cl:subst;masc;)/(neu;plu:~e;)
porão	Keller	(cl:subst;)/(masc;)
porção	Menge	(cl:subst;)/(fem;plu:~en;)		Teil	(cl:subst;)/
porém	aber	(cl:conj;)/		sondern	(cl:conj;)/
posição	Lage	(cl:subst;fem;)/(fem;)		Stellung	(cl:subst;fem;)/(fem;)		Standort	(cl:subst;fem;)/(masc;plu:~e;)
possuir	besitzen	(cl:vb;)/
possível	möglich	(cl:adj;)/
postal	post	(cl:adj;)/(cl:pref;)
postar	aufstellen	(cl:vb;)/
posto	Posten	(cl:subst;masc;)/(masc;)
pouco	bisschen	(cl:pron;sing;)/		wenig	(cl:adv;)/
poucos	wenige	(cl:art/pronome;plu;)/(cl:adj;)		ein paar	(cl:art)/
povo	Menschen	(cl:subst;masc;)/(plu;)		Leute	(cl:subst;masc;)/(fem;muitas;)		(cl:subst;masc;)	(cl:subst;masc;)/(masc;)
poço	Brunnen	(cl:subst;masc;)/(masc;)
prado	Wiese	(cl:subst;masc;)/(fem;plu: ~n;)
praia	Strand	(cl:subst;fem;)/(masc;plu:~e;)
prata	Silber	(cl:subst;fem;)/(neu;)
prato	Teller	(cl:subst;masc;)/(masc;)		Speise	(cl:subst;masc;)/(fem;)
prato de entrada	Vorspeise	(cl:subst;masc;)/(fem;)
prato principal	Hauptgericht	(cl:subst;masc;)/(neu;)
prazo	Frist	(cl:subst;masc;)/(fem;)
praça	Platz	(cl:subst;fem;)/(masc;plu:Plätze;)
praça do mercado	Marktplatz	(cl:subst;)/
precisar	brauchen	(cl:vb;)/		benötigen	(cl:vb;)/		benötigen	(cl:vb;)/
prefeito	Bürgermeister	(cl:subst;)/
preguiçoso	faul	(cl:adj;)/
preocupar	sorgen	(cl:vb;refl;)/(refl;)
preparar	vorbereiten	(cl:vb;)/
preparação	Ausbildung	(cl:subst;fem;)/(fem;)
presente	derzeitig	(cl:adj;)/		Geschenk	(cl:subst;masc;)/(neu;plu:~e;)
presentear	schenken	(cl:vb;)/
presidente	Präsident	(cl:subst;)/
pressionar	drücken	(cl:vb;)/
pretender	beabsichtigen	(cl:vb;)/
preto	schwarz	(cl:adj;)/
prevenir	verhindern	(cl:vb;)/		verhindern	(cl:vb;)/
preço	Preis	(cl:subst;masc;)/(masc;plu:~e;)
prima	Cousine	(cl:subst;)/(fem;plu:~n;)
primavera	Frühling	(cl:subst;)/(masc;)
primeiro	erste	(cl:num;)/(flex:r//s;)		zuerst	(cl:adv;)/
primeiro nome	Forname	(cl:subst;)/(masc;plu:~n;)
primo	Cousin	(cl:subst;)/(masc;)
principiante	Anfänger	(cl:subst;)/(masc;)
princípio	Grundlage	(cl:subst;masc;)/
problema	Problem	(cl:subst;masc;)/(masc;plu:~e;)		Ärger	(cl:subst;masc;)/(masc;)
procedimento	Prozedur	(cl:subst;masc;)/(fem;)
processo	Verlauf	(cl:subst;masc;)/(masc;)
procurar	suchen	(cl:vb;)/
produto	Produkt	(cl:subst;masc;)/(neu;plu:~e;)
produzir	herstellen	(cl:vb;)/
produção	Fertigung	(cl:subst;fem;)/(fem;)
professor do fundamental	Lehrer	(cl:subst;)/(masc;fem:~in;)
profeta	Prophet	(cl:subst;)/
profissional	professionell	(cl:adj;)/
profissão	Beruf	(cl:subst;fem;)/(masc;plu:~e;)
programa	Programm	(cl:subst;masc;)/(neu;)		Sendung	(cl:subst;TV;)/(fem;)
programar	programmieren	(cl:vb;)/
projetar	entwerfen	(cl:vb;)/
projeto	Entwurf	(cl:subst;masc;)/(masc;)		Plan	(cl:subst;masc;)/(masc;plu:Pläne;)		Planung	(cl:subst;masc;)/(fem;)
pronto	fertig	(cl:adj;)/		bereit	(cl:adj;)/
proposta	Antrag	(cl:subst;fem;)/(masc;)
proprietário	Inhaber	(cl:subst;)/(masc;)
propósito	Vorsatz	(cl:subst;masc;)/(masc;)
proteger	schützen	(cl:vb;)/
prova	Nachweis	(cl:subst;fem;)/(fem;)		Prüfung	(cl:subst;fem;)/(fem;)
provar	beständig machen	(cl:vb;)/
provavelmente	wahrscheinlich	(cl:adv;)/		wahrscheinlich	(cl:adv;)/
prover	versorgen	(cl:vb;)/
provinciano	kleinstädtisch	(cl:adj;)/
província	Provinz	(cl:subst;fem;)/(fem;)
proximidade	Nähe	(cl:subst;)/(fem;)
prático	praktisch	(cl:adj;)/
pré-nome	Vorname	(cl:subst;)/(masc;plu:~n;)
prédio	Gebäude	(cl:subst;masc;)/(neu;plu:~n;)
próprio	eigen	(cl:adj;)/		selbst	(cl:adj;reflex;)/
publicar	veröffentlichen	(cl:vb;)/
pular	springen	(cl:vb;)/
pulga	Floh	(cl:subst;fem;)/(masc;plu:Flöhe;)
pulmão	Lunge	(cl:subst;masc;)/(fem;)
pulso	Handgelenk	(cl:subst;masc;)/(neu;)
página	Seite	(cl:subst;fem;)/
pássaro	Vogel	(cl:subst;masc;)/(masc;plu:Vögel;)
pátio	Hof	(cl:subst;masc;)/(masc;plu:Höfe;)
pátria	Heimat	(cl:subst;fem;)/(fem;)
pão	Brot	(cl:subst;masc;)/(neu;plu:~e;)
pé	Fuß	(cl:subst;masc;)/(masc;plu:Füße;)
pílula	Tablette	(cl:subst;fem;)/(fem;)
público	öffentlich	(cl:adj;)/		Publikum	(cl:subst;masc;)/(neu;)		Öffentlichkeit	(cl:subst;masc;)/(neu;)
púrpura	purpurfarbig	(cl:adj;)/
quadril	Hüfte	(cl:subst;masc;)/(fem;)
qual	welche	(cl:pron;sing;)/(flex:r//s;)
qualquer coisa	etwas	(cl:pron;sing;)/
quando	wann	(cl:adv;)/		wenn	(cl:conj;)/(conj.;)
quantia	Betrag	(cl:subst;fem;)/(masc;)
quantidade	Menge	(cl:subst;fem;)/(fem;)
quanto	wie viel	(cl:adv;)/
quarenta	fierzig	(cl:num)/(cl:num)
quarta-feira	Mittwoch	(cl:subst;)/(masc;)
quarto	Zimmer	(cl:subst;masc;)/(neu;)		viertel	(cl:subst;masc;)/(cl:num;)
quase	fast	(cl:adv;)/
quatro	fier	(cl:num)/(cl:num)
que	was	(cl:pron;sing;)/		als	(cl:conj;)/		daß	(cl:conj;)/
quebrado	kaputt	(cl:adj;)/
queda	Fall	(cl:subst;fem;)/(masc;)
queijo	Käse	(cl:subst;masc;)/(masc;)
queimar	brennen	(cl:vb;)/
queixo	Kinn	(cl:subst;masc;)/(neu;)
quem	wer	(cl:pron;sing;)/(acc:wen;dat:wem)
quente	heiß	(cl:adj;)/(plu:~e;)
querer	wollen	(cl:vb;)/		möchten	(cl:vb;)/
querido	beliebt	(cl:adj;)/
questão	Frage	(cl:subst;fem;)/
quinta-feira	Donnerstag	(cl:subst;)/(masc;)
quota	Anteil	(cl:subst;)/(fem;)
químico	Chemie	(cl:subst;)/(fem;)
radiação	Strahlung	(cl:subst;fem;)/(fem;)
rainha	Königin	(cl:subst;fem;)/(fem;)
rapidamente	schnell	(cl:adv;)/
raposa	Fuchs	(cl:subst;fem;)/(masc;)
raro	selten	(cl:adj;)/
rasgado	kaputt	(cl:adj;)/
rato	Ratte	(cl:subst;masc;)/(fem;)
razoavelmente	ziemlich	(cl:adv;)/		eher	(cl:adv;)/
razoável	sinnvoll	(cl:adj;)/
razão	Grund	(cl:subst;fem;)/		Begüngung	(cl:subst;fem;)/(fem;)
raça	Rennen	(cl:subst;fem;)/(neu;)
real	königlich	(cl:adj;)/		echt	(cl:adj;)/
realizar	leisten	(cl:vb;)/
realmente	tatsächlich	(cl:adv;)/		wirklich	(cl:adv;)/
receber	erhalten	(cl:vb;)/
receita	Verdienst	(cl:subst;fem;)/		Rezept	(cl:subst;fem;)/(neu;)
recente	frisch	(cl:adj;)/
recomendar	empfehlen	(cl:vb;)/
recomendação	Empfehlung	(cl:subst;fem;)/(fem;)
reconhecer	erkennen	(cl:vb;)/
rede	Netzwerk	(cl:subst;fem;)/(neu;)		Netz	(cl:subst;fem;)/(neu;)
redondo	rund	(cl:adj;)/
reduzir	vermindern	(cl:vb;)/
referência	Referenz	(cl:subst;fem;)/(fem;)
refletir	überlegen	(cl:vb;)/
reger	regeln	(cl:vb;)/
regime	Regime	(cl:subst;)/(neu;)
registrar	registrieren	(cl:vb;)/
registro	Anmeldung	(cl:subst;)/(fem;)
região	Land	(cl:subst;fem;)/(neu;plu:Länder;)		Region	(cl:subst;fem;)/(fem;)
regular	regulär	(cl:adj;)/
regularmente	regulär	(cl:adv;)/
rei	König	(cl:subst;masc;)/(masc;)
relacionamento	Verhältnis	(cl:subst;)/(neu;)
relacionar	beziehen	(cl:vb;)/
relatório	Bericht	(cl:subst;)/(masc;plu:~e;)
relação	Beziehung	(cl:subst;fem;)/(fem;)		Umgang	(cl:subst;)/(masc;)
religião	Religion	(cl:subst;fem;)/
relâmpago	Blitz	(cl:subst;masc;)/(masc;)
relógio	Uhr	(cl:subst;masc;)/(fem;)		Uhr	(cl:subst;masc;)/(fem;)
remeter	absenden	(cl:vb;)/
remover	entfernen	(cl:vb;)/
render	ergeben	(cl:vb;refl;)/(refl;)
repentinamente	plötzlich	(cl:adv;)/
repetir	wiederholen	(cl:vb;)/
república	Republik	(cl:subst;fem;)/(fem;)
requerer	erforden	(cl:vb;)/
reservar	buchen	(cl:vb;)/
residente	resident	(cl:adj/subst;)/(cl:adj;)
resolução	Entschließung	(cl:subst;fem;)/(fem;)
resolver	lösen	(cl:vb;)/
respeitar	achten	(cl:vb;)/
respeito	Achtung	(cl:subst;masc;)/(fem;)
respirar	atmen	(cl:vb;)/
responsável	zuständig	(cl:adj;)/		verantwortlich	(cl:adj;)/
resposta	Antwort	(cl:subst;fem;)/(fem;plu:~en;)		Beantwortung	(cl:subst;fem;)/(fem;)
restaurante	Restaurant	(cl:subst;masc;)/(neu;)
resultado	Ergebnis	(cl:subst;masc;)/(neu;)
resultar	ergeben	(cl:vb;)/
resumo	Überblick	(cl:subst;)/(masc;)
retornar	zurückkehren	(cl:vb;)/
reunião	Gesellschaft	(cl:subst;fem;)/(fem;)
revista	Zeitschrift	(cl:subst;fem;)/(fem;)
riacho	Bach	(cl:subst;masc;)/(masc;)
rico	reich	(cl:adj;)/
rio	Fluss	(cl:subst;masc;)/(masc;plu:Flüsse;)
rir	lachen	(cl:vb;)/
risco	Risiko	(cl:subst;masc;)/(neu;)
rocha	Stein	(cl:subst;)/(masc;plu:~e;)
roda	Rad	(cl:subst;fem;)/(neu;plu:Räder;)
rosa	pink	(cl:adj;)/
rota	Strecke	(cl:subst;fem;)/(fem;plu:~n;)
rotina	Alltag	(cl:subst;)/(fem;)
roupa	Kleidung	(cl:subst;fem;)/(fem;)
rua	Straße	(cl:subst;fem;)/(fem;)
rudimento	Ansatz	(cl:subst;)/(masc;)
ruim	schlecht	(cl:adj;)/
rádio	Radio	(cl:subst;masc;)/
rápido	schnell	(cl:adj/adv;rapidamente)/(cl:adj;)
saber	wissen	(cl:vb;)/
saboroso	lecker	(cl:adj;)/
sabão	Seife	(cl:subst;masc;)/(fem;)
saco	Tüte	(cl:subst;masc;)/(fem;plu:~n;)
sagrado	heilig	(cl:adj;)/
saia	Rock	(cl:subst;fem;)/(masc;plu:Röcke;)
sair	ausgehen	(cl:vb;)/
sal	Salz	(cl:subst;masc;)/(neu;plu:~e;)
sala	Zimmer	(cl:subst;fem;)/(neu;)
sala de estar	Wohnzimmer	(cl:subst;)/(neu;)
sala de jantar	Esszimmer	(cl:subst;)/(neu;)
salada	Salat	(cl:subst;fem;)/(masc;)
salgado	salzig	(cl:adj;)/
salmão	Lachs	(cl:subst;masc;)/(masc;plu:~e;)
salsicha	Wurst	(cl:subst;)/(fem;plu:Würste;)
salão	Halle	(cl:subst;)/(fem;plu:~n;)
sangrar	bluten	(cl:vb;)/
sangue	Blut	(cl:subst;masc;)/(neu;)
sapato	Schuh	(cl:subst;masc;)/(masc;plu:~e;)
satisfeito	zufrieden	(cl:adj;)/
saudação	Grüß	(cl:subst;fem;)/(masc;plu:~e;)
saudável	gesund	(cl:adj;)/
saúde	Gesundheit	(cl:subst;fem;sing;)/
se	wenn	(cl:conj;)/		ob	(cl:conj;)/		ob	(cl:conj;)/
seco	trocken	(cl:adj;)/
seda	Seide	(cl:subst;fem;)/(fem;)
sede	Durst	(cl:subst;fem;)/(masc;)
segredo	Geheimnis	(cl:subst;masc;)/
seguinte	nächste	(cl:adj;)/
seguir	folgen	(cl:vb;)/
segunda-feira	Montag	(cl:subst;)/(masc;)
segundo	zweite	(cl:num;)/
segurança	Sicherheit	(cl:subst;fem;)/(fem;)
segurar	halten	(cl:vb;)/
seguro	Versicherung	(cl:subst;masc;)/(fem;plu:~en)		sicher	(cl:adj;)/
seis	sechs	(cl:num)/(cl:num)
seleção	Auswahl	(cl:subst;fem;)/(fem;)
selo	Briefmarke	(cl:subst;masc;)/(fem;)
selvagem	wild	(cl:adj;)/
sem	ohne	(cl:prep;)/
sem idéia	Keine Ahnung	(cl:expr;)/
semana	Woche	(cl:subst;fem;)/(fem;plu:~n;)
semanalmente	wöchentlich	(cl:adv;)/
semelhante	so	(cl:adj;)/
sempre	immer	(cl:adv;)/		immer	(cl:adv;)/
senado	Senat	(cl:subst;masc;)/(masc;)
senhor	Herr	(cl:subst;masc;)/(masc;plu:~en;)		Sie	(cl:pron;pess:3;sing;formal)/(pess:3;sing;caso:nom;)
senhora	Dame	(cl:subst;fem;)/(fem;plu:~n;)
sentar	setzen	(cl:vb;)/
sentença	Satz	(cl:subst;fem;)/(masc;)
sentido	Sinn	(cl:subst;)/(masc;)
sentimento	Gefühl	(cl:subst;masc;)/(neu;)
sentir	empfinden	(cl:vb;)/		fühlen	(cl:vb;)/
sentir falta	vermissen	(cl:vb;)/
sequência	Folge	(cl:subst;fem;)/(fem;)
ser	sein	(cl:vb;)/(pres:bin/bist/ist/sind/seid;)
seriedade	Ernst	(cl:subst;fem;)/(masc;)
serpente	Schlange	(cl:subst;fem;)/(fem;)
servir	dienen	(cl:vb;)/
serviço	Service	(cl:subst;masc;)/
sessenta	sechzig	(cl:num)/(cl:num)
sete	sieben	(cl:num)/(cl:num)
setembro	September	(cl:subst;)/(masc;)
setenta	siebzig	(cl:num)/(cl:num)
seu	eure	(cl:pron;poss;)/		ihre	(cl:pron;)/(flex:r//s;)		sein	(cl:pron;)/		sein	(cl:pron;)/(pess:3;sing;masc;caso:gen;plu:~e;)		ihr	(cl:pron;)/(pess:1;sing;fem;caso:gen;plu:~e;)
severo	schlimm	(cl:adj;)/
sexta-feira	Freitag	(cl:subst;)/(masc;)
seção	Abteilung	(cl:subst;fem;)/
si próprio	sich selber	(cl:pron;sing;)/
si próprios	sich selbst	(cl:pron;refl;plu;)/(refl;)
significar	bedeuten	(cl:vb;)/
silencioso	leise	(cl:adj;)/
sim	ja	(cl:interj;)/
similar	ähnlich	(cl:adj;)/
simples	einfach	(cl:adj;)/
simplesmente	einfach	(cl:adv;)/
simpático	nett	(cl:adj;)/
sinal	Zeichen	(cl:subst;masc;)/(neu;)
sinistro	unheimlich	(cl:adj;)/
sino	Glocke	(cl:subst;masc;)/(fem;)
sintoma	Symptom	(cl:subst;masc;)/(neu;)
sistema	System	(cl:subst;masc;)/(neu;)
situação	Lage	(cl:subst;fem;)/(fem;)
sobre	über	(cl:prep;)/		über	(cl:prep;)/		auf	(cl:prep;)/
sobremesa	Nachtisch	(cl:subst;fem;)/(masc;)
sobrinha	Nichte	(cl:subst;fem;)/(fem;plu:~n;)
sobrinho	Neffe	(cl:subst;masc;)/(masc;plu:~n;)
social	sozial	(cl:adj;)/
socialista	sozialistisch	(cl:adj;)/
sociedade	Gesellschaft	(cl:subst;fem;)/(fem;)
sofá	Sofa	(cl:subst;masc;)/(neu;)
sol	Sonne	(cl:subst;masc;)/(fem;)
solo	Grund	(cl:subst;masc;)/(plu:Gründe;)
solteiro	single	(cl:adj;)/
solução	Lösung	(cl:subst;fem;)/(fem;)
som	Ton	(cl:subst;masc;)/(masc;)
soma	Summe	(cl:subst;fem;)/(fem;plu:~n;)
somente	nur	(cl:adv;)/
sonhar	träumen	(cl:vb;)/
sonho	Traum	(cl:subst;masc;)/(masc;plu:Träume;)
sopa	Suppe	(cl:subst;fem;)/(fem;plu:~n;)
sorrir	lächeln	(cl:vb;)/
sorte	Glück	(cl:subst;fem;)/
soviético	sowjetsche	(cl:adj;)/
sozinho	allein	(cl:adj/adv;)/(plu:~e;)
spray	Spray	(cl:subst;)/
status	Zustand	(cl:subst;masc;)/(masc;)
suave	leise	(cl:adj;)/
subscrever	abonnieren	(cl:vb;)/
substituir	ersetzen	(cl:vb;)/
sucesso	Erfolg	(cl:subst;masc;)/(masc;)
suco	Saft	(cl:subst;masc;)/(masc;plu:Säfte;)
sudeste	Südosten	(cl:subst;)/
suficiente	genug	(cl:adj;/adv)/(/adv)
sugerir	vorschlagen	(cl:vb;)/
sugestão	Vorschlag	(cl:subst;fem;)/
sujo	schmutzig	(cl:adj;)/
sul	Süden	(cl:subst;masc;)/(masc;)
sumário	Zusammenfassung	(cl:subst;)/(fem;)
superfície	Oberfläche	(cl:subst;fem;)/(fem;)
superior	ober	(cl:adj;)/
suporte	Unterstützung	(cl:subst;masc;)/(fem;)
suprimento	Lieferung	(cl:subst;masc;)/(fem;)
surpreender	überraschen	(cl:vb;)/
surpresa	Überraschung	(cl:subst;fem;)/(fem;)
sustentar	fördern	(cl:vb;)/
sábado	Samstag	(cl:subst;)/(masc;)
são	Sankt	(cl:subst;sing;)/
século	Jahrhundert	(cl:subst;masc;)/(neu;)
sério	ernst	(cl:adj;)/
sólido	solid	(cl:adj;)/
talvez	vielleicht	(cl:adv;)/
tamanho	Größe	(cl:subst;masc;)/(fem;)
tambor	Trommel	(cl:subst;masc;)/(fem;)
também	auch	(cl:adv;)/		auch	(cl:adv;)/		ebenfalls	(cl:adv;)/
tanto	sowohl	/
tapete	Teppich	(cl:subst;masc;)/(masc;plu:~e;)
tarde	Abend	(cl:subst;)/(masc;plu:~e;)
tartaruga	Schildkröte	(cl:subst;fem;)/(fem;)
taxa	Gebühr	(cl:subst;fem;)/		Rate	(cl:subst;fem;)/(fem;)
taxar	bewerten	(cl:vb;)/
tchau	Tschüss	(cl:interj;)/
te	dich	(cl:pron;)/(pess:2;sing;caso:acc;)
tecla	Taste	(cl:subst;fem;)/(fem;)
teclado	Tastatur	(cl:subst;masc;)/(fem;)
tedioso	langweilig	(cl:adj;)/
telefonar	anrufen	(cl:vb;)/
telefone	Telefon	(cl:subst;masc;)/(neu;)		Telephon	(cl:subst;masc;)/(neu;)
televisão	Fernsehen	(cl:subst;fem;)/(neu;)
telhado	Dach	(cl:subst;masc;)/(neu;plu:Dächer;)
temperado	würtzig	(cl:adj;)/
tempestade	Sturm	(cl:subst;fem;)/(masc;plu:Stürme;)
tempo	Zeit	(cl:subst;masc;)/(fem;)		Wetter	(cl:subst;masc;)/(neu;)
temporal	Gewitter	(cl:subst;masc;)/(neu;)
tentar	versuchen	(cl:vb;)/
tentativa	Versuch	(cl:subst;)/(masc;)
ter	haben	(cl:vb;)/
ter cheiro	schmecken	(cl:vb;)/
terapia	Therapie	(cl:subst;fem;)/(fem;)
terceiro	dritte	(cl:num;ord;)/
terminar	enden	(cl:vb;)/
termo	Termin	(cl:subst;masc;)/(masc;)
terno	Anzug	(cl:subst;)/(masc;)
terra	Erde	(cl:subst;fem;)/(fem;)		Erde	(cl:subst;fem;)/(fem;)
terreno	Grundstück	(cl:subst;)/
território	Territorium	(cl:subst;masc;)/
terça-feira	Dienstag	(cl:subst;)/(masc;)
tesoura	Schere	(cl:subst;fem;)/(fem;)
testa	Stirn	(cl:subst;fem;)/(fem;)
testar	prüfen	(cl:vb;)/		testen	(cl:vb;)/
teste	Test	(cl:subst;fem;)/(masc;)
testemunhar	aussagen	(cl:vb;)/
teu	dein	(cl:pron;poss;)/(pess:2;sing;caso:gen;)
tia	Tante	(cl:subst;fem;)/(fem;plu:~n;)
tigela	Schüssel	(cl:subst;fem;)/(fem;)
tio	Onkel	(cl:subst;masc;)/(masc;)
tipo	Art	(cl:subst;masc;)/		Typ	(cl:subst;masc;)/(masc;)
toalha de mão	Handtuch	(cl:subst;fem;)/
tocar	spielen	(cl:vb;)/(instrumento;)		klingen	(cl:vb;)/(telefone;)
todo	jede	(cl:art;sing;)/(flex:r//s;)		ganz	(cl:adj;)/
todos	alle	(cl:art/pron;plu;)/(cl:pron;)
tomada	Steckdose	(cl:subst;fem;)/(fem;)
tomar	nehmen	(cl:vb;)/		vornehmen	(cl:vb;)/
tomar ducha	duschen	(cl:vb;)/
tomate	Tomate	(cl:subst;masc;)/(fem;plu:~n;)
topo	Haupt	(cl:subst;)/(neu;plu:Häupter;)
tornar	werden	(cl:vb;refl;)/
tornar seguro	sichern	(cl:vb;)/
tornar-se	bekomen	(cl:vb;)/
tornozelo	Knöchel	(cl:subst;masc;)/(masc;)
torre	Turm	(cl:subst;fem;)/(masc;plu:Türme;)
total	gesamt	(cl:adj;)/
trabalhador	Arbeiter	(cl:subst;)/(masc;)
trabalhar	arbeiten	(cl:vb;)/		wirken	(cl:vb;)/
trabalho	Job	(cl:subst;masc;)/		Arbeit	(cl:subst;)/(fem;)		Werk	(cl:subst;masc;)/(neu;plu:~e;)
tradução	Übersetzung	(cl:subst;fem;)/(fem;)
transmissor	Sender	(cl:subst;)/(masc;)
transportador	Frachtführer	(cl:subst;)/(masc;)
tratamento	Behandlung	(cl:subst;masc;)/
tratar	behandeln	(cl:vb;)/		pflegen	(cl:vb;)/
trazer	bringen	(cl:vb;)/
trem	Zug	(cl:subst;masc;)/(masc;plu:Züge;)
treze	dreizehn	(cl:num)/(cl:num)
trilhão	Billion	(cl:num;)/(cl:subst;fem;)
trimestre	Quartal	(cl:subst;)/(neu;plu:~e;)
trinta	dreißig	(cl:num)/(cl:num)
triste	traurig	(cl:adj;)/
trocar	wechseln	(cl:vb;)/		wechseln	(cl:vb;)/
troco	Änderung	(cl:subst;masc;)/(fem;)
trovão	Donner	(cl:subst;masc;)/(masc;)
truta	Forelle	(cl:subst;fem;)/(fem;)
três	drei	(cl:num)/(cl:num)
tu	du	(cl:pron;)/(pess:2;sing;caso:nom;)
tubarão	Hai	(cl:subst;masc;)/(masc;)
tudo	alles	(cl:pron;)/
turca	Türkin	(cl:subst;)/(fem;)
turco	Türke	(cl:subst;)/(masc;)
turismo	Fremdenverkehr	(cl:subst;masc;)/(masc;)
turista	Tourist	(cl:subst;)/(masc;)
tão	so	(cl:adv;)/
término	Schluß	(cl:subst;)/(masc;plu:Schlüsse;)
título	Titel	(cl:subst;)/(masc;)
tópico	Thema	(cl:subst;)/(neu;)
tórax	Brustkorb	(cl:subst;)/(masc;)
tóxico	giftig	(cl:adj;)/
um	ein	(cl:art;sing;)/		ein	(cl:art;sing;)/(sing;)		ein	(cl:num;sing;)/(sing;)		eins	(cl:num)/(cl:num)
um tanto	etwas	(cl:adv;)/
uma vez	einmal	(cl:adv;)/
uma vez que	sobald	(cl:conj;)/
unha	Nagel	(cl:subst;fem;)/(masc;)
unido	gemeinsam	(cl:adj;)/
uniforme	gleichmäßig	(cl:adj;)/
universidade	Universität	(cl:subst;fem;)/(fem;)
universo	All	(cl:subst;masc;)/(neu;)
união	Union	(cl:subst;fem;)/(fem;)
urina	Urin	(cl:subst;fem;)/(masc;)
urso	Bär	(cl:subst;)/(masc;plu:~en;)
usar	benutzen	(cl:vb;)/		verwenden	(cl:vb;)/
uso	Gebrauch	(cl:subst;)/(masc;)		Verwendung	(cl:subst;masc;)/(fem;)
usualmente	gewöhnlich	(cl:adv;)/
usuário	Nutzer	(cl:subst;)/(masc;)
vaca	Kuh	(cl:subst;fem;)/(fem;plu:Kühe;)
vacina	Impfstoff	(cl:subst;fem;)/
vagão	Wagen	(cl:subst;masc;)/(masc;)
valer	lohnen	(cl:vb;)/(refl;)
valioso	wertvoll	(cl:adj;)/(cl:subst;)
valor	Wert	(cl:subst;)/(masc;)		Wert	(cl:subst;masc;)/
varanda	Balkon	(cl:subst;fem;)/(masc;plu:~e;)
varejo	Einzelhandel	(cl:subst;)/
variar	abwandeln	(cl:vb;)/
variedade	Verschiedenheit	(cl:subst;fem;)/(fem;)
vazio	leer	(cl:adj;)/
vela	Kerze	(cl:subst;fem;)/(fem;)
velho	alt	(cl:adj;)/
velocidade	Geschwindigkeit	(cl:subst;fem;)/(fem;)
vencer	gewinnen	(cl:vb;)/
vendedor	Verkäufer	(cl:subst;)/(masc;)
vender	verkaufen	(cl:vb;)/
vento	Wind	(cl:subst;masc;)/(masc;)
ventre	Bauch	(cl:subst;masc;)/(masc;)
ver	sehen	(cl:vb;)/		betrachten	(cl:vb;)/
verdade	Wahrheit	(cl:subst;)/(fem;)
verdadeiramente	eigentlich	(cl:adv;)/
verdadeiro	wahr	(cl:adj;)/
verde	grün	(cl:adj;)/
verificar	ermitteln	(cl:vb;)/
verificação	Test	(cl:subst;fem;)/(masc;)
verme	Wurm	(cl:subst;masc;)/(masc;plu:Würmer;)
vermelho	rot	(cl:adj;)/
versão	Version	(cl:subst;)/(fem;)
verter	vergießen	(cl:vb;)/
verão	Sommer	(cl:subst;masc;)/(masc;)
vespa	Wespe	(cl:subst;fem;)/(fem;)
vestido	Kleid	(cl:subst;masc;)/(neu;plu:~er;)
vestir	tragen	(cl:vb;)/
veterinário	Tierarzt	(cl:subst;)/(fem:Tierärztin)
vez	dran	(cl:subst;fem;)/(na vez)
veículo	Fahrzeug	(cl:subst;)/
viagem	Reise	(cl:subst;fem;)/(fem;)		Reise	(cl:subst;fem;)/(fem;)		Fahrt	(cl:subst;fem;)/(fem;)
viagem de férias	Urlaub	(cl:subst;)/(masc;plu:~e;)
viajar	reisen	(cl:vb;)/
vida	Leben	(cl:subst;fem;)/(neu;)
vida selvagem	Tierwelt	(cl:subst;)/(fem;)
vidro	Glas	(cl:subst;masc;)/(neu;plu:ër;)
vigiar	schauen	(cl:vb;)/
vila	Dorf	(cl:subst;fem;)/(neu;plu:Dörfer;)
vinho	Wein	(cl:subst;masc;)/(masc;plu:~e;)
vinte	zwanzig	(cl:num)/(cl:num)
vinte e um	einundzwanzig	(cl:num)/(cl:num)
violão	gitarre	(cl:subst;masc;)/(fem;)
vir	kommen	(cl:vb;)/
virar	biegen	(cl:vb;)/		wenden	(cl:vb;)/
visita	Besuch	(cl:subst;fem;)/(masc;)
visitante	Besucher	(cl:subst;)/(masc;sing;plu;)
visitar	besuchen	(cl:vb;)/
vista	Sehenswürdigskeit	(cl:subst;fem;)/(fem;plu:~en;)
visto	Visum	(cl:subst;masc;)/(neu;plu:Visa;)
visível	sichtbar	(cl:adj;)/
vitela	Kalb	(cl:subst;)/(neu;plu:Kälber;)
vitória	Sieg	(cl:subst;fem;)/(masc;)
viver	leben	(cl:vb;)/
vizinhança	Umgebung	(cl:subst;fem;)/
vizinho	Nachbar	(cl:subst;)/(masc;plu:~n;)
você	Sie	(cl:pron;)/(formal;)
você mesmo	selbst	(cl:pron;sing;)/(sing;)
vomitar	erbrechen	(cl:vb;)/
vontade	Lust	(cl:subst;fem;)/(fem;)
vos	euch	(cl:pron;)/(pess:2;plu;caso:acc;)
vosso	euer	(cl:pron;)/(pess:2;plu;caso:gen;plu:eure;)
votar	wählen	(cl:vb;)/
voto	Wahl	(cl:subst;masc;)/(fem;)		Stimme	(cl:subst;masc;)/(fem;)
voucher	Gutschein	(cl:subst;)/(masc;plu:~e;)
voz	Stimme	(cl:subst;fem;)/(fem;)
vários	mehrere	(cl:art;plu;)/(plu;)		viele	(cl:art;plu;)/(plu;)
vírus	Virus	(cl:subst;)/(plu:Viren)
vítima	Opfer	(cl:subst;)/(neu;)
vós	ihr	(cl:pron;)/(pess:2;plu;caso:nom;)
vômito	Erbrechen	(cl:subst;masc;)/(neu;)
vôo	Flug	(cl:subst;masc;)/(masc;plu:Flüge;)
xícara	Tasse	(cl:subst;fem;)/(fem;plu:~n;)
zangado	böse	(cl:adj;)/
zero	null	(cl:num)/(cl:num)
às vezes	manchmal	(cl:adv;)/
ácido	Säure	(cl:subst;masc;)/(masc;)
água	Wasser	(cl:subst;fem;)/(neu;)
águia	Adler	(cl:subst;fem;)/(masc;)
álcool	Alkohol	(cl:subst;masc;)/(masc;)
árabe	Araber	(cl:subst;)/(masc;)
área	Bereich	(cl:subst;)/(masc;plu:~e;)
árvore	Baum	(cl:subst;fem;)/(masc;plu:Bäume;)
ásia	Asien	(cl:pron;sing;fem;)/(cl:subst;fem;)
âmbar	Bernstein	(cl:subst;)/
ódio	Hass	(cl:subst;masc;)/(masc;)
óleo	Öl	(cl:subst;masc;)/(neu;)
ônibus	Bus	(cl:subst;masc;)/(masc;plu:se;)		Autobus	(cl:subst;masc;)/
último	letzte	(cl:num;)/(flex:r//s;)
único	einzig	(cl:num;)/		eigen	(cl:num;)/
útil	nützlich	(cl:adj;)/		hilfreich	(cl:adj;)/
