a	her	(cl:pron;sing;fem;)/(sing;fem;)		the	(cl:art;sing;fem)/(sing)
a maior parte	most	(cl:pron;)/
a mais	further	(cl:adj;)/
a menos que	unless	(cl:conj;)/
a par	par	(cl:adj;)/
abaixo	down	(cl:adv;)/		down	(cl:prep;)/		below	(cl:adv;)/
abaixo de	below	(cl:prep;)/
abelha	bee	(cl:subst;fem;)/
aberto	open	(cl:adj;)/
abismo	deep	(cl:subst;masc;)/
abrigar	shelter	(cl:vb;)/
abrigo	shelter	(cl:subst;masc;)/
abril	April	(cl:subst;sing;)/(sing;)
abrir	open	(cl:vb;)/		open	(cl:vb;reflex;)/
abstrair	abstract	(cl:vb;)/
abstrato	abstract	(cl:adj;)/
abundante	plenty	(cl:adj;)/
abusar	abuse	(cl:vb;)/
acabado	over	(cl:adv;)/
acadêmico	academic	(cl:subst/adj;)/
acariciar	pet	(cl:vb;)/
aceitar	accept	(cl:vb;)/
aceitável	acceptable	(cl:adj;)/
acender	light	(cl:vb;)/
acesso	access	(cl:subst;masc;)/
achar	find	(cl:vb;)/
acidental	chance	(cl:adj;)/
acidente	accident	(cl:subst;masc;)/
acima	above	(cl:prep/adv;)/		up	(cl:prep;)/
acne	acne	(cl:subst;)/
acompanhado	accompanied	(cl:vb;)/
aconselhar	advise	(cl:vb;)/
acontecer	happen	(cl:vb;)/		happen	(cl:vb;)/
acordar	wake	(cl:vb;)/
acordo	agreement	(cl:subst;masc;)/		accordance	(cl:subst;masc;)/		accord	(cl:subst;masc;)/
acreditar	believe	(cl:vb;)/
acusar	charge	(cl:vb;)/
acusação	charge	(cl:subst;fem;)/
adequado	adequate	(cl:adj;)/
adiantado	forward	(cl:adj;)/
adiante	forward	(cl:adv;)/		ahead	(cl:adv;)/		ahead	(cl:adv;)/
adicional	additional	(cl:adj;)/		plus	(cl:adj;)/
adicionar	add	(cl:vb;)/
adivinhar	guess	(cl:vb;)/
adição	addition	(cl:subst;)/
administrar	manage	(cl:vb;)/
administração	management	(cl:subst;fem;)/		administration	(cl:subst;fem;)/
admissão	admission	(cl:subst;fem;)/
adorar	worship	(cl:vb;)/
adorno	jewelry	(cl:subst;)/
adotar	adopt	(cl:vb;)/
adquirir	purchase	(cl:vb;)/
adulto	adult	(cl:subst/adj;)/
advertência	notice	(cl:subst;fem;)/
advogado	lawyer	(cl:subst;)/
aeronave	aircraft	(cl:subst;fem;)/
aeroporto	airport	(cl:subst;masc;)/
afetar	affect	(cl:vb;)/
afiado	sharp	(cl:adj;)/
afundar	sink	(cl:vb;)/
agente	agent	(cl:subst;)/
agir	act	(cl:vb;)/
agora	by now	(cl:adv;)/		now	(cl:adv;)/		right now	(cl:adv;)/
agosto	August	(cl:subst;sing;)/(sing;)
agradar	please	(cl:vb;)/		please	(cl:vb;)/
agradecer	thank	(cl:vb;)/
agradecimento	thank	(cl:subst;masc;)/
agressivo	aggressive	(cl:adj;)/
agressão	aggression	(cl:subst;fem;)/
agricultura	agriculture	(cl:subst;fem;)/
agrupar	group	(cl:vb;)/
aguar	water	(cl:vb;)/		water	(cl:vb;)/
ainda	still	(cl:adv;)/		yet	(cl:adv;)/
ajuda	help	(cl:subst;)/		assistance	(cl:subst;fem;)/		aid	(cl:subst;fem;)/
ajudar	help	(cl:vb;)/		assist	(cl:vb;)/		aid	(cl:vb;)/
alcance	range	(cl:subst;)/
alcançar	reach	(cl:vb;)/		reach	(cl:vb;)/
aldeia	village	(cl:subst;fem;)/
alegrar	be happy	(cl:vb;)/
alegria	joy	(cl:subst;fem;)/
alemanha	Germany	(cl:pron;sing;)/(sing;)
alergia	allergy	(cl:subst;)/
alfândega	customs	(cl:subst;fem;)/(plu;)
algo	something	(cl:pron;sing;)/(sing;)
algodão	cotton	(cl:subst;masc;)/
algum	some	(cl:pron;)/		any	(cl:pron;sing;)/(sing;)
alguma coisa	something	(cl:pron;sing;)/(sing;)
alguém	someone	(cl:pron;sing;)/(sing;)		somebody	(cl:pron;sing;)/(sing;)
alho	garlic	(cl:subst;masc;)/
ali	there	(cl:adv;)/
alimentar	feed	(cl:vb;)/
alimento	feed	(cl:subst;masc;)/
alma	soul	(cl:subst;fem;)/
almanaque	almanac	(cl:subst;)/
almejar	long	(cl:vb;)/
almoço	lunch	(cl:subst;masc;)/
alojamento	lodging	(cl:subst;)/
altamente	highly	(cl:adv;)/
alternativa	alternative	(cl:adj/subst;)/
alto	high	(cl:adj/adv;)/
alto-falante	loudspeaker	(cl:subst;)/
altura	height	(cl:subst;fem;)/
alugar	rent	(cl:vb;)/		rent	(cl:vb;)/
aluguel	rental	(cl:subst;masc;)/
além	beyond	(cl:adv;)/		further	(cl:adv;)/
além disso	besides	(cl:adv;)/
alérgico	allergic	(cl:adj;)/
alívio	relief	(cl:subst;)/
amanhã	tomorrow	(cl:adv;)/
amar	love	(cl:vb;)/
amarelo	yellow	(cl:adj;)/
amargo	bitter	(cl:adj;)/
ambiente	environment	(cl:subst;)/
ambos	both	(cl:pron;plu;)/(plu;)		both	(cl:art;plu;)/(plu;)
ambulância	ambulance	(cl:subst;fem;)/
ameaça	threat	(cl:subst;fem;)/
americano	american	(cl:adj/subst;)/
amigo	friend	(cl:subst;)/
amor	love	(cl:subst;masc;)/
amostra	sample	(cl:subst;fem;)/
amável	kind	(cl:adj;)/
américa	America	(cl:subst;sing;fem;)/(sing;fem;)
andar	step	(cl:vb;)/		walk	(cl:vb;)/
anel	ring	(cl:subst;masc;)/
animal	animal	(cl:subst;masc;)/
animal de estimação	pet	(cl:subst;)/
animal macho	tom	(cl:subst;)/
aniversário	birthday	(cl:subst;masc;)/
anjo	angel	(cl:subst;masc;)/
ano	year	(cl:subst;masc;)/
anormal	abnormal	(cl:adj;)/
anotar	log	(cl:vb;)/
ansiedade	anxiety	(cl:subst;fem;)/
anterior	prior	(cl:adj;)/		former	(cl:adj;)/
antes	before	(cl:prep/adv;)/		prior	(cl:adv;)/
antes que	before	(cl:conj;)/
antibiótico	antibiotics	(cl:subst;)/
anticorpo	antibodies	(cl:subst;masc;)/
antigo	ancient	(cl:adj;)/		former	(cl:adj;)/
anual	annual	(cl:adj;)/
anunciar	announce	(cl:vb;)/
anônimo	anonymous	(cl:adj;)/
anúncio	announcement	(cl:subst;masc;)/		advertisement	(cl:subst;masc;)/		advertisement	(cl:subst;masc;)/
ao ar livre	outdoor	(cl:adj;)/
ao lado	nextdoor	(cl:prep;)/
ao lado de	next to	(cl:prep;)/
ao longo de	along	(cl:prep;)/
ao mesmo tempo	at the same time	(cl:adv;)/
ao redor	around	(cl:adv;)/
ao todo	at all	(cl:adv;)/
apagar	delete	(cl:vb;)/
aparar	trim	(cl:vb;)/
aparecer	appear	(cl:vb;)/
aparelho	device	(cl:subst;masc;)/
aparentemente	apparently	(cl:adv;)/
apartamento	apartment	(cl:subst;masc;)/
aperfeiçoamento	advanced training	(cl:subst;)/
apesar de	nevertheless	(cl:conj;)/
apesar disso	still	(cl:adv;)/
aplainar	plane	(cl:vb;)/
aplicar	apply	(cl:vb;)/
aplicação	application	(cl:subst;)/
apoiar	side	(cl:vb;)/		support	(cl:vb;)/
apoio	support	(cl:subst;masc;)/
apontar	point	(cl:vb;)/
aposta	bet	(cl:subst;fem;)/
apreciar	enjoy	(cl:vb;)/		enjoy	(cl:vb;)/
aprender	learn	(cl:vb;)/
apresentar	introduce	(cl:vb;)/		present	(cl:vb;)/
apropriado	appropriate	(cl:adj;)/		fit	(cl:adj;)/
aprovar	approve	(cl:vb;)/
aprovação	approval	(cl:subst;)/
aproximadamente	approximately	(cl:adv;)/
após	after	(cl:prep;)/
aquecer	heat	(cl:vb;)/
aquecimento	warmth	(cl:subst;masc;)/
aquele	that	(cl:pron;)/(plu:those)
aqui	here	(cl:adv;)/
ar	air	(cl:subst;masc;)/
arame	wire	(cl:subst;masc;)/
aranha	spider	(cl:subst;fem;)/
arbusto	bush	(cl:subst;masc;)/
arco íris	rainbow	(cl:subst;)/
areia	sand	(cl:subst;fem;)/
armazenar	store	(cl:vb;)/
armário	cupboard	(cl:subst;masc;)/
arqueólogo	archaeologist	(cl:subst;)/
arquivar	file	(cl:vb;)/
arquivo	file	(cl:subst;masc;)/
arranhar	scratch	(cl:vb;)/		claw	(cl:vb;)/
arranhão	scratch	(cl:subst;)/
arriscar	risk	(cl:vb;)/
arroz	rice	(cl:subst;incont)/(incont)
arrumar	arrange	(cl:vb;)/
arte	art	(cl:subst;fem;)/
artificial	artificial	(cl:adj;)/
artigo	article	(cl:subst;)/
arábia	Arabia	(cl:subst;)/
aspargo	asparagus	(cl:subst;masc;)/
assassino	murderer	(cl:subst;)/
assegurar	ensure	(cl:vb;)/
assento	seat	(cl:subst;masc;)/
assim	thus	(cl:adv;)/
assim que	as soon as	(cl:adv;)/
assinar	sign	(cl:vb;)/
assistir televisão	television	(cl:vb;)/
associar	associate	(cl:vb;)/
associação	association	(cl:subst;)/
assumir	assume	(cl:vb;)/
assunto	subject	(cl:subst;)/
atacar	attack	(cl:vb;)/
ataque	attack	(cl:subst;masc;)/		fit	(cl:subst;)/
atendimento	service	(cl:subst;masc;)/
atentamente	closely	(cl:adv;)/
atento	aware	(cl:adj;)/
atenção	attention	(cl:subst;fem;)/
atirar	shoot	(cl:vb;)/
atividade	activity	(cl:subst;)/		activity	(cl:subst;)/
ativo	active	(cl:adj;)/
ato	act	(cl:subst;masc;)/
ator	actor	(cl:subst;)/
atrasado	late	(cl:adj;)/
atraso	delay	(cl:subst;masc;)/
atravessar	cross	(cl:vb;)/
através	across	(cl:prep;)/
através de	past	(cl:prep;)/		through	(cl:prep;)/
atração	attraction	(cl:subst;)/
atribuir	refer	(cl:vb;)/		refer	(cl:vb;)/
atriz	actress	(cl:subst;fem;)/
atrás	ago	(cl:adv;)/		behind	(cl:prep/adv;)/		back	(cl:adv;)/
atual	current	(cl:adj;)/		actual	(cl:adj;)/
atualizar	update	(cl:vb;)/
atualmente	currently	(cl:adv;)/
atum	tuna	(cl:subst;masc;)/		tuna	(cl:subst;masc;)/
até	until	(cl:prep;)/		even	(cl:adv;)/
até aqui	so far	(cl:adv;)/
audiência	audience	(cl:subst;fem;)/
aumentar	increase	(cl:vb;)/
austrália	Australia	(cl:pron;sing;fem;)/(sing;fem;)
autismo	autism	(cl:subst;masc;)/
automaticamente	automatically	(cl:adv;)/
automóvel	auto	(cl:subst;masc;)/
autor	author	(cl:subst;)/
autoridade	authority	(cl:subst;fem;)/
autorização	authorization	(cl:subst;fem;)/
av.	ave.	(cl:subst;abrev;)/(abrev;)
avaliar	evaluate	(cl:vb;)/
ave	bird	(cl:subst;)/
avenida	avenue	(cl:subst;fem;)/
aventura	adventure	(cl:subst;fem;)/
aviação	aviation	(cl:subst;fem;)/
avião	plane	(cl:subst;masc;)/
avó	grandmother	(cl:subst;fem;)/
avô	grandfather	(cl:subst;masc;)/
azedo	sour	(cl:adj;)/
azeite	olive oil	(cl:subst;masc;)/
azul	blue	(cl:adj;)/
aço	steel	(cl:subst;masc;)/
ação	action	(cl:subst;fem;)/		share	(cl:subst;fem;)/
ação de graça	thanksgiving	(cl:subst;)/
açúcar	sugar	(cl:subst;masc;)/
aí	there	(cl:adv;)/
bacteriano	bacterial	(cl:adj;)/
bactéria	bacteria	(cl:subst;fem;)/(plu;)
baixo	low	(cl:adj/adv;)/
balançar	rock	(cl:vb;)/
balcão	counter	(cl:subst;masc;)/
baleia	whale	(cl:subst;fem;)/
banco	bank	(cl:subst;masc;)/
bandeira	flag	(cl:subst;fem;)/
banhar	bathe	(cl:vb;)/
banheiro	bathroom	(cl:subst;masc;)/
banho	bath	(cl:subst;masc;)/
bar	bar	(cl:subst;masc;)/
barata	cockroach	(cl:subst;fem;)/
barato	cheap	(cl:adj;)/
barca	ferry	(cl:subst;)/
barco	boat	(cl:subst;masc;)/
barrar	bar	(cl:vb;)/
barriga	belly	(cl:subst;fem;)/
barulhento	loud	(cl:adj;)/
base	base	(cl:subst;fem;)/		basis	(cl:subst;sing;)/(sing;)
bastante	enough	(cl:adj;)/(adv;)		plenty	(cl:adv;)/		enough	(cl:pron;sing;)/(sing;)
batata	potato	(cl:subst;fem;)/
bater	hit	(cl:vb;)/		pound	(cl:vb;)/
bateria	battery	(cl:subst;fem;)/
baía	bay	(cl:subst;fem;)/
beber	drink	(cl:vb;)/
bebida	drink	(cl:subst;fem;)/
bebê	baby	(cl:subst;)/
beijo	kiss	(cl:subst;masc;)/
beleza	beauty	(cl:subst;fem;)/
belo	beautiful	(cl:adj;)/
bem	quite	(cl:adv;)/		well	(cl:adv;)/		good	(cl:subst;)/
bem estar	welfare	(cl:subst;)/
beneficiar	benefit	(cl:vb;)/		benefit	(cl:vb;)/
benefício	benefit	(cl:subst;masc;)/
beringela	eggplant	(cl:subst;fem;)/
besouro	beetle	(cl:subst;masc;)/
bexiga	bladder	(cl:subst;fem;)/
biblioteca	library	(cl:subst;fem;)/
bicicleta	bicycle	(cl:subst;fem;)/
bilhão	billion	(cl:num;plu;)/(plu;)
bilíngue	bilingual	(cl:adj;)/
biologia	biology	(cl:subst;fem;)/
bisavó	great-grandmother	(cl:subst;fem;)/
bisneto	great-grandson	(cl:subst;)/
boca	mouth	(cl:subst;fem;)/
bola	ball	(cl:subst;fem;)/
boletim	bulletin	(cl:subst;)/
bolo	cake	(cl:subst;masc;)/
bolsa	bag	(cl:subst;fem;)/
bom	good	(cl:adj;)/
bonito	beautiful	(cl:adj;)/
borboleta	butterfly	(cl:subst;fem;)/
borda	border	(cl:subst;fem;)/		edge	(cl:subst;fem;)/
bordo	maple	(cl:subst;)/
borrifar	spray	(cl:vb;)/
botão	button	(cl:subst;masc;)/
branco	white	(cl:adj;)/
branqueamento	bleach	(cl:subst;)/
branquear	bleach	(cl:vb;)/
bravio	feral	(cl:adj;)/
braço	arm	(cl:subst;masc;)/
bretanha	Britain	(cl:pron;sing;)/(sing;)
briga	fight	(cl:subst;)/
brigada de incêndio	fire brigade	(cl:subst;)/
brilhante	bright	(cl:adj;)/
brilhar	shine	(cl:vb;)/
brim	jean	(cl:subst;)/
brincar	play	(cl:vb;)/
brinquedo	toy	(cl:subst;masc;)/
britânico	british	(cl:adj/subst;)/
buraco	hole	(cl:subst;masc;)/
burro	donkey	(cl:subst;masc;)/
busca	search	(cl:subst;fem;)/
buscar	look for	(cl:vb;)/
básico	basic	(cl:adj;)/
búlgaro	bulgarian	(cl:adj/subst;)/
cabelo	hair	(cl:subst;masc;)/
caber	fit	(cl:vb;)/
cabeça	head	(cl:subst;fem;)/
cabo	cable	(cl:subst;masc;)/
cabra	goat	(cl:subst;fem;)/
cacho	vine	(cl:subst;masc;)/
cachorro	dog	(cl:subst;masc;)/
cada	each	(cl:art;sing;)/(sing;)
cada um	each	(cl:pron;sing;)/(sing;)		either	(cl:pron;sing;)/(sing;)
cadeia	jail	(cl:subst;fem;)/
cadeira	chair	(cl:subst;fem;)/
cadeira de rodas	wheelchair	(cl:subst;)/
café	coffee	(cl:subst;masc;)/
caimento	fit	(cl:subst;sing;)/(sing;)
cair	fall	(cl:vb;)/
caixa	box	(cl:subst;fem;)/		cashier	(cl:subst;)/
caixa de correio	mailbox	(cl:subst;)/
caixa eletrônico	ATM	(cl:subst;)/
calcanhar	heel	(cl:subst;masc;)/
calcular	calculate	(cl:vb;)/
calmo	calm	(cl:adj;)/
calor	heat	(cl:subst;masc;)/
cama	bed	(cl:subst;fem;)/
camarão	shrimp	(cl:subst;fem;)/
caminhar	walk	(cl:vb;)/		hike	(cl:vb;)/
caminho	way	(cl:subst;masc;)/		path	(cl:subst;masc;)/
campainha	bell	(cl:subst;fem;)/
campanha	campaign	(cl:subst;)/
campo	field	(cl:subst;masc;)/
campo de batalha	battlefield	(cl:subst;)/
camundongo	mouse	(cl:subst;masc;)/
canadense	canadian	(cl:adj/subst;)/
cancelar	cancel	(cl:vb;)/
caneta	pen	(cl:subst;fem;)/
canil	kennel	(cl:subst;)/
cansado	tired	(cl:adj;)/
cantar	sing	(cl:vb;)/
canto	corner	(cl:subst;)/
canção	song	(cl:subst;fem;)/
capacidade	ability	(cl:subst;fem;)/
capaz	able	(cl:adj;)/
capela	chapel	(cl:subst;fem;)/
capital	capital	(cl:subst;fem;)/		capital	(cl:adj;)/
característica	trait	(cl:subst;fem;)/
características	features	(cl:subst;fem;plu;)/(plu)
carne	meat	(cl:subst;fem;)/
carne de boi	beef	(cl:subst;fem;)/
carne de cordeiro	lamb	(cl:subst;)/
carne de frango	chicken	(cl:subst;)/
carne de porco	pork	(cl:subst;)/
carneiro	sheep	(cl:subst;masc;)/
caro	expensive	(cl:adj;)/
carro	car	(cl:subst;masc;)/
carro de aluguel	rental car	(cl:subst;)/
carta	letter	(cl:subst;fem;)/
carta patente	charter	(cl:subst;)/
cartão	card	(cl:subst;masc;)/
cartão postal	postcard	(cl:subst;)/
carvão	carbon	(cl:subst;masc;)/
caráter	character	(cl:subst;masc;)/
casa	house	(cl:subst;fem;)/(fem;)		household	(cl:subst;fem;)/
casaco	coat	(cl:subst;masc;)/
casado	married	(cl:adj;)/
casar	marry	(cl:vb;)/
caso	case	(cl:subst;masc;)/
caso contrário	otherwise	(cl:conj;)/
castelo	castle	(cl:subst;masc;)/
castração	neutering	(cl:vb;)/
categoria	category	(cl:subst;fem;)/
católico	catholic	(cl:adj;)/
cauda	tail	(cl:subst;fem;)/
causa	cause	(cl:subst;fem;)/
causar	cause	(cl:vb;)/
cavalariço	groom	(cl:subst;)/
cavaleiro	knight	(cl:subst;masc;)/
cavalheiro	gentleman	(cl:subst;masc;)/
cavalo	horse	(cl:subst;masc;)/
cebola	onion	(cl:subst;fem;)/
cedo	early	(cl:adj/adv;)/
cego	blind	(cl:adj;cl:subst;)/
celebrar	celebrate	(cl:vb;)/
celular	cellular	(cl:adj;)/		cellphone	(cl:subst;)/
cem	hundred	(cl:num)/(cl:num)
cenoura	carrot	(cl:subst;fem;)/
censo	census	(cl:subst;masc;)/
cento e um	one hundred and one	(cl:num)/(cl:num)
central	central	(cl:adj/subst;)/
centro	center	(cl:subst;masc;)/		center	(cl:subst;masc;)/
centro da cidade	downtown	(cl:subst;)/
centro de compras	mall	(cl:subst;)/
cerca	fence	(cl:subst;fem;)/
cereal	cereal	(cl:subst;)/
certamente	certainly	(cl:adv;)/		surely	(cl:adv;)/
certificado	certificate	(cl:subst;masc;)/
certo	sure	(cl:adj;)/		right	(cl:adj;)/		certain	(cl:adj;)/
cerveja	beer	(cl:subst;fem;)/
cervo	deer	(cl:subst;)/
chamado	call	(cl:subst;)/
chamar	call	(cl:vb;)/		called	(cl:vb;reflex;)/(be ~;)		name	(cl:vb;)/
chance	chance	(cl:subst;)/
chapéu	hat	(cl:subst;masc;)/
chave	key	(cl:subst;fem;)/
chefe	boss	(cl:adj;)/		chief	(cl:subst;masc;)/
chefia	leadership	(cl:subst;)/
chegar	reach	(cl:vb;)/
cheio	full	(cl:adj;)/
cheiro	smell	(cl:subst;masc;)/
cheque	cheque	(cl:subst;masc;)/
chifre	horn	(cl:subst;masc;)/
chimpanzé	ape	(cl:subst;)/
chocolate	chocolate	(cl:subst;masc;)/
chover	rain	(cl:vb;)/
chumbo	lead	(cl:subst;masc;)/
chutar	kick	(cl:vb;)/
chuva	rain	(cl:subst;fem;)/
chá	tea	(cl:subst;masc;)/
cidadania	citizenship	(cl:subst;fem;)/
cidade	city	(cl:subst;fem;)/		town	(cl:subst;fem;)/
cidadão	citizen	(cl:subst;)/
cientista	scientist	(cl:subst;)/		scientist	(cl:subst;)/
científico	scientific	(cl:adj;)/
cigarro	cigarette	(cl:subst;masc;)/
cinco	five	(cl:num;plu;)/(plu;)
cinema	cinema	(cl:subst;masc;)/
cinquenta	fifty	(cl:num)/(cl:num)
cinza	gray	(cl:adj/subst;)/
cinzas	ashes	(cl:subst;plu;)/(plu;)
cinzento	grey	(cl:adj/subst;)/
circunferência	circumference	(cl:subst;fem;)/
circunstâncias	circumstances	(cl:subst;plu)/(plu)
cirurgia	surgery	(cl:subst;fem;)/
cisne	swan	(cl:subst;)/
citar	quote	(cl:vb;)/
civil	civilian	(cl:adj/subst;)/
ciência	science	(cl:subst;fem;)/
clara	white	(cl:subst;de ovo;)/
claramente	clearly	(cl:adv;)/
clarear	clear	(cl:vb;)/
claro	clear	(cl:adj;)/		unambiguous	(cl:adj;)/
classe	class	(cl:subst;fem;)/		sort	(cl:subst;)/
classificar	sort	(cl:vb;)/
cliente	client	(cl:subst;)/
clima	climate	(cl:subst;)/
clube	club	(cl:subst;)/
cláusula	clause	(cl:subst;fem;)/
clínica	clinic	(cl:subst;fem;)/
clínico	clinical	(cl:adj;)/
coberta	cover	(cl:subst;fem;)/
cobertura	cover	(cl:subst;)/
cobra	snake	(cl:subst;fem;)/
cobre	copper	(cl:subst;masc;)/
cobrir	cover	(cl:vb;)/
codificar	code	(cl:vb;)/
coelho	rabbit	(cl:subst;)/
cogumelo	mushroom	(cl:subst;masc;)/
coisa	thing	(cl:subst;)/		stuff	(cl:subst;)/		matter	(cl:subst;)/
colaboração	collaboration	(cl:subst;)/
colapso	breakdown	(cl:subst;)/
colarinho	collar	(cl:subst;masc;)/
colecionar	collect	(cl:vb;)/
colega	colleague	(cl:subst;)/
colega de trabalho	colleague	(cl:subst;)/
coletivo	collective	(cl:adj/subst;)/
coleção	collection	(cl:subst;fem;)/
colheita	harvest	(cl:subst;fem;)/
colher	harvest	(cl:vb;)/		spoon	(cl:subst;fem;)/
colina	hill	(cl:subst;)/
colocar	put	(cl:vb;)/		place	(cl:vb;)/		place	(cl:vb;)/
colocar no ar	air	(cl:vb;)/
colorido	colorful	(cl:adj;)/
colorir	color	(cl:vb;)/
coluna	column	(cl:subst;fem;)/
colônia	colony	(cl:subst;fem;)/
com	with	(cl:prep;)/
com isso	with that	(cl:adv;)/
com o que	with what	/
comemorativo	memorial	(cl:adj;)/
comer	eat	(cl:vb;)/
comercial	commercial	(cl:adj/subst;)/
comerciar	trade	(cl:vb;)/
começar	begin	(cl:vb;)/
começo	beginning	(cl:subst;masc;)/		start	(cl:subst;masc;)/
comida	food	(cl:subst;fem;)/
comissão	commission	(cl:subst;)/
comitê	committee	(cl:subst;)/
como	as	(cl:conj/prep;)/		how	(cl:adv;)/		how	(cl:conj;)/		like	(cl:conj;)/		like	(cl:prep;)/
como?	sorry	(cl:interj;)/
companhia	company	(cl:subst;fem;)/
comparar	compare	(cl:vb;)/
compartilhar	share	(cl:vb;)/
competição	competition	(cl:subst;fem;)/
completamente	fully	(cl:adv;)/		entirely	(cl:adv;)/		completely	(cl:adv;)/		completely	(cl:adv;)/
completar	complete	(cl:vb;)/
completo	complete	(cl:adj;)/
complexo	complex	(cl:adj;)/		complex	(cl:subst;)/
comportamento	behavior	(cl:subst;masc;)/
compota	preserve	(cl:subst;)/
comprador	buyer	(cl:subst;)/
comprar	buy	(cl:vb;)/
compreensivo	understanding	(cl:adj;)/
compreensão	understanding	(cl:subst;)/
comprimento	length	(cl:subst;)/
comprometido	committed	(cl:adj;)/
compromisso	appointment	(cl:subst;masc;)/
computador	computer	(cl:subst;masc;)/
comum	common	(cl:adj;)/
comumente	commonly	(cl:adv;)/
comunicação	communication	(cl:subst;fem;)/
comunidade	community	(cl:subst;fem;)/
comunista	communist	(cl:adj/subst;)/
comutador	switch	(cl:subst;masc;)/
comércio	trade	(cl:subst;masc;)/
conceder	grant	(cl:vb;)/
conceito	concept	(cl:subst;masc;)/
concreto	concrete	(cl:subst;masc;)/		concrete	(cl:adj;)/
condição	condition	(cl:subst;fem;)/
conduzir	lead	(cl:vb;)/		conduct	(cl:vb;)/		ride	(cl:vb;)/		drive	(cl:vb;)/
conexão	connection	(cl:subst;fem;)/
confederação	confederation	(cl:subst;)/
conferir	check	(cl:vb;)/
conferência	lecture	(cl:subst;)/
confirmar	confirm	(cl:vb;)/
confirmação	confirmation	(cl:subst;fem;)/
conflito	conflict	(cl:subst;masc;)/
conforme	according to	(cl:adv;)/
confortável	comfortable	(cl:adj;)/
congresso	congress	(cl:subst;masc;)/
conhecer	know	(cl:vb;)/
conhecido	known	(cl:adj;)/
conhecimento	knowledge	(cl:subst;masc;)/
conjunto	joint	(cl:adj;)/
conselho	council	(cl:subst;masc;)/		advice	(cl:subst;masc;)/		tip	(cl:subst;)/
conservador	conservative	(cl:adj;)/		conservative	(cl:subst;)/
considerar	consider	(cl:vb;)/		account	(cl:vb;)/		regard	(cl:vb;)/
consideração	regard	(cl:subst;)/
consistir	consist	(cl:vb;)/
constantemente	constantly	(cl:adv;)/
constitucional	constitutional	(cl:adj;)/
constituição	constitution	(cl:subst;fem;)/
construir	build	(cl:vb;)/
construção	building	(cl:subst;fem;)/		construction	(cl:subst;fem;)/
consulado	consulate	(cl:subst;masc;)/
consulta	consultation	(cl:subst;fem;)/
consultar	consult	(cl:vb;)/
consultório	practice	(cl:subst;)/
consumidor	consumer	(cl:subst;)/
conta	account	(cl:subst;fem;)/		bill	(cl:subst;fem;)/		bill	(cl:subst;fem;)/
contagioso	infectious	(cl:adj;)/
contar	count	(cl:vb;)/		count	(cl:vb;)/		tell	(cl:vb;)/
contato	contact	(cl:subst;masc;)/
conter	contain	(cl:vb;)/
continuar	continue	(cl:vb;)/
contra	against	(cl:prep;)/
contratar	contract	(cl:vb;)/		hire	(cl:vb;)/
contrato	contract	(cl:subst;masc;)/
contribuição	contribution	(cl:subst;fem;)/
controlar	control	(cl:vb;)/
controle	control	(cl:subst;masc;)/
contudo	yet	(cl:conj;)/
conveniente	convenient	(cl:adj;)/
convenção	convention	(cl:subst;fem;)/
conversa	conversation	(cl:subst;fem;)/		talk	(cl:subst;)/
convite	invitation	(cl:subst;masc;)/
convés	deck	(cl:subst;masc;)/
copiar	copy	(cl:vb;)/
copo	glass	(cl:subst;masc;)/
cor	color	(cl:subst;fem;)/
cor de laranja	orange	(cl:adj;)/
corajoso	brave	(cl:adj;)/
coração	heart	(cl:subst;masc;)/
corda	cord	(cl:subst;fem;)/		rope	(cl:subst;fem;)/
cordeiro	lamb	(cl:subst;masc;)/
corpo	body	(cl:subst;masc;)/
corporação	corporation	(cl:subst;fem;)/
correio	mail	(cl:subst;masc;)/
corrente	chain	(cl:subst;fem;)/		current	(cl:subst;fem;)/
correr	run	(cl:vb;)/		run	(cl:vb;)/
corretamente	properly	(cl:adv;)/
correto	correct	(cl:adj;)/
correção	correction	(cl:subst;fem;)/
corrigir	correct	(cl:vb;)/
cortar	cut	(cl:vb;)/
corte	cut	(cl:subst;masc;)/
coruja	owl	(cl:subst;fem;)/
corvo	raven	(cl:subst;masc;)/
costa	coast	(cl:subst;fem;)/
costas	back	(cl:subst;fem;plu;)/
costume	custom	(cl:subst;masc;)/
cotovelo	elbow	(cl:subst;masc;)/
couro	leather	(cl:subst;masc;)/
coxa	thigh	(cl:subst;fem;)/
cozinha	kitchen	(cl:subst;)/
cozinhar	cook	(cl:vb;)/
cozinheiro	chef	(cl:subst;)/
creditar	credit	(cl:vb;)/
creme	cream	(cl:subst;masc;)/
crescer	grow	(cl:vb;)/
crescimento	growth	(cl:subst;masc;)/
criador	breeder	(cl:subst;)/
criança	child	(cl:subst;fem;)/(sing;plu:children)
criar	create	(cl:vb;)/
criação	creation	(cl:subst;fem;)/
cristão	christian	(cl:adj;)/		christian	(cl:subst;)/
critério	criteria	(cl:subst;plu;)/(plu;)
cronometrar	time	(cl:vb;)/
cru	raw	(cl:adj;)/
cruz	cross	(cl:subst;fem;)/
cruzar	cross	(cl:vb;)/
crédito	credit	(cl:subst;masc;)/
cuidado	care	(cl:subst;masc;)/
cuidadosamente	carefully	(cl:adv;)/
cuidar	care	(cl:vb;)/		care	(cl:vb;)/
cujo	whose	(cl:pron;)/
cultivar	cultivate	(cl:vb;)/
cultura	culture	(cl:subst;fem;)/
cume	summit	(cl:subst;masc;)/
curso	course	(cl:subst;)/		course	(cl:subst;)/
curto	short	(cl:adj;)/
custar	cost	(cl:vb;)/
custo	cost	(cl:subst;masc;)/
câncer	cancer	(cl:subst;masc;)/
célula	cell	(cl:subst;)/
cérebro	brain	(cl:subst;masc;)/
céu	sky	(cl:subst;masc;)/
círculo	circle	(cl:subst;masc;)/
código	code	(cl:subst;masc;)/
código postal	postcode	(cl:subst;)/
cópia	copy	(cl:subst;fem;)/
dado que	provided	(cl:conj;)/
dados	data	(cl:subst;plu;)/(plu;)		dice	(cl:subst;plu;)/(plu;)
danificar	damage	(cl:vb;)/
dano	damage	(cl:subst;masc;)/
dança	dance	(cl:subst;fem;)/
dançar	dance	(cl:vb;)/
dar	give	(cl:vb;)/
data	date	(cl:subst;fem;)/
daí	hence	(cl:adv;)/
de	of	(cl:prep;)/		from	(cl:prep;)/
de algum modo	somehow	(cl:pron;sing;)/(sing;)
de dieta	dietary	(cl:adj;)/
de modo quente	hot	(cl:adv;)/
de nada	you are welcome	/
de onde	from where	/
de outra maneira	otherwise	(cl:adv;)/		otherwise	(cl:adv;)/
de que modo	how	(cl:adv;)/
de quem	whose	(cl:pron;)/
de vez em quando	once in a while	/
debaixo	under	(cl:adv;)/
decidir	decide	(cl:vb;)/
declarar	state	(cl:vb;)/		declare	(cl:vb;)/
declaração	statement	(cl:subst;fem;)/
dedo	finger	(cl:subst;masc;)/		toe	(cl:subst;~ do pé;)/
defesa	defense	(cl:subst;fem;)/
definir	define	(cl:vb;)/
deitar	lay	(cl:vb;)/		lie	(cl:vb;)/
deixar	leave	(cl:vb;)/		let	(cl:vb;)/
dele	his	(cl:pron;)/
demais	too	(cl:adv;)/
demanda	demand	(cl:subst;fem;)/
demitir	fire	(cl:vb;)/
democrático	democratic	(cl:adj;)/
demonstração	show	(cl:subst;fem;)/
demorar	last	(cl:vb;)/
denso	dense	(cl:adj;)/
dental	dental	(cl:adj;)/
dente	tooth	(cl:subst;masc;)/(plu:teeth;)
dentro	within	(cl:adv;)/		indoors	(cl:adv;)/		in	(cl:prep;)/		in	(cl:adv;)/		inside	(cl:adv;)/
dentro de	within	(cl:prep;)/
departamento	department	(cl:subst;)/		department	(cl:subst;)/
dependente	dependent	(cl:adj;)/
depender	depend	(cl:vb;)/
depois	after	(cl:adv;)/		after	(cl:conj;)/
depositar	deposit	(cl:vb;)/
depósito	deposit	(cl:subst;masc;)/
derramar	pour	(cl:vb;)/
desarmado	unarmed	(cl:adj;)/
descansar	rest	(cl:vb;)/
descanso	rest	(cl:subst;masc;)/
descobrir	discover	(cl:vb;)/		find out	(cl:vb;)/
desconhecido	unknown	(cl:adj;)/
descontar	cash	(cl:vb;)/
descrever	describe	(cl:vb;)/
descrição	description	(cl:subst;fem;)/
desculpe-me	sorry	(cl:interj;)/
desde	since	(cl:prep/adv/conj;)/
desejar	wish	(cl:vb;)/
desejo	wish	(cl:subst;masc;)/
desembarcar	land	(cl:vb;)/
desempenho	performance	(cl:subst;)/
desencorajar	discourage	(cl:vb;)/
desenvolvedor	developer	(cl:subst;)/
desenvolver	develop	(cl:vb;)/
desenvolvimento	development	(cl:subst;masc;)/
deserto	desert	(cl:subst;masc;)/
designar	designate	(cl:vb;)/		appoint	(cl:vb;)/
desistir	give up	(cl:vb;)/
desjejum	breakfast	(cl:subst;masc;)/
desligado	off	(cl:adj;)/
desordem	disorder	(cl:subst;fem;)/
desperdiçar	waste	(cl:vb;)/
desperdício	waste	(cl:subst;)/
despesa	expenses	(cl:subst;fem;)/(plu;)
destinar	appropriate	(cl:vb;)/
destino	destination	(cl:subst;)/		destiny	(cl:subst;masc;)/
destruição	destruction	(cl:subst;fem;)/
detalhado	detailed	(cl:adj;)/
detalhe	detail	(cl:subst;masc;)/
determinar	determine	(cl:vb;)/		determine	(cl:vb;)/
determinação	determination	(cl:subst;)/
deus	god	(cl:subst;)/
devagar	slow	(cl:adj;)/
dever	should	(cl:vb;)/		must	(cl:vb;)/		shall	(cl:vb;)/
devido	due	(cl:adj;)/
devorar	devour	(cl:vb;)/
dez	ten	(cl:num;plu;)/(plu;)
dezembro	December	(cl:subst;sing;)/(sing;)
dia	day	(cl:subst;masc;)/
diabetes	diabetes	(cl:subst;)/
diagnóstico	diagnosis	(cl:subst;masc;)/
diariamente	daily	(cl:adv;)/
diarréia	diarrhoea	(cl:subst;fem;)/
dicionário	dictionary	(cl:subst;masc;)/
dieta	diet	(cl:subst;fem;)/		nutrition	(cl:subst;fem;)/
diferente	different	(cl:adj;)/		different	(cl:adj;)/
diferença	difference	(cl:subst;fem;)/
difícil	difficult	(cl:adj;)/
digitar	type	(cl:vb;)/
digno de	worth	(cl:adj;)/
diminuir	decrease	(cl:vb;)/
diminuição	decrease	(cl:subst;)/
diminuto	tiny	(cl:adj;)/
dinheiro	money	(cl:subst;masc;)/		cash	(cl:subst;)/
direito	right	(cl:subst;)/		due	(cl:subst;)/
direito autoral	copyright	(cl:subst;)/
diretamente	directly	(cl:adv;)/
direto	through	(cl:adj;)/		direct	(cl:adj;)/
diretor	director	(cl:subst;)/
diretório	directory	(cl:subst;masc;)/
direção	direction	(cl:subst;fem;)/		direction	(cl:subst;fem;)/
dirigir	drive	(cl:vb;)/		direct	(cl:vb;)/
discar	dial	(cl:vb;)/
disciplina	discipline	(cl:subst;fem;)/
disco rígido	hard disk	(cl:subst;masc;)/
discursar	lecture	(cl:vb;)/
discutir	discuss	(cl:vb;)/
disponível	available	(cl:adj;)/
disposto	willing	(cl:adj;)/
distante	far	(cl:adj;)/
distribuir	distribute	(cl:vb;)/
distrito	district	(cl:subst;masc;)/
distância	distance	(cl:subst;fem;)/
diversão	fun	(cl:subst;fem;)/
divertido	fun	(cl:adj;)/
dividido	divided	(cl:adj;)/
dividir	divide	(cl:vb;)/
divino	divine	(cl:adj;)/
dizer	say	(cl:vb;)/		tell	(cl:vb;)/		tell	(cl:vb;)/
diário	daily	(cl:adj;)/		journal	(cl:subst;)/
do oeste	western	(cl:adj;)/
do sul	southern	(cl:adj;)/
doce	sweet	(cl:adj;)/
documentar	document	(cl:vb;)/
documento	document	(cl:subst;masc;)/
doente	sick	(cl:adj;)/
doença	disease	(cl:subst;fem;)/		sickness	(cl:subst;fem;)/
dois	two	(cl:num)/(cl:num)
dom	don	(cl:subst;)/
domiciliar	house	(cl:adj;)/
dominante	dominant	(cl:adj;)/
dominar	master	(cl:vb;)/
domingo	Sunday	(cl:subst;)/
doméstico	domestic	(cl:adj;)/
domínio	dominion	(cl:subst;)/
dor	pain	(cl:subst;fem;)/
dormir	sleep	(cl:vb;)/
dosagem	dosage	(cl:subst;)/
dose	dose	(cl:subst;fem;)/
doze	twelve	(cl:num)/(cl:num)
dr	dr	(cl:abbrev;)/
droga	drug	(cl:subst;fem;)/
dual	dual	(cl:adj;)/
duas vezes	twice	(cl:adv;)/
durante	during	(cl:prep;)/
durar	last	(cl:vb;)/
duração	duration	(cl:subst;)/
duro	hard	(cl:adj;)/
dólar	dollar	(cl:subst;masc;)/
dúvida	doubt	(cl:subst;fem;)/
dúzia	dozen	(cl:subst;fem;)/
e	and	(cl:conj;)/
economia	economy	(cl:subst;fem;)/		economics	(cl:subst;)/(plu;)
economizar	save	(cl:vb;)/
econômico	economic	(cl:adj;)/
editora	publisher	(cl:subst;)/
edição	edition	(cl:subst;fem;)/
educacional	educational	(cl:adj;)/
educação	education	(cl:subst;fem;)/		education	(cl:subst;fem;)/
efeito	effect	(cl:subst;masc;)/		effect	(cl:subst;masc;)/
eficaz	effective	(cl:adj;)/
ela	she	(cl:pron;sing;fem;)/(sing;fem;)		her	(cl:pron;sing;fem;)/(sing;fem;)
ele	it	(cl:pron;sing;)/(sing;)		he	(cl:pron;sing;masc;)/(sing;masc;)		him	(cl:pron;sing;masc;)/(sing;masc;)
ele mesmo	himself	(cl:pron;sing;masc;)/(sing;masc;)
eleger	elect	(cl:vb;)/
elegível	eligible	(cl:adj;)/
eleição	election	(cl:subst;fem;)/
eles	they	(cl:pron;plu;)/(plu;)		them	(cl:pron;plu;)/(plu;)
eletricidade	electricity	(cl:subst;fem;)/
eletrônico	electronic	(cl:adj;)/
elevador	lift	(cl:subst;masc;)/
eliminar	eliminate	(cl:vb;)/
eliminação	elimination	(cl:subst;)/
elétrico	electrical	(cl:adj;)/
em	in	(cl:prep;)/		on	(cl:prep;)/		at	(cl:prep;)/		into	(cl:prep;)/
em algum lugar	somewhere	(cl:pron;sing;)/
em algum momento	sometime	/
em cima	upstairs	(cl:adv)/(cl:adv)
em geral	generally	(cl:adv;)/
em toda parte	everywhere	(cl:adv;)/
em todo caso	in any case	(cl:adv;)/
em torno	around	(cl:prep;)/
em vez de	instead	(cl:adv;)/
embaixada	embassy	(cl:subst;fem;)/
embaixo de	under	(cl:prep;)/
embarcar	board	(cl:vb;)/		board	(cl:vb;)/
embora	though	(cl:conj;)/		although	(cl:conj;)/
emergência	emergency	(cl:subst;fem;)/
emissão	issue	(cl:subst;fem;)/		emission	(cl:subst;fem;)/
emitir	issue	(cl:vb;)/
emplastro	Band-aid	(cl:subst;masc;)/
empregado	employee	(cl:subst;)/
empregador	employer	(cl:subst;)/
emprego	employment	(cl:subst;masc;)/
encadear	network	(cl:vb;)/
encarar	face	(cl:vb;)/
encenar	stage	(cl:vb;)/
encher	stuff	(cl:vb;)/		fill	(cl:vb;)/
encomenda	errand	(cl:subst;)/
encomendar	order	(cl:vb;)/
encontrar	meet	(cl:vb;refl;)/
endereçar	address	(cl:vb;)/
endereço	address	(cl:subst;masc;)/
energia	energy	(cl:subst;fem;)/
enfatizar	stress	(cl:vb;)/
engenharia	engineering	(cl:subst;fem;)/
engenheiro	engineer	(cl:subst;)/
engraçado	funny	(cl:adj;)/
enlatado	canned	(cl:adj;)/
enquanto	while	(cl:conj;)/		as long as	(cl:conj;)/
ensinar	teach	(cl:vb;)/
ensopar	soak	(cl:vb;)/
entender	understand	(cl:vb;)/
entrada	entry	(cl:subst;fem;)/		intake	(cl:subst;)/
entrar	enter	(cl:vb;)/
entre	between	(cl:prep;)/		among	(cl:prep;)/
entrega	edition	(cl:subst;)/
entregar	hand	(cl:vb;)/		hand in	(cl:vb;)/
entretenimento	entertainment	(cl:subst;masc;)/
entusiasmado	excited	(cl:adj;)/
então	then	(cl:adv/conj;)/		back then	(cl:adv;)/		now	(cl:adv;)/		so	(cl:conj;)/
envelhecer	age	(cl:vb;)/
envenenar	poison	(cl:vb;)/
enviar	send	(cl:vb;)/		ship	(cl:vb;)/		send	(cl:vb;)/
envolver	involve	(cl:vb;)/
equilíbrio	balance	(cl:subst;masc;)/
equipamento	equipment	(cl:subst;masc;)/		equipment	(cl:subst;)/
equipe	team	(cl:subst;fem;)/
errado	wrong	(cl:adj;)/
errar	err	(cl:vb;)/
escada	ladder	(cl:subst;fem;)/		stair	(cl:subst;fem;)/
escala	scale	(cl:subst;fem;)/
escalar	scale	(cl:vb;)/
escama	scale	(cl:subst;fem;)/
escapar	escape	(cl:vb;)/
escasso	scarce	(cl:adj;)/
escola	school	(cl:subst;fem;)/
escola fundamental	elementary school	(cl:subst;fem;)/
escolha	choice	(cl:subst;fem;)/
escolher	pick	(cl:vb;)/		choose	(cl:vb;)/
esconder	hide	(cl:vb;)/
escova	brush	(cl:subst;fem;)/
escova de dentes	toothbrush	(cl:subst;)/
escravo	slave	(cl:subst;)/
escrever	write	(cl:vb;)/
escrita	writing	(cl:subst;)/
escritor	writer	(cl:subst;)/
escritório	office	(cl:subst;)/
escultura	sculpture	(cl:subst;fem;)/
escuridão	darkness	(cl:subst;fem;sing;)/(sing;)
escuro	dark	(cl:adj;)/
escutar	listen	(cl:vb;)/
esforço	effort	(cl:subst;masc;)/
espalhar	spread	(cl:vb;)/
espanha	Spain	(cl:subst;)/
espanhol	spanish	(cl:subst;)/
espaço	space	(cl:subst;masc;)/		room	(cl:subst;)/
especial	special	(cl:adj;)/
especialidade	specialty	(cl:subst;)/
especialista	expert	(cl:subst;)/
especialmente	especially	(cl:adv;)/
específico	specific	(cl:adj;)/
espelho	mirror	(cl:subst;masc;)/
esperança	hope	(cl:subst;fem;)/
esperar	wait	(cl:vb;)/		expect	(cl:vb;)/		hope	(cl:vb;)/		hope	(cl:vb;ter esperança)/
esperto	smart	(cl:adj;)/
espinafre	spinach	(cl:subst;masc;)/
espinho	thorn	(cl:subst;)/
espiritual	spiritual	(cl:adj;)/
esplendor	bright	(cl:subst;)/
esporte	sport	(cl:subst;)/
esposa	wife	(cl:subst;fem;)/
espécie	species	(cl:subst;fem;)/
espírito	spirit	(cl:subst;)/		ghost	(cl:subst;)/
esquentar	warm	(cl:vb;)/
esquerda	left	(cl:subst;fem;)/
esquerdo	left	(cl:adj;)/
esquilo	squirrel	(cl:subst;masc;)/
esquina	corner	(cl:subst;fem;)/
esquisito	funny	(cl:adj;)/
essencial	essential	(cl:adj;)/
est	rd	(cl:abbrev;)/
estabelecer	establish	(cl:vb;)/
estacionar	park	(cl:vb;)/
estado	state	(cl:subst;)/
estar	be	(cl:vb;)/
estatística	statistics	(cl:subst;fem;)/
estação	station	(cl:subst;fem;)/		season	(cl:subst;do ano;)/		season	(cl:subst;do ano;)/
estação de trem	train station	(cl:subst;)/
este	this	(cl:pron;)/(plu:these;)
estender	extend	(cl:vb;)/
esticar	stretch	(cl:vb;)/
estrada	road	(cl:subst;fem;)/
estrada de rodagem	highway	(cl:subst;fem;)/
estrangeiro	foreign	(cl:adj;)/
estranho	strange	(cl:adj;)/
estrela	star	(cl:subst;fem;)/
estresse	stress	(cl:subst;masc;)/
estrutura	structure	(cl:subst;fem;)/
estudante	student	(cl:subst;)/
estudar	study	(cl:vb;)/
estudo	study	(cl:subst;masc;)/
estátua	statue	(cl:subst;fem;)/
estômago	stomach	(cl:subst;masc;)/
estúpido	dumb	(cl:adj;)/
etc	etc	(cl:subst;)/
etiquetar	tag	(cl:vb;)/
eu	I	(cl:pron;sing;)/(sing;)
eua	USA	(cl:pron;sing;)/(sing;)
europa	Europe	(cl:pron;sing;)/(sing;)
europeu	european	(cl:adj/subst;)/
evento	event	(cl:subst;masc;)/
evidente	distinct	(cl:adj;)/
evidentemente	obviously	(cl:adv;)/
evidência	evidence	(cl:subst;)/
evitar	avoid	(cl:vb;)/
exame	exam	(cl:subst;masc;)/
examinar	examine	(cl:vb;)/		survey	(cl:vb;)/
exatamente	exactly	(cl:adv;)/
exato	exact	(cl:adj;)/
excelente	fine	(cl:adj;)/		excellent	(cl:adj;)/
exceto	except	(cl:prep;)/		but	(cl:prep;)/		save	(cl:prep;)/
exceção	exception	(cl:subst;fem;)/
exemplo	example	(cl:subst;masc;)/
exercício	exercise	(cl:subst;)/
exibir	display	(cl:vb;)/
exibição	display	(cl:subst;)/
exigir	demand	(cl:vb;)/
exigência	requirement	(cl:subst;fem;)/
existir	exist	(cl:vb;)/
existência	being	(cl:subst;fem;)/
expandir	expand	(cl:vb;)/
experimental	experimental	(cl:adj;)/
experimentar	experience	(cl:vb;)/		experiment	(cl:vb;)/
experimento	experiment	(cl:subst;fem;)/
experiência	experience	(cl:subst;fem;)/
explicar	explain	(cl:vb;)/
explicação	explanation	(cl:subst;fem;)/
explorar	explore	(cl:vb;)/
expor	expose	(cl:vb;)/
expresso	express	(cl:adj;)/
expressão	expression	(cl:subst;)/
exterior	abroad	(cl:subst;masc;)/
externo	outside	(cl:adj;)/
extra	extra	(cl:adj;)/
extremo	extreme	(cl:adj;)/
faca	knife	(cl:subst;fem;)/
face	face	(cl:subst;fem;)/		surface	(cl:subst;)/
facilmente	easily	(cl:adv;)/
faculdade	college	(cl:subst;fem;)/		faculty	(cl:subst;)/
fala	speech	(cl:subst;)/
falar	speak	(cl:vb;)/		talk	(cl:vb;)/
falha	failure	(cl:subst;)/
falhar	fail	(cl:vb;)/
falta	lack	(cl:subst;)/		fault	(cl:subst;)/
faltar	be missing	(cl:vb;)/
fama	fame	(cl:subst;)/
familiar	familiar	(cl:adj;)/
família	family	(cl:subst;fem;)/
fantástico	fantastic	(cl:adj;)/
farinha	flour	(cl:subst;fem;)/
farmácia	pharmacy	(cl:subst;fem;)/
fato	fact	(cl:subst;masc;)/
fator	factor	(cl:subst;masc;)/
faturar	bill	(cl:vb;)/
fava	bean	(cl:subst;fem;)/
favor	favor	(cl:subst;masc;)/
favorecer	favor	(cl:vb;)/
fazenda	farm	(cl:subst;fem;)/
fazendeiro	farmer	(cl:subst;)/
fazer	do	(cl:vb;)/		make	(cl:vb;)/
fazer compra	shop	(cl:vb;)/
fazer dieta	diet	(cl:vb;)/
febre	fever	(cl:subst;fem;)/
fecal	fecal	(cl:adj;)/
fechado	closed	(cl:adj;)/
fechar	close	(cl:vb;)/		close	(cl:vb;)/
federal	federal	(cl:adj;)/
federação	federation	(cl:subst;)/
feijão	bean	(cl:subst;masc;)/
felicidade	happiness	(cl:subst;fem;)/
felino	feline	(cl:adj/subst;)/
feliz	happy	(cl:adj;)/
feltro	felt	(cl:subst;masc;)/
feminino	female	(cl:adj;)/
fenômeno	phenomenon	(cl:subst;masc;)/
ferir	injure	(cl:vb;)/
ferramenta	tool	(cl:subst;fem;)/
ferro	iron	(cl:subst;masc;)/
festa	party	(cl:subst;fem;)/
fevereiro	February	(cl:subst;)/
fezes	feces	(cl:subst;plu;)/(plu;)
ficar	get	(cl:vb;)/		stay	(cl:vb;)/
figura	figure	(cl:subst;fem;)/
filha	daughter	(cl:subst;fem;)/(fem;)
filho	son	(cl:subst;masc;)/(masc;)
fim	end	(cl:subst;masc;)/
final	final	(cl:adj;)/
finalmente	eventually	(cl:adv;)/		finally	(cl:adv;)/
financeiro	financial	(cl:adj;)/
financiamento	financing	(cl:subst;)/
fino	thin	(cl:adj;)/
firme	firm	(cl:adj;)/
fisioterapeuta	physiotherapist	(cl:subst;)/
fita	tape	(cl:subst;)/
flor	flower	(cl:subst;fem;)/
floresta	forest	(cl:subst;fem;)/
fogo	fire	(cl:subst;masc;)/
folha	leaf	(cl:subst;fem;)/
fome	hunger	(cl:subst;fem;)/
fonte	source	(cl:subst;fem;)/
fora	out	(cl:adv;)/		outside	(cl:adv;)/		abroad	(cl:adv;)/		off	(cl:adv;)/
fora de	off	(cl:prep;)/
forma	form	(cl:subst;fem;)/
formal	formal	(cl:adj;)/
formar	form	(cl:vb;)/
formulário	form	(cl:subst;masc;)/
fornecer	supply	(cl:vb;)/
fornecimento	supply	(cl:subst;)/
forte	strong	(cl:adj;)/
força	force	(cl:subst;fem;)/		force	(cl:subst;)/		strength	(cl:subst;fem;)/
forçar	force	(cl:vb;)/
fraco	weak	(cl:adj;)/
francês	french	(cl:subst;)/		french	(cl:adj;)/
frango	chicken	(cl:subst;masc;)/
frança	France	(cl:subst;sing;)/
frase	phrase	(cl:subst;fem;)/
fraternidade	brotherhood	(cl:subst;fem;)/
frear	brake	(cl:vb;)/
frente	front	(cl:subst;)/
frequente	frequent	(cl:adj;)/
frequentemente	often	(cl:adv;)/		frequently	(cl:adv;)/
frequência	frequency	(cl:subst;)/
fresco	fresh	(cl:adj;)/		cool	(cl:adj;)/
frio	cold	(cl:adj;)/		cold	(cl:subst;masc;)/
frontal	front	(cl:adj;)/
fruta	fruit	(cl:subst;fem;)/
fuga	escape	(cl:subst;)/
fugir	flee	(cl:vb;)/
fumaça	smoke	(cl:subst;fem;)/
funcionar	work	(cl:vb;)/
funcionário	official	(cl:subst;)/
fundamental	key	(cl:adj;)/
fundamento	bedding	(cl:subst;masc;)/
fundar	found	(cl:vb;)/		fund	(cl:vb;)/
fundo	deep	(cl:adj;)/		bottom	(cl:subst;masc;)/		background	(cl:subst;masc;)/		fund	(cl:subst;)/
função	function	(cl:subst;fem;)/
furtar	steal	(cl:vb;)/
futebol	soccer	(cl:subst;masc;)/
futuro	future	(cl:subst;masc;)/
fuzileiro naval	marine	(cl:subst;)/
fábrica	factory	(cl:subst;fem;)/
fácil	easy	(cl:adj;)/
fé	faith	(cl:subst;fem;)/
férias	vacations	(cl:subst;fem;plu;)/
fêmea	female	(cl:subst;fem;)/
fígado	liver	(cl:subst;masc;)/
física	physics	(cl:subst;fem;)/
físico	physical	(cl:adj;)/
fósforo	match	(cl:subst;masc;)/
gabinete	cabinet	(cl:subst;sing;)/(sing;)
gaiola	cage	(cl:subst;fem;)/
galeria	gallery	(cl:subst;fem;)/
galinha	hen	(cl:subst;fem;)/
galo	cock	(cl:subst;masc;)/
galpão	shed	(cl:subst;)/
ganhar	earn	(cl:vb;)/		get	(cl:vb;)/
ganso	goose	(cl:subst;masc;)/
garantia	guarantee	(cl:subst;fem;)/
garantido	guaranteed	(cl:adj;)/
garantir	charter	(cl:vb;)/		guarantee	(cl:vb;)/		charter	(cl:vb;)/
garfo	fork	(cl:subst;masc;)/
gargalhada	laughter	(cl:subst;fem;)/
garra	claw	(cl:subst;fem;)/
garrafa	bottle	(cl:subst;fem;)/
garçom	waiter	(cl:subst;)/		waiter	(cl:subst;)/
gastar	spend	(cl:vb;)/
gatinho	kitten	(cl:subst;)/
gato	cat	(cl:subst;)/		kitty	(cl:subst;)/
geladeira	refrigerator	(cl:subst;fem;)/
gelo	ice	(cl:subst;masc;)/
geléia	marmelade	(cl:subst;fem;)/
gene	gene	(cl:subst;masc;)/
genebra	Geneva	(cl:subst;)/
general	general	(cl:subst;)/
genes	genes	(cl:subst;)/
genuíno	genuin	(cl:adj;)/
genética	genetics	(cl:subst;)/
gerador	generator	(cl:subst;masc;)/
geral	general	(cl:adj;)/
geralmente	generally	(cl:adv;)/
gerente	manager	(cl:subst;)/
girafa	giraffe	(cl:subst;fem;)/
girar	spin	(cl:vb;)/
giro	spin	(cl:subst;)/
golpe	hit	(cl:subst;masc;)/
gordo	fat	(cl:adj;)/
gorjeta	tip	(cl:subst;fem;)/
gostar	like	(cl:vb;)/
governador	governor	(cl:subst;)/
governo	government	(cl:subst;masc;)/
grade	grids	(cl:subst;)/		grid	(cl:subst;)/
gradualmente	gradually	(cl:adv;)/
graduar	graduate	(cl:vb;)/
grama	grass	(cl:subst;)/
grande	large	(cl:adj;)/		big	(cl:adj;)/
grandioso	great	(cl:adj;)/
gratificação	bonus	(cl:subst;)/
gratuito	costless	(cl:adj;)/
grau	degree	(cl:subst;masc;)/
grego	greek	(cl:adj;)/
grupo	group	(cl:subst;masc;)/
grávida	pregnant	(cl:adj;)/
guarda	guard	(cl:subst;)/
guarda-chuva	umbrella	(cl:subst;masc;)/
guardar	keep	(cl:vb;)/
guerra	war	(cl:subst;fem;)/
guia	guide	(cl:subst;)/
guiar	guide	(cl:vb;)/
gás	gas	(cl:subst;masc;)/
gêmeo	twin	(cl:subst;)/
gênero	gender	(cl:subst;)/
habitante	inhabitant	(cl:subst;)/
hera	ivy	(cl:subst;fem;)/
hidrofobia	rabies	(cl:subst;fem;)/
história	history	(cl:subst;fem;)/		story	(cl:subst;)/
histórico	historical	(cl:adj;)/		historic	(cl:adj;)/
hoje	today	(cl:adv;)/
homem	human	(cl:subst;masc;humano;)/		man	(cl:subst;masc;)/
honesto	honest	(cl:adj;)/
honra	honor	(cl:subst;fem;)/
honrar	honor	(cl:vb;)/
hora	hour	(cl:subst;fem;)/		hour	(cl:subst;fem;)/
hospedar	host	(cl:vb;)/
hospital	hospital	(cl:subst;masc;)/
hostil	hostile	(cl:adj;)/
hotel	hotel	(cl:subst;masc;)/
humanidade	humanity	(cl:subst;)/		mankind	(cl:subst;fem;)/
humanitário	humane	(cl:adj;)/
humano	human	(cl:adj;)/
há pouco	just	(cl:adv;)/
hóspede	guest	(cl:subst;)/
idade	age	(cl:subst;fem;)/
idioma	language	(cl:subst;fem;)/
idéia	idea	(cl:subst;fem;)/		idea	(cl:subst;fem;)/
igreja	church	(cl:subst;fem;)/
igual	equal	(cl:adj;)/
igualdade	equality	(cl:subst;)/
ilegal	illegal	(cl:adj;)/
ilha	island	(cl:subst;fem;)/
imagem	image	(cl:subst;fem;)/
imaginar	imagine	(cl:vb;)/
imediatamente	immediately	(cl:adv;)/		direct	(cl:adv;)/
imediato	immediate	(cl:adj;)/
imigrante	immigrant	(cl:subst;)/
imigrar	immigrate	(cl:vb;)/
imigração	immigration	(cl:subst;fem;)/
impacto	impact	(cl:subst;masc;)/
implementação	deployment	(cl:subst;)/
importante	important	(cl:adj;)/
importar	matter	(cl:vb;)/		amount	(cl:vb;)/
importar-se	mind	(cl:vb;)/
impossível	impossible	(cl:adj;)/
imposto	tax	(cl:subst;masc;)/
imprensa	press	(cl:subst;fem;)/
impressão	impression	(cl:subst;)/
imprimir	print	(cl:vb;)/
impróprio	inappropriate	(cl:adj;)/
imune	immune	(cl:adj;)/
imunidade	immunity	(cl:subst;fem;)/
incidente	incident	(cl:subst;)/
incluir	include	(cl:vb;)/
inclusive	including	(cl:adv;)/
incorporar	incorporate	(cl:vb;)/
independente	independent	(cl:adj;)/
independência	independence	(cl:subst;fem;)/
indicar	indicate	(cl:vb;)/
individual	individual	(cl:adj;)/		individual	(cl:adj;)/
indivíduo	individual	(cl:subst;)/
industrial	industrial	(cl:adj;)/
indústria	industry	(cl:subst;fem;)/
inequívoco	conclusive	(cl:adj;)/
infectado	infected	(cl:adj;)/
infectar	infected	(cl:vb;)/
infecção	infection	(cl:subst;fem;)/
infelizmente	unfortunately	(cl:adv;)/
inferno	hell	(cl:subst;masc;)/
inflamação	inflammation	(cl:subst;fem;)/
influência	influence	(cl:subst;fem;)/
informar	report	(cl:vb;)/
informação	information	(cl:subst;fem;)/
infraestrutura	infrastructure	(cl:subst;fem;)/
ingestão	ingestion	(cl:subst;)/
inglaterra	England	(cl:pron;sing;)/(sing;)
inglês	english	(cl:adj/subst;)/
iniciar	start	(cl:vb;)/
inimigo	enemy	(cl:subst;)/
inseto	insect	(cl:subst;masc;)/
instalação	facility	(cl:subst;fem;)/
instante	instant	(cl:subst;masc;)/
instituir	institute	(cl:vb;)/
instituto	institute	(cl:subst;masc;)/
instrumento	instrument	(cl:subst;masc;)/
instrução	tuition	(cl:subst;)/		instruction	(cl:subst;)/
instância	instance	(cl:subst;fem;)/
insígnia	ensign	(cl:subst;fem;)/
intacto	intact	(cl:adj;)/
integridade	entirety	(cl:subst;)/
inteiramente	indeed	(cl:adv;)/
inteiro	entire	(cl:adj;)/
inteligência	intelligence	(cl:subst;fem;)/
interessado	interested	(cl:adj;)/
interessante	interesting	(cl:adj;)/
interessar	concern	(cl:vb;)/		concerned	(cl:vb;)/
interesse	interest	(cl:subst;)/		interest	(cl:subst;)/
interior	inside	(cl:subst;masc;)/
internacional	international	(cl:adj;)/
interno	internal	(cl:adj;)/		indoor	(cl:adj;)/
intestinal	intestinal	(cl:adj;)/
intestino	intestine	(cl:subst;masc;)/
introduzir	introduce	(cl:vb;)/
introdução	introduction	(cl:subst;fem;)/
inundar	flood	(cl:vb;)/
inundação	flood	(cl:subst;)/
invenção	invention	(cl:subst;)/
inverno	Winter	(cl:subst;masc;)/
investigação	investigation	(cl:subst;fem;)/
investimento	investment	(cl:subst;masc;)/
invisível	invisible	(cl:adj;)/
início	beginning	(cl:subst;masc;)/
inúmeros	many	(cl:adj;)/
inútil	useless	(cl:adj;)/
ir	will	(cl:vb;)/		go	(cl:vb;)/		going	(cl:vb;)/
iria	would	(cl:vb;)/
irmã	sister	(cl:subst;fem;)/
irmão	brother	(cl:subst;masc;)/
irritação	irritation	(cl:subst;fem;)/
isqueiro	lighter	(cl:subst;masc;)/
item	item	(cl:subst;masc;)/
itália	Italy	(cl:pron;sing;)/(sing;)
içar	jack	(cl:vb;)/
janeiro	January	(cl:subst;sing;)/(sing;)
janela	window	(cl:subst;fem;)/
jantar	dinner	(cl:subst;masc;)/
jaqueta	jacket	(cl:subst;fem;)/
jardim	garden	(cl:subst;masc;)/
jeito	way	(cl:subst;masc;)/
joelho	knee	(cl:subst;masc;)/
jogar	play	(cl:vb;)/
jogar boliche	bowl	(cl:vb;)/
jogo	game	(cl:subst;masc;)/		set	(cl:subst;masc;)/
jornal	newspaper	(cl:subst;masc;)/
jovem	young	(cl:adj;)/
juiz	judge	(cl:subst;)/
julgamento	trial	(cl:subst;)/
julho	July	(cl:subst;sing;)/(sing;)
junho	June	(cl:subst;sing;)/(sing;)
junta	joint	(cl:subst;)/
juntar	join	(cl:vb;)/
junto	together	(cl:adv;)/
junto a	at	(cl:prep;)/
juro	interest	(cl:subst;masc;)/
justo	just	(cl:adj/adv;)/
juventude	youth	(cl:subst;fem;)/
já	already	(cl:adv;)/		already	(cl:adv;)/
jóias	jewelry	(cl:subst;plu;)/
lado	side	(cl:subst;masc;)/
lago	lake	(cl:subst;masc;)/
lamento	I am sorry	(cl:expr;)/
lance	assist	(cl:subst;)/
lançamento	release	(cl:subst;)/
lar	home	(cl:subst;masc;)/
laranja	orange	(cl:subst;fem;)/
largamente	widely	(cl:adv;)/		at large	(cl:adv;)/
largo	wide	(cl:adj;)/
largura	width	(cl:subst;fem;)/
lata	can	(cl:subst;fem;)/
latente	latent	(cl:adj;)/
lavabo	toilet	(cl:subst;)/
lavanderia	laundry	(cl:subst;fem;)/
lavar	wash	(cl:vb;)/
legal	legal	(cl:adj;)/
legislativo	legislative	(cl:adj;)/
legislatura	legislature	(cl:subst;)/
legislação	legislation	(cl:subst;)/
legumes	vegetables	(cl:subst;plu;)/(plu;)
lei	law	(cl:subst;)/
leigo	lay	(cl:adj;)/
leite	milk	(cl:subst;masc;)/
leitor	reader	(cl:subst;)/
lembrar	remember	(cl:vb;reflex;)/		remember	(cl:vb;reflex;)/
ler	read	(cl:vb;)/
leste	east	(cl:adj;)/		east	(cl:subst;masc;)/
levantamento	survey	(cl:subst;)/
levantar	stand	(cl:vb;)/
levar	carry	(cl:vb;)/
leve	light	(cl:adj;)/
levemente	slightly	(cl:adv;)/
leão	lion	(cl:subst;masc;)/
liberal	liberal	(cl:adj;)/
liberar	release	(cl:vb;)/
liberdade	freedom	(cl:subst;fem;)/
libra	pound	(cl:subst;fem;)/
licença	leave	(cl:subst;)/
lidar	deal	(cl:vb;)/
liga	league	(cl:subst;fem;)/
ligeiro	light	(cl:adj;)/
limitar	limit	(cl:vb;)/
limite	boundary	(cl:subst;masc;)/		limit	(cl:subst;masc;)/
limpar	clean	(cl:vb;)/		clean	(cl:vb;)/
limpo	clean	(cl:adj;)/
limão	lemon	(cl:subst;masc;)/
lindo	pretty	(cl:adj;)/
linha	line	(cl:subst;fem;)/
linha aérea	airline	(cl:subst;)/
lista	list	(cl:subst;fem;)/		directory	(cl:subst;)/
listar	list	(cl:vb;)/
listra	stripe	(cl:subst;)/
literalmente	verbatim	(cl:adv;)/
litro	liter	(cl:subst;masc;)/
livrar	rid	(cl:vb;)/
livre	free	(cl:adj;)/
livremente	freely	(cl:adv;)/
livro	book	(cl:subst;masc;)/
lixo	litter	(cl:subst;masc;)/		garbage	(cl:subst;masc;)/
lição	lesson	(cl:subst;fem;)/
lobo	wolf	(cl:subst;)/
local	place	(cl:subst;masc;)/		local	(cl:adj;)/
localizar	locate	(cl:vb;)/
logo	soon	(cl:adv;)/
loja	store	(cl:subst;fem;)/
londres	London	(cl:pron;sing;)/(sing;)
longe	away	(cl:adv;)/		far	(cl:adv;)/
longo	long	(cl:adj;)/
lorde	lord	(cl:subst;)/
louco	crazy	(cl:subst;masc;)/
lua	moon	(cl:subst;fem;)/
lucrar	profit	(cl:vb;)/
lucro	profit	(cl:subst;masc;)/
lugar	place	(cl:subst;masc;)/		site	(cl:subst;masc;)/
luta	battle	(cl:subst;fem;)/		fight	(cl:subst;fem;)/
lutar	fight	(cl:vb;)/
luz	light	(cl:subst;fem;)/
lá	there	(cl:adv;)/
lábio	lip	(cl:subst;masc;)/
lâmina	razor	(cl:subst;fem;)/
lâmpada	lamp	(cl:subst;fem;)/
lã	wool	(cl:subst;fem;)/
líder	leader	(cl:subst;)/
língua	tongue	(cl:subst;fem;)/		language	(cl:subst;)/
macaco	monkey	(cl:subst;)/
macarrão/massa	noodles	(cl:subst;)/
macho	male	(cl:adj;)/
macio	soft	(cl:adj;)/
madeira	wood	(cl:subst;)/
maio	May	(cl:subst;masc;)/
maior	greater	(cl:adj;)/
maioria	majority	(cl:subst;fem;)/
mais	more	(cl:pron;)/		else	(cl:adv;)/		plus	(cl:prep;)/		more	(cl:adv;)/		most	(cl:adv;)/		plus	(cl:subst;)/
mais alto	higher	(cl:adj;)/		highest	(cl:adj;)/
mais baixo	lower	(cl:adj;)/
mais cedo	earlier	(cl:adj;)/
mais duro	harder	(cl:adj;)/
mais fácil	easier	(cl:adj;)/
mais perto	nearest	(cl:adj;)/
mais tardar	at the latest	(cl:adv;)/
mais tarde	later	(cl:adv;)/
mais velho	older	(cl:adj;)/		oldest	(cl:adj;)/
majestoso	august	(cl:adj;)/
major	major	(cl:subst;)/
mal	hardly	(cl:adv;)/
mal poder	can hardly	(cl:vb;)/
mala postal	mailbag	(cl:subst;)/
malcheiroso	smelly	(cl:adj;)/
mamífero	mammal	(cl:subst;masc;)/
mancha	stain	(cl:subst;fem;)/
manchar	stain	(cl:vb;)/
maneira	way	(cl:subst;fem;)/
manhã	morning	(cl:subst;fem;)/
manivela	handle	(cl:subst;fem;)/
manteiga	butter	(cl:subst;fem;)/
manter	keep	(cl:vb;)/		maintain	(cl:vb;)/		hold	(cl:vb;)/		hold	(cl:vb;)/
manutenção	maintenance	(cl:subst;)/
mapa	map	(cl:subst;masc;)/
mapa da cidade	city map	(cl:subst;)/
mar	sea	(cl:subst;masc;)/
maravilhoso	wonderful	(cl:adj;)/
marca	spot	(cl:subst;fem;)/		mark	(cl:subst;fem;)/		marking	(cl:subst;fem;)/
marcar	mark	(cl:vb;)/		spot	(cl:vb;)/
marcha	march	(cl:subst;fem;)/
marchar	march	(cl:vb;)/
marco	tag	(cl:subst;)/
marinho	marine	(cl:adj;)/
marrom	brown	(cl:adj;)/
março	March	(cl:subst;sing;)/(sing;)
marítimo	maritime	(cl:adj;)/
mas	but	(cl:conj;)/
mas sim	but rather	(cl:conj;)/
mascar	chew	(cl:vb;)/
massa	mass	(cl:subst;fem;)/
mastigação	chewing	(cl:subst;fem;)/
matar	kill	(cl:vb;)/
material	material	(cl:adj;)/		material	(cl:subst;)/
matriz	headquarters	(cl:subst;)/
matéria	matter	(cl:subst;fem;)/
mau	evil	(cl:adj;)/
maçã	apple	(cl:subst;fem;)/
me	me	(cl:pron;sing;)/(sing;)
meca	Mecca	(cl:pron;sing;)/(sing;)
medicamento	medicine	(cl:subst;masc;)/
medicação	medication	(cl:subst;)/
medida	measure	(cl:subst;fem;)/
medir	measure	(cl:vb;)/		measure	(cl:vb;)/
mediterrâneo	mediterranean	(cl:adj;)/
medo	fear	(cl:subst;masc;)/
meia noite	midnight	(cl:subst;)/
meio	half	(cl:adj;)/		middle	(cl:subst;masc;)/
meio irmão	half brother	(cl:subst;)/
meios	means	(cl:subst;)/
mel	honey	(cl:subst;masc;)/
melhor	best	(cl:adj;)/		better	(cl:adj;)/		best	(cl:adv;)/		better	(cl:adv;)/
melhora	improvement	(cl:subst;)/
melhorar	improve	(cl:vb;)/
membro	member	(cl:subst;masc;)/
memória	memory	(cl:subst;fem;)/
mencionado anteriormente	aforementioned	(cl:adj;)/
mencionar	mention	(cl:vb;)/
menina	girl	(cl:subst;fem;)/(fem;)
menino	boy	(cl:subst;masc;)/(masc;)
menor	least	(cl:adj;)/
menos	less	(cl:adv;)/
mensageiro	messenger	(cl:subst;)/
mensagem	message	(cl:subst;fem;)/
mensalmente	monthly	(cl:adv;)/
mente	mind	(cl:subst;fem;)/
mentir	lie	(cl:vb;)/
mentira	lie	(cl:subst;fem;)/
menu	menu	(cl:subst;masc;)/
mercado	market	(cl:subst;masc;)/
mercadoria	goods	(cl:subst;fem;)/(plu;)
merecedor	worth	(cl:adj;)/
merenda	snack	(cl:subst;fem;)/
mesa	table	(cl:subst;fem;)/
mesmo	even	(cl:adv;)/		same	(cl:adj;)/		same	(cl:pron;reflex;)/
mesquinho	mean	(cl:adj;)/
mestre	master	(cl:subst;)/
meta	goal	(cl:subst;fem;)/
metade	half	(cl:pron;sing;)/(sing;)
metal	metal	(cl:subst;masc;)/
meu	my	(cl:pron;)/
mil	thousand	(cl:num;)/
milagre	miracle	(cl:subst;masc;)/
milha	mile	(cl:subst;fem;)/
milho	corn	(cl:subst;masc;)/
milhão	million	(cl:num;)/
militar	military	(cl:subst;masc;)/		military	(cl:adj;)/
mim	me	(cl:pron;sing;)/(sing;)
minimizar	minimize	(cl:vb;)/
ministro	minister	(cl:subst;)/
minoria	minority	(cl:subst;fem;)/
minuciosamente	thoroughly	(cl:adv;)/
minuto	minute	(cl:subst;masc;)/
missão	mission	(cl:subst;fem;)/
mistério	mystery	(cl:subst;masc;)/
mobília	furniture	(cl:subst;fem;)/
mochila	backpack	(cl:subst;fem;)/
modelo	model	(cl:subst;)/
moderno	modern	(cl:adj;)/
modificar	modify	(cl:vb;)/
moeda	coin	(cl:subst;fem;)/		money	(cl:subst;)/
moeda corrente	currency	(cl:subst;fem;)/
moer	grind	(cl:vb;)/
moinho	mill	(cl:subst;)/
moldura	frame	(cl:subst;)/
molhado	wet	(cl:adj;)/
montanha	mountain	(cl:subst;fem;)/
monte	mount	(cl:subst;masc;)/
monumento	memorial	(cl:subst;masc;)/
moral	moral	(cl:adj;)/
morango	strawberry	(cl:subst;masc;)/
morar	live	(cl:vb;)/
morder	bite	(cl:vb;)/
morno	warm	(cl:adj;)/
morrer	die	(cl:vb;)/
morte	death	(cl:subst;fem;)/
morto	dead	(cl:adj;)/
mosca	fly	(cl:subst;fem;)/
mostarda	mustard	(cl:subst;fem;)/
mostrar	show	(cl:vb;)/
motocicleta	motorcycle	(cl:subst;fem;)/(cl:vb;)
mover	move	(cl:vb;)/
movimento	movement	(cl:subst;masc;)/
moça	maid	(cl:subst;)/
moço	lad	(cl:subst;masc;)/
mudança	change	(cl:subst;fem;)/
mudar	change	(cl:vb;)/		change	(cl:vb;)/
muito	very	(cl:adv;)/		much	(cl:adv;)/		hard	(cl:adv;)/		lot	(cl:adv;)/		much	(cl:art;sing;)/(sing;)		too	(cl:adv;)/
muito tempo	long	(cl:adv;)/
muitos	many	(cl:pron;plu;)/(plu;)
mulher	woman	(cl:subst;fem;)/(fem;)
multar	fine	(cl:vb;)/
mundo	world	(cl:subst;masc;)/
museu	museum	(cl:subst;masc;)/
máquina	machine	(cl:subst;fem;)/
mármore	marble	(cl:subst;masc;)/
mãe	mother	(cl:subst;fem;)/
mão	hand	(cl:subst;fem;)/
média	average	(cl:subst;)/
médico	medical	(cl:adj;)/		doctor	(cl:subst;)/
médio	par	(cl:subst;)/
método	method	(cl:subst;masc;)/
méxico	Mexico	(cl:pron;sing;)/(sing;)
mês	month	(cl:subst;masc;)/
mínimo	minimum	(cl:subst;)/
múltiplo	multiple	(cl:adj;)/
músculo	muscle	(cl:subst;masc;)/
música	music	(cl:subst;fem;)/		music	(cl:subst;fem;)/
na maior parte	mostly	(cl:adv;)/
nacional	national	(cl:adj;)/
nada	nothing	(cl:pron;sing;)/(sing;)
nadar	swim	(cl:vb;)/
narcóticos	drugs	(cl:subst;)/
nariz	nose	(cl:subst;masc;)/
narrar	tell	(cl:vb;)/
nascido	born	(cl:adj;)/
nascimento	birth	(cl:subst;masc;)/
natal	Christmas	(cl:subst;)/
nativo	native	(cl:adj;)/
natural	natural	(cl:adj;)/
naturalmente	naturally	(cl:adv;)/
natureza	nature	(cl:subst;fem;)/
naufrágio	shipwreck	(cl:subst;masc;)/
navio	ship	(cl:subst;masc;)/
nação	nation	(cl:subst;fem;)/		nation	(cl:subst;)/		commonwealth	(cl:subst;)/
necessariamente	necessarily	(cl:adv;)/
necessidade	necessity	(cl:subst;fem;)/		need	(cl:subst;)/		need	(cl:subst;)/
necessário	necessary	(cl:adj;)/
negociar	negotiate	(cl:vb;)/		trade	(cl:vb;)/
negro	negro	(cl:adj;)/
negócio	business	(cl:subst;masc;)/
nem	nor	(cl:conj;)/		neither	(cl:conj;)/(neither ..nor ....)
nenhum	none	(cl:pron;sing;)/(sing;)		any	(cl:adv;)/		no	(cl:art;)/
neto	grandson	(cl:subst;)/
neutralizado	neutered	(cl:adj;)/
neutro	neuter	(cl:adj/subst;)/
nevar	snow	(cl:vb;)/
neve	snow	(cl:subst;fem;)/
ninguém	nobody	(cl:pron;)/
no caminho	on the road	(cl:adv;)/
no entanto	nevertheless	(cl:conj;)/
no mínimo	at least	(cl:adv;)/		at least	(cl:adv;)/
noite	night	(cl:subst;fem;)/
nome	name	(cl:subst;masc;)/
normal	normal	(cl:adj;)/
normalmente	normally	(cl:adv;)/
noroeste	northwest	(cl:subst;)/
norte	north	(cl:subst;masc;)/
nos	us	(cl:pron;plu;)/(plu;)
nosso	our	(cl:pron;)/
nota	note	(cl:subst;fem;)/		note	(cl:subst;fem;)/
notar	notice	(cl:vb;)/
notícias	news	(cl:subst;fem;plu;)/
novamente	again	(cl:adv;)/		again	(cl:adv;)/
novato	beginner	(cl:subst;)/
nove	nine	(cl:num)/(cl:num)
novembro	November	(cl:pron;sing;)/(sing;)
noventa	ninety	(cl:num)/(cl:num)
novidade	innovation	(cl:subst;)/
novo	new	(cl:adj;)/
noz	nut	(cl:subst;fem;)/
nunca	never	(cl:adv;)/
nutriente	nutrients	(cl:subst;)/
nutrição	nutrition	(cl:subst;)/
nuvem	cloud	(cl:subst;fem;)/
não	not	(cl:adv;)/		no	(cl:adv;)/
não graduado	undergraduate	(cl:adj;)/
não poder	cannot	(cl:vb;)/		can't	(cl:vb;)/
nível	level	(cl:subst;masc;)/
nós	us	(cl:pron;plu;)/(plu;)		we	(cl:pron;plu;)/(plu;)
número	number	(cl:subst;masc;)/		number	(cl:subst;masc;)/
núpcias	wedding	(cl:subst;fem;plu;)/
o	the	(cl:art;)/		him	(cl:pron;sing;masc;)/(sing;masc;)		it	(cl:pron;sing;)/(sing;)		the	(cl:pron;sing;)/
o que	what	(cl:pron;sing;)/(sing;)
obra	work	(cl:subst;fem;)/
obrigado	thanks	(cl:interj;)/
obrigação	duty	(cl:subst;fem;)/
observar	watch	(cl:vb;)/
observação	observation	(cl:subst;fem;)/		remark	(cl:subst;)/
obstrução	obstruction	(cl:subst;fem;)/
obter	obtain	(cl:vb;)/
oceano	ocean	(cl:subst;masc;)/
ocidental	western	(cl:adj;)/
ocorrer	occur	(cl:vb;)/		chance	(cl:vb;)/
oculto	hidden	(cl:adj;)/
ocupacional	occupational	(cl:adj;)/
ocupação	occupation	(cl:subst;fem;)/
odiar	hate	(cl:vb;)/
odor	odor	(cl:subst;masc;)/
oeste	west	(cl:subst;masc;)/
oferecer	offer	(cl:vb;)/
oferta	offer	(cl:subst;fem;)/
oferta especial	special offer	(cl:subst;)/
oficial	official	(cl:adj;)/
oficina	workshop	(cl:subst;fem;)/
ofício	craft	(cl:subst;masc;)/
oi	hello	(cl:interj;)/
oitenta	eighty	(cl:num)/(cl:num)
oito	eight	(cl:num)/(cl:num)
olhar	look at	(cl:vb;)/
olho	eye	(cl:subst;masc;)/
ombro	shoulder	(cl:subst;masc;)/
onda	wave	(cl:subst;fem;)/
onde	where	(cl:adv;)/
ontem	yesterday	(cl:adv;)/
onze	eleven	(cl:num)/(cl:num)
operar	operate	(cl:vb;)/
operação	operation	(cl:subst;fem;)/
opinião	opinion	(cl:subst;fem;)/
oponente	adversary	(cl:subst;)/
opor	counter	(cl:vb;)/
oportunidade	opportunity	(cl:subst;fem;)/
oportuno	cheap	(cl:adj;)/
oposição	opposition	(cl:subst;fem;)/
oposto	opposite	(cl:adj;/subst)/(/subst)		counter	(cl:adj;)/
oração	prayer	(cl:subst;fem;)/
ordem	order	(cl:subst;fem;)/
ordenar	order	(cl:vb;)/
ordinário	ordinary	(cl:adj;)/
orelha	ear	(cl:subst;fem;)/
organização	organization	(cl:subst;fem;)/
orgulhoso	proud	(cl:adj;)/
oriental	eastern	(cl:adj;)/
origem	origin	(cl:subst;fem;)/
original	original	(cl:adj;)/
originalmente	originally	(cl:adv;)/
orçamento	budget	(cl:subst;)/
os	the	(cl:art;plu;)/(plu;)		them	(cl:pron;plu;)/(plu;)
osso	bone	(cl:subst;masc;)/
ou	or	(cl:conj;)/		either	(cl:conj;)/(either ... or .... )
ouro	gold	(cl:subst;masc;)/
outono	Autumn	(cl:subst;)/
outorgar	accord	(cl:vb;)/
outro	other	(cl:pron;)/		another	(cl:art/pronome;sing;)/(sing;)		other	(cl:adj;)/
outubro	October	(cl:pron;sing;)/(sing;)
ouvido	ear	(cl:subst;masc;)/
ouvir	hear	(cl:vb;)/
ovo	egg	(cl:subst;masc;)/
paciente	(cl:subst/adj;)	(cl:subst/adj;)/(cl:subst;)
paciência	patience	(cl:subst;fem;)/
pacote	package	(cl:subst;)/
padaria	bakery	(cl:subst;fem;)/
padre	priest	(cl:subst;masc;)/
padrão	standard	(cl:subst;)/		pattern	(cl:subst;)/		standard	(cl:adj;)/
pagamento	payment	(cl:subst;masc;)/
pagar	pay	(cl:vb;)/		pay	(cl:vb;)/
pago	paid	(cl:adj;)/
pai	father	(cl:subst;masc;)/
palavra	word	(cl:subst;fem;)/
palco	stage	(cl:subst;)/
palha	straw	(cl:subst;fem;)/
palhaço	clown	(cl:subst;masc;)/
panela	pan	(cl:subst;)/
pano	cloth	(cl:subst;masc;)/
papel	paper	(cl:subst;masc;)/		role	(cl:subst;masc;)/
papelão	cardboard	(cl:subst;)/
par	pair	(cl:subst;)/		couple	(cl:subst;)/
para	to	(cl:prep;)/		for	(cl:prep;)/
para cima	up	(cl:adv;)/
para onde	where to	/
para que	what for	/
para trás	back	(cl:adv;)/
parada	stand	(cl:subst;fem;)/		stop	(cl:subst;fem;)/
parado	still	(cl:adj;)/
parar	stop	(cl:vb;)/
parasita	parasite	(cl:subst;masc;)/
paraíso	paradise	(cl:subst;)/
parceiro	partner	(cl:subst;)/
parceria	partnership	(cl:subst;)/
parcial	partial	(cl:adj;)/
parecer	seem	(cl:vb;)/		look	(cl:vb;)/		look like	(cl:vb;)/
parede	wall	(cl:subst;fem;)/
parente	relative	(cl:subst;)/
parlamento	parliament	(cl:subst;masc;)/
parque	park	(cl:subst;masc;)/
parte	part	(cl:subst;fem;)/
parte de trás	back	(cl:subst;)/
participar	participate	(cl:vb;)/		participate	(cl:vb;)/
particular	particular	(cl:adj;)/		private	(cl:adj;)/		cabinet	(cl:adj;)/
particularmente	particularly	(cl:adv;)/		particularly	(cl:adv;)/
partido	party	(cl:subst;masc;)/
partícula	particle	(cl:subst;)/
passado	past	(cl:subst;masc;)/
passageiro	passenger	(cl:subst;)/
passagem	pass	(cl:subst;fem;)/
passaporte	passport	(cl:subst;masc;)/
passar	pass	(cl:vb;)/
passeio	tour	(cl:subst;turístico)/		ride	(cl:subst;masc;)/		drive	(cl:subst;masc;)/		walk	(cl:subst;masc;)/
passo	step	(cl:subst;masc;)/
pata	paw	(cl:subst;fem;)/
pato	duck	(cl:subst;)/
paz	peace	(cl:subst;fem;)/
país	country	(cl:subst;)/
país de gales	Wales	(cl:pron;sing;)/(sing;)
pedaço	bit	(cl:subst;masc;)/		piece	(cl:subst;masc;)/
pedido	request	(cl:subst;masc;)/
pedir	ask	(cl:vb;)/
pedra	stone	(cl:subst;fem;)/
pegar	take	(cl:vb;)/		catch	(cl:vb;)/
peito	breast	(cl:subst;masc;)/
peixe	fish	(cl:subst;masc;)/
pele	skin	(cl:subst;fem;)/
pele de animal	fur	(cl:subst;)/
pelo menos	at least	(cl:adv;)/
pendurar	hang	(cl:vb;)/
pensamento	thought	(cl:subst;masc;)/
pensar	think	(cl:vb;)/
pensão	guest house	(cl:subst;)/
pequeno	small	(cl:adj;)/		little	(cl:adj;)/
perda	loss	(cl:subst;fem;)/
perda de energia	outages	(cl:subst;)/
perder	lose	(cl:vb;)/		lose	(cl:vb;reflex;)/		miss	(cl:vb;)/
perdido	lost	(cl:adj;)/
perdoar	forgive	(cl:vb;)/
perdão	pardon	(cl:subst;masc;)/
perfeito	perfect	(cl:adj;)/
pergunta	question	(cl:subst;fem;)/
perguntar	ask	(cl:vb;)/
periférico	peripheral	(cl:adj/subst;)/
perigo	danger	(cl:subst;masc;)/
perigoso	dangerous	(cl:adj;)/
peritonite	peritonitis	(cl:subst;fem;)/
permanecer	remain	(cl:vb;)/		stand	(cl:vb;)/
permanente	permanent	(cl:adj;)/
permissão	permit	(cl:subst;fem;)/		permission	(cl:subst;fem;)/		permission	(cl:subst;fem;)/
permitido	allowed	(cl:adj;)/
permitir	allow	(cl:vb;)/
perna	leg	(cl:subst;fem;)/
persistente	persistent	(cl:adj;)/
personalidade	personality	(cl:subst;fem;)/
pertencer	belong	(cl:vb;)/
perto	by	(cl:adv;)/		near	(cl:adv;)/
perto de	near	(cl:prep;)/
período	period	(cl:subst;)/
pesadamente	heavily	(cl:adv;)/
pesado	heavy	(cl:adj;)/
pescoço	neck	(cl:subst;masc;)/
peso	weight	(cl:subst;masc;)/
pesquisa	research	(cl:subst;fem;)/
pesquisar	research	(cl:vb;)/
pessoa	person	(cl:subst;fem;)/		person	(cl:subst;fem;)/
pessoal	staff	(cl:subst;masc;)/		personal	(cl:adj;)/
pessoas	people	(cl:subst;fem;plu;)/(plu;)
petróleo	petroleum	(cl:subst;masc;)/
peça	play	(cl:subst;fem;)/
pia	sink	(cl:subst;fem;)/
piada	joke	(cl:subst;fem;)/
picar	sting	(cl:vb;)/
pilha	battery	(cl:subst;fem;)/
piloto	pilot	(cl:subst;)/
pintar	paint	(cl:vb;)/
pioneiro	pioneer	(cl:subst;)/		pioneer	(cl:adj;)/
pior	worse	(cl:adj/adv;)/		worst	(cl:adj/adv;)/
pisar forte	clumping	(cl:vb;)/
piso	floor	(cl:subst;masc;)/
pista	clue	(cl:subst;)/
placa	plaque	(cl:subst;fem;)/
planejar	plan	(cl:vb;)/		schedule	(cl:vb;)/
plano	plan	(cl:subst;masc;)/
planta	plant	(cl:subst;fem;)/
plantar	plant	(cl:vb;)/
planície	plain	(cl:subst;)/
plástico	plastic	(cl:subst;masc;)/		plastic	(cl:subst;masc;)/
pobre	poor	(cl:adj;)/
poder	can	(cl:vb;)/		may	(cl:vb;)/		power	(cl:subst;masc;)/		might	(cl:vb;)/		may	(cl:vb;)/		power	(cl:subst;masc;)/
poder legislativo	legislative	(cl:subst;)/
poderoso	powerful	(cl:adj;)/
podre	rotten	(cl:adj;)/
polegada	inch	(cl:subst;fem;)/
polegar	thumb	(cl:subst;masc;)/
policial	policeman	(cl:subst;)/
política	policy	(cl:subst;fem;)/		politics	(cl:subst;sing;)/(sing;)
político	political	(cl:adj;)/
ponte	bridge	(cl:subst;fem;)/
pontilhar	calico	(cl:subst;)/
ponto	point	(cl:subst;masc;)/		stitch	(cl:subst;masc;)/
popular	popular	(cl:adj;)/
população	population	(cl:subst;fem;)/
por	by	(cl:prep;)/		put	(cl:vb;)/		per	(cl:prep;)/		set	(cl:vb;)/		via	(cl:prep;)/		for	(cl:prep;)/		lay	(cl:vb;)/
por causa de	because of	(cl:conj;)/
por favor	please	(cl:interj;)/
por isso	therefore	(cl:adv;)/		that is why	(cl:adv;)/
por mais que	however	(cl:adv;)/
por mais tempo	longer	(cl:adv;)/
por que	why	(cl:adv;)/
por sinal	by the way	(cl:adv;)/
por último	last	(cl:adv;)/
porcento	percent	(cl:subst;)/
porco	pig	(cl:subst;masc;)/
porque	because	(cl:conj;)/
porta	door	(cl:subst;fem;)/
porto	port	(cl:subst;masc;)/
portão	gate	(cl:subst;masc;)/
porão	celar	(cl:subst;)/
porção	lot	(cl:subst;)/		lot	(cl:subst;)/
porém	however	(cl:conj;)/
positivo	positive	(cl:adj;)/
posição	position	(cl:subst;fem;)/		position	(cl:subst;fem;)/		position	(cl:subst;fem;)/		location	(cl:subst;fem;)/
possibilidade	possibility	(cl:subst;)/
possivelmente	possibly	(cl:adv;)/
possuir	own	(cl:vb;)/		had	(cl:vb;)/		had	(cl:vb;)/
possível	possible	(cl:adj;)/
postal	postal	(cl:adj;)/
postar	post	(cl:vb;)/
posto	post	(cl:subst;masc;)/
potencial	potential	(cl:adj;)/
potencialidade	potential	(cl:subst;)/
potencialmente	potentially	(cl:adv;)/
pouco	little	(cl:pron;sing;)/(sing;)		little	(cl:adv;)/
poucos	few	(cl:art/pronome;plu;)/(plu;)		a few	(cl:art)/(cl:art)
povo	commons	(cl:subst;masc;)/(plu;)		people	(cl:subst;masc;)/(plu;)		people	(cl:subst;masc;)/
poço	well	(cl:subst;masc;)/
prado	meadow	(cl:subst;masc;)/
praia	beach	(cl:subst;fem;)/
prata	silver	(cl:subst;fem;)/
praticar	practice	(cl:vb;)/
prato	dish	(cl:subst;masc;)/		course	(cl:subst;masc;)/
prato principal	main course	(cl:subst;masc;)/
prazo	deadline	(cl:subst;masc;)/
praça	square	(cl:subst;fem;)/
praça do mercado	square market	(cl:subst;)/
precisar	need	(cl:vb;)/		require	(cl:vb;)/		need	(cl:vb;)/
predizer	predict	(cl:vb;)/
prefeito	mayor	(cl:subst;)/
preferir	prefer	(cl:vb;)/		prefer	(cl:vb;)/
preferência	preference	(cl:subst;)/
prego	nail	(cl:subst;masc;)/
preguiçoso	lazy	(cl:adj;)/
preocupar	worry	(cl:vb;refl;)/
preparar	prepare	(cl:vb;)/
preparação	preparation	(cl:subst;fem;)/
presente	present	(cl:adj;)/		present	(cl:subst;)/		gift	(cl:subst;masc;)/
presentear	give	(cl:vb;)/
preservar	preserve	(cl:vb;)/
presidente	president	(cl:subst;)/		chairman	(cl:subst;sing;)/(sing;)
pressionar	press	(cl:vb;)/
prestativo	helpful	(cl:adj;)/
pretender	intend	(cl:vb;)/
preto	black	(cl:adj;)/
prevenir	prevent	(cl:vb;)/		prevent	(cl:vb;)/
previamente	previously	(cl:adv;)/
preço	price	(cl:subst;masc;)/
prima	cousin	(cl:subst;)/
primariamente	primarily	(cl:adv;)/
primavera	Spring	(cl:subst;)/
primeiro	first	(cl:num;)/		premier	(cl:adj;)/		first	(cl:adv;)/
primeiro nome	forename	(cl:subst;)/
primo	cousin	(cl:subst;)/
princesa	princess	(cl:subst;fem;)/
principal	main	(cl:adj;)/		major	(cl:adj;)/
principiante	beginner	(cl:subst;)/
princípio	principle	(cl:subst;masc;)/
problema	problem	(cl:subst;masc;)/		trouble	(cl:subst;masc;)/
procedimento	procedure	(cl:subst;masc;)/
processar	process	(cl:vb;)/
processo	process	(cl:subst;masc;)/
procriar	breed	(cl:vb;)/
procurar	search	(cl:vb;)/
produto	product	(cl:subst;masc;)/
produzir	produce	(cl:vb;)/
produção	production	(cl:subst;fem;)/
professor do fundamental	teacher	(cl:subst;)/
profeta	prophet	(cl:subst;)/
profissional	professional	(cl:adj;)/
profissão	profession	(cl:subst;fem;)/
profundamente	deeply	(cl:adv;)/		sound	(cl:adv;)/
profundo	deep	(cl:adj;)/
programa	program	(cl:subst;masc;)/		program	(cl:subst;TV;)/		schedule	(cl:subst;masc;)/
programar	program	(cl:vb;)/
progressivo	progressive	(cl:adj;)/
proibir	forbid	(cl:vb;)/
projetar	design	(cl:vb;)/
projeto	design	(cl:subst;masc;)/		project	(cl:subst;masc;)/		design	(cl:subst;masc;)/
pronto	finished	(cl:adj;)/		ready	(cl:adj;)/
proporção	proportion	(cl:subst;fem;)/
proposta	proposal	(cl:subst;fem;)/
proprietário	owner	(cl:subst;)/
propósito	purpose	(cl:subst;masc;)/
proteger	protect	(cl:vb;)/
proteína	protein	(cl:subst;fem;)/
protocolo	protocol	(cl:subst;masc;)/
prova	proof	(cl:subst;fem;)/		proof	(cl:subst;fem;)/
provar	proof	(cl:vb;)/		sample	(cl:vb;)/
provavelmente	probably	(cl:adv;)/		likely	(cl:adv;)/
prover	provide	(cl:vb;)/
provinciano	provincial	(cl:adj;)/
provisão	provision	(cl:subst;)/
provável	likely	(cl:adj;)/
província	province	(cl:subst;fem;)/
proximidade	proximity	(cl:subst;)/
prático	practical	(cl:adj;)/
pré-nome	forename	(cl:subst;)/
prédio	building	(cl:subst;masc;)/
prévio	previous	(cl:adj;)/
prêmio	prize	(cl:subst;masc;)/		award	(cl:subst;masc;)/
príncipe	prince	(cl:subst;masc;)/
próprio	proper	(cl:adj;)/		own	(cl:adj;)/		own	(cl:adj;reflex;)/
próximo	close	(cl:adj;)/		close	(cl:adv;)/
publicar	publish	(cl:vb;)/
publicação	publication	(cl:subst;fem;)/
pular	jump	(cl:vb;)/
pulga	flea	(cl:subst;fem;)/
pulmão	lung	(cl:subst;masc;)/
pulso	wrist	(cl:subst;masc;)/
punho	fist	(cl:subst;masc;)/
puxar	pull	(cl:vb;)/
página	page	(cl:subst;fem;)/
pássaro	bird	(cl:subst;masc;)/
pátio	yard	(cl:subst;masc;)/
pátria	homeland	(cl:subst;fem;)/
pão	bread	(cl:subst;masc;)/
pé	foot	(cl:subst;masc;)/
pérola	pearl	(cl:subst;fem;)/
pílula	pill	(cl:subst;fem;)/
pó	dust	(cl:subst;masc;)/
público	public	(cl:adj;)/		audience	(cl:subst;masc;)/		public	(cl:subst;masc;)/
púrpura	purple	(cl:adj;)/
quadrado	square	(cl:subst;masc;)/		square	(cl:adj;)/
quadril	hip	(cl:subst;masc;)/
qual	which	(cl:pron;sing;)/(sing;)
qualquer	any	(cl:art;)/		either	(cl:art;sing;)/(sing;)		whatever	(cl:art;)/
qualquer coisa	anything	(cl:pron;sing;)/(sing;)
qualquer que	whatever	(cl:pron;sing;)/(sing;)
qualquer um	anyone	(cl:pron;sing;)/(sing;)
quando	when	(cl:adv;)/		whenever	(cl:adv;)/		as	(cl:conj;)/		when	(cl:conj;)/
quantia	amount	(cl:subst;fem;)/
quantidade	amount	(cl:subst;fem;)/
quanto	how much	(cl:adv;)/
quarenta	forty	(cl:num)/(cl:num)
quarentena	quarantine	(cl:subst;)/
quarta-feira	Wednesday	(cl:subst;)/
quarto	room	(cl:subst;masc;)/		fourth	(cl:num;)/		quarter	(cl:subst;masc;)/(cl:num;)
quase	almost	(cl:adv;)/		nearly	(cl:adv;)/		about to	(cl:adv;)/
quatro	four	(cl:num)/(cl:num)
que	what	(cl:pron;sing;)/(sing;)		than	(cl:conj;)/		that	(cl:conj;)/		that	(cl:pron;)/		which	(cl:pron;)/		who	(cl:pron;)/
quebrado	broken	(cl:adj;)/
queda	fall	(cl:subst;fem;)/
queijo	cheese	(cl:subst;masc;)/
queimar	burn	(cl:vb;)/
queixo	chin	(cl:subst;masc;)/
quem	who	(cl:pron;sing;)/(sing;)		who	(cl:pron;sing;)/(sing;)
quente	hot	(cl:adj;)/
querer	want	(cl:vb;)/		want	(cl:vb;)/
querido	beloved	(cl:adj;)/
questão	question	(cl:subst;fem;)/		affair	(cl:subst;)/
quinta-feira	Thursday	(cl:subst;)/
quinze	fifteen	(cl:num)/(cl:num)
quota	share	(cl:subst;)/
químico	chemical	(cl:adj;)/		chemistry	(cl:subst;)/
radiação	radiation	(cl:subst;fem;)/
rainha	queen	(cl:subst;fem;)/
raiz	root	(cl:subst;fem;)/
rapidamente	quickly	(cl:adv;)/		rapidly	(cl:adv;)/
raposa	fox	(cl:subst;fem;)/
raro	rare	(cl:adj;)/
rasgado	torn	(cl:adj;)/
rastro	trail	(cl:subst;masc;)/		track	(cl:subst;masc;)/
rato	rat	(cl:subst;masc;)/
razoavelmente	fairly	(cl:adv;)/		rather	(cl:adv;)/
razoável	reasonable	(cl:adj;)/
razão	reason	(cl:subst;fem;)/		reason	(cl:subst;fem;)/
raça	breed	(cl:subst;fem;)/
reagir	react	(cl:vb;)/
real	royal	(cl:adj;)/		real	(cl:adj;)/
realidade	reality	(cl:subst;fem;)/
realizar	accomplish	(cl:vb;)/
realmente	actually	(cl:adv;)/		really	(cl:adv;)/
reação	reaction	(cl:subst;fem;)/
receber	receive	(cl:vb;)/
receita	income	(cl:subst;fem;)/		revenue	(cl:subst;fem;)/		recipe	(cl:subst;fem;)/
recente	recent	(cl:adj;)/
recentemente	recently	(cl:adv;)/
recipiente	container	(cl:subst;masc;)/
recomendar	recommend	(cl:vb;)/
recomendação	recommendation	(cl:subst;fem;)/
reconhecer	recognize	(cl:vb;)/
reconhecimento	reconnaissance	(cl:subst;masc;)/
recursos	resources	(cl:subst;)/
recusar	refuse	(cl:vb;)/
rede	network	(cl:subst;fem;)/		net	(cl:subst;fem;)/
redondo	round	(cl:adj;)/
reduzir	reduce	(cl:vb;)/
referência	reference	(cl:subst;fem;)/
refletir	reason	(cl:vb;)/
reforma	reform	(cl:subst;fem;)/
reformar	reform	(cl:vb;)/
reger	rule	(cl:vb;)/
regime	regime	(cl:subst;)/
regional	territorial	(cl:adj;)/
registrar	record	(cl:vb;)/
registro	record	(cl:subst;)/		registration	(cl:subst;)/
região	country	(cl:subst;fem;)/		region	(cl:subst;fem;)/
regra	rule	(cl:subst;fem;)/
regular	regular	(cl:adj;)/
regularmente	regularly	(cl:adv;)/
rei	king	(cl:subst;masc;)/
reivindicar	claim	(cl:vb;)/
relacionamento	relationship	(cl:subst;)/
relacionar	relate	(cl:vb;)/
relativamente	relatively	(cl:adv;)/
relatório	report	(cl:subst;)/
relação	relation	(cl:subst;fem;)/		interaction	(cl:subst;)/
religioso	religious	(cl:adj;)/
religião	religion	(cl:subst;fem;)/
relâmpago	lightning	(cl:subst;masc;)/
relógio	clock	(cl:subst;masc;)/		watch	(cl:subst;masc;)/
relógio de sol	dial	(cl:subst;)/
remendar	patch	(cl:vb;)/
remendo	patch	(cl:subst;)/
remeter	mail	(cl:vb;)/		mail	(cl:vb;)/
remoto	remote	(cl:adj;)/
remover	remove	(cl:vb;)/
render	surrender	(cl:vb;refl;)/
repelir	repel	(cl:vb;)/
repentinamente	suddenly	(cl:adv;)/
repetir	repeat	(cl:vb;)/
representante	representative	(cl:subst;)/
república	republic	(cl:subst;fem;)/
requerer	require	(cl:vb;)/
requisitar	request	(cl:vb;)/
reserva	reservation	(cl:subst;fem;)/
reservar	book	(cl:vb;)/
resfriado	cold	(cl:subst;masc;)/
residente	resident	(cl:adj/subst;)/
residência	residence	(cl:subst;fem;)/
resolução	resolution	(cl:subst;fem;)/
resolver	solve	(cl:vb;)/
respeitar	respect	(cl:vb;)/
respeito	respect	(cl:subst;masc;)/
respirar	breathe	(cl:vb;)/
respiratório	respiratory	(cl:adj;)/
responder	answer	(cl:vb;)/
responsabilidade	responsibility	(cl:subst;fem;)/
responsável	in charge	(cl:adj;)/		responsible	(cl:adj;)/
resposta	answer	(cl:subst;fem;)/		response	(cl:subst;fem;)/
restar	remain	(cl:vb;)/
restaurante	restaurant	(cl:subst;masc;)/
resto	rest	(cl:subst;)/
restos	remains	(cl:subst;plu;)/(plu;)
resultado	result	(cl:subst;masc;)/
resultar	result	(cl:vb;)/
resumo	abstract	(cl:subst;masc;)/		overview	(cl:subst;)/
retornar	return	(cl:vb;)/
retorno	return	(cl:subst;)/
reunião	meeting	(cl:subst;fem;)/
revelar	reveal	(cl:vb;)/
revezamento	relay	(cl:subst;)/
revista	magazine	(cl:subst;fem;)/
riacho	creek	(cl:subst;masc;)/
rico	rich	(cl:adj;)/
rim	kidney	(cl:subst;masc;)/
rio	river	(cl:subst;masc;)/
rir	laugh	(cl:vb;)/
risco	risk	(cl:subst;masc;)/
rocha	rock	(cl:subst;)/
roda	wheel	(cl:subst;fem;)/
rodar	round	(cl:subst;)/
rolar	roll	(cl:vb;)/
rolo	roll	(cl:subst;)/
rosa	pink	(cl:adj;)/
rota	route	(cl:subst;fem;)/
rotina	routine	(cl:subst;)/
roupa	clothing	(cl:subst;fem;)/
rua	street	(cl:subst;fem;)/
rudimento	approach	(cl:subst;)/
ruim	bad	(cl:adj;)/
rural	country	(cl:adj;)/
ruído	noise	(cl:subst;masc;)/
rádio	radio	(cl:subst;masc;)/
rápido	fast	(cl:adj/adv;rapidamente)/
rã	frog	(cl:subst;fem;)/
ré	re	(cl:subst;)/
saber	know	(cl:vb;)/
saboroso	tasty	(cl:adj;)/
sabão	soap	(cl:subst;masc;)/
saco	bag	(cl:subst;masc;)/
sagrado	holy	(cl:adj;)/
saia	shirt	(cl:subst;fem;)/
sair	go out	(cl:vb;)/
sal	salt	(cl:subst;masc;)/
sala	room	(cl:subst;fem;)/
sala de estar	living room	(cl:subst;)/
sala de jantar	dining room	(cl:subst;)/
salada	salad	(cl:subst;fem;)/
salgado	salty	(cl:adj;)/
saliva	saliva	(cl:subst;fem;)/
salmão	salmon	(cl:subst;masc;)/
salsicha	salsage	(cl:subst;)/
salvar	save	(cl:vb;)/
salão	hall	(cl:subst;)/
sangrar	bleed	(cl:vb;)/
sangria	gore	(cl:subst;)/
sangue	blood	(cl:subst;masc;)/
santo	saint	(cl:subst;)/
sapato	shoe	(cl:subst;masc;)/
satisfação	satisfaction	(cl:subst;fem;)/
satisfeito	satisfied	(cl:adj;)/
saudação	greeting	(cl:subst;fem;)/		welcome	(cl:subst;)/
saudável	healthy	(cl:adj;)/
saúde	health	(cl:subst;fem;sing;)/(sing;)
se	if	(cl:conj;)/		whether	(cl:conj;)/		if	(cl:conj;)/
secar	dry	(cl:vb;)/
seco	dry	(cl:adj;)/
secreto	secret	(cl:adj;)/
secundário	minor	(cl:adj;)/		secondary	(cl:adj;)/
seda	silk	(cl:subst;fem;)/
sede	thirst	(cl:subst;fem;)/
segredo	secrecy	(cl:subst;masc;)/		secret	(cl:subst;masc;)/
seguidor	follower	(cl:subst;)/
seguinte	next	(cl:adj;)/
seguir	follow	(cl:vb;)/
segunda-feira	Monday	(cl:subst;)/
segundo	second	(cl:num;)/
segurança	security	(cl:subst;fem;)/		safety	(cl:subst;)/
segurar	hold	(cl:vb;)/
seguro	insurance	(cl:subst;masc;)/		safe	(cl:adj;)/
seis	six	(cl:num)/(cl:num)
seleção	selection	(cl:subst;fem;)/
selo	stamp	(cl:subst;masc;)/
selvagem	wild	(cl:adj;)/
sem	without	(cl:prep;)/
sem idéia	no idea	(cl:expr;)/
semana	week	(cl:subst;fem;)/
semanalmente	weekly	(cl:adv;)/
semelhante	such	(cl:adj;)/
semente	seed	(cl:subst;fem;)/
sempre	always	(cl:adv;)/		ever	(cl:adv;)/
sempre que	whenever	(cl:conj;)/
senado	senate	(cl:subst;masc;)/
senhor	sir	(cl:subst;masc;)/		lord	(cl:subst;masc;)/		you	(cl:pron;pess:3;sing;formal)/
senhora	lady	(cl:subst;fem;)/(fem;)
sensibilidade	responsiveness	(cl:subst;)/
senso	sense	(cl:subst;)/
sentar	sit	(cl:vb;)/
sentença	sentence	(cl:subst;fem;)/
sentido	sense	(cl:subst;)/
sentimento	feeling	(cl:subst;masc;)/
sentir	sense	(cl:vb;)/		feel	(cl:vb;)/
sentir falta	miss	(cl:vb;)/
senão	else	(cl:conj;)/
separadamente	apart	(cl:adv;)/
separado	apart	(cl:adj;)/		separate	(cl:adj;)/		separate	(cl:subst;)/
separar	separate	(cl:vb;)/		part	(cl:vb;)/
sequência	suite	(cl:subst;fem;)/
ser	be	(cl:vb;)/
serpente	snake	(cl:subst;fem;)/
serra	saw	(cl:subst;fem;)/
servir	serve	(cl:vb;)/
serviço	service	(cl:subst;masc;)/
sessenta	sixty	(cl:num)/(cl:num)
sessão	session	(cl:subst;fem;)/
sete	seven	(cl:num)/(cl:num)
setembro	September	(cl:subst;)/
setenta	seventy	(cl:num)/(cl:num)
seu	your	(cl:pron;poss;)/		their	(cl:pron;)/		its	(cl:pron;)/		his	(cl:pron;)/		her	(cl:pron;)/
severo	severe	(cl:adj;)/
sexta-feira	Friday	(cl:subst;)/
seção	section	(cl:subst;fem;)/
si próprio	itself	(cl:pron;sing;)/(sing;)
si próprios	themselves	(cl:pron;refl;plu;)/(refl;plu;)
significar	mean	(cl:vb;)/
significativo	significant	(cl:adj;)/
silencioso	quiet	(cl:adj;)/
sim	yes	(cl:interj;)/
similar	similar	(cl:adj;)/
simples	simple	(cl:adj;)/		plain	(cl:adj;)/
simplesmente	simply	(cl:adv;)/
simpático	kind	(cl:adj;)/
sinal	sign	(cl:subst;masc;)/
sinalizar	flag	(cl:vb;)/
sinistro	eerie	(cl:adj;)/
sino	bell	(cl:subst;masc;)/
sintoma	symptom	(cl:subst;masc;)/
sistema	system	(cl:subst;masc;)/
situação	situation	(cl:subst;fem;)/
sob	under	(cl:prep;)/
sobre	about	(cl:prep;)/		over	(cl:prep;)/		upon	(cl:prep;)/
sobremesa	dessert	(cl:subst;fem;)/
sobrinha	niece	(cl:subst;fem;)/
sobrinho	nephew	(cl:subst;masc;)/
social	social	(cl:adj;)/
socialista	socialist	(cl:adj;)/
sociedade	society	(cl:subst;fem;)/
sofá	sofa	(cl:subst;masc;)/
sol	sun	(cl:subst;masc;)/
soldado	private	(cl:subst;)/		effective	(cl:subst;)/
solo	ground	(cl:subst;masc;)/
solteiro	single	(cl:adj;)/
solução	solution	(cl:subst;fem;)/
som	sound	(cl:subst;masc;)/
soma	total	(cl:subst;fem;)/
somente	only	(cl:adv;)/
sonhar	dream	(cl:vb;)/
sonho	dream	(cl:subst;masc;)/
sopa	soup	(cl:subst;fem;)/
sorrir	smile	(cl:vb;)/
sorte	luck	(cl:subst;fem;)/
soviético	soviet	(cl:adj;)/
sozinho	alone	(cl:adj/adv;)/
spray	spray	(cl:subst;)/
status	status	(cl:subst;masc;)/
suave	mild	(cl:adj;)/
subir	climb	(cl:vb;)/		rise	(cl:vb;)/
subscrever	subscribe	(cl:vb;)/
substituir	replace	(cl:vb;)/
substância	substance	(cl:subst;fem;)/
subversão	subversion	(cl:subst;)/
sucesso	success	(cl:subst;masc;)/
suco	juice	(cl:subst;masc;)/
sudeste	southeast	(cl:subst;)/
suficiente	sufficient	(cl:adj;)/		enough	(cl:adj;/adv)/(/adv)
sugerir	suggest	(cl:vb;)/
sugestão	suggestion	(cl:subst;fem;)/
sujo	dirty	(cl:adj;)/
sul	south	(cl:subst;masc;)/
sumário	summary	(cl:subst;)/
superfície	surface	(cl:subst;fem;)/
superior	top	(cl:adj;)/		upper	(cl:adj;)/
supervisão	supervision	(cl:subst;fem;)/
suporte	support	(cl:subst;masc;)/		hold	(cl:subst;masc;)/
supremo	supreme	(cl:adj;)/
supressão	suppression	(cl:subst;)/
suprimento	supply	(cl:subst;masc;)/
surpreender	surprise	(cl:vb;)/
surpresa	surprise	(cl:subst;fem;)/
surpreso	surprised	(cl:adj;)/
suspenso	hanging	(cl:adj;)/
sustentar	support	(cl:vb;)/
sábado	Saturday	(cl:subst;)/
são	st	(cl:subst;sing;)/(sing;)
século	century	(cl:subst;masc;)/
série	series	(cl:subst;sing;)/(sing;)
sério	serious	(cl:adj;)/
síndrome	syndrome	(cl:subst;fem;)/
só	alone	(cl:adv;)/
sólido	solid	(cl:adj;)/
súbito	sudden	(cl:adj;)/
tal	such	(cl:art;)/
talvez	perhaps	(cl:adv;)/
tamanho	size	(cl:subst;masc;)/
tambor	drum	(cl:subst;masc;)/
também	also	(cl:adv;)/		too	(cl:adv;)/		as well	(cl:adv;)/
tampa	lid	(cl:subst;fem;)/
tampouco	either	(cl:adv;)/
tanto	both	/
tapete	carpet	(cl:subst;masc;)/
tarde	evening	(cl:subst;)/
tartaruga	turtle	(cl:subst;fem;)/
taxa	fee	(cl:subst;fem;)/		rate	(cl:subst;fem;)/
taxar	rate	(cl:vb;)/
tchau	bye	(cl:interj;)/
te	you	(cl:pron;)/
tecla	key	(cl:subst;fem;)/
teclado	keyboard	(cl:subst;masc;)/
tecnologia	technology	(cl:subst;fem;)/
tedioso	boring	(cl:adj;)/
telefonar	phone	(cl:vb;)/
telefone	telephone	(cl:subst;masc;)/		phone	(cl:subst;masc;)/
telegrafar	wire	(cl:vb;)/
televisão	television	(cl:subst;fem;)/
telhado	roof	(cl:subst;masc;)/
temer	fear	(cl:vb;)/
temperado	spicy	(cl:adj;)/
temperamento	temperament	(cl:subst;)/
tempestade	storm	(cl:subst;fem;)/
tempo	time	(cl:subst;masc;)/		weather	(cl:subst;masc;)/
temporal	thunderstorm	(cl:subst;masc;)/
temporariamente	temporarily	(cl:adv;)/
temporário	temporary	(cl:adj;)/
tender	tend	(cl:vb;)/
tensão	tension	(cl:subst;fem;)/
tentar	try	(cl:vb;)/		attempt	(cl:vb;)/
tentativa	attempt	(cl:subst;)/
teoria	theory	(cl:subst;)/
ter	have	(cl:vb;)/
ter cheiro	smell	(cl:vb;)/
terapeuta	therapist	(cl:subst;)/
terapia	therapy	(cl:subst;fem;)/
terceiro	third	(cl:num;ord;)/(ord;)
terminar	end	(cl:vb;)/
termo	term	(cl:subst;masc;)/
terno	suit	(cl:subst;)/
terra	earth	(cl:subst;fem;)/		land	(cl:subst;fem;)/
terreno	piece of land	(cl:subst;)/
território	territory	(cl:subst;masc;)/
terça-feira	Tuesday	(cl:subst;)/
terço	third	(cl:num;frac;)/(frac;)
tesoura	scissors	(cl:subst;fem;)/
testa	forehead	(cl:subst;fem;)/
testar	test	(cl:vb;)/		test	(cl:vb;)/
teste	test	(cl:subst;fem;)/
testemunhar	testify	(cl:vb;)/
teu	your	(cl:pron;poss;)/
texto	text	(cl:subst;masc;)/
texugo	brock	(cl:subst;)/
tia	aunt	(cl:subst;fem;)/
tigela	bowl	(cl:subst;fem;)/
tio	uncle	(cl:subst;masc;)/
tipicamente	typically	(cl:adv;)/
tipo	kind	(cl:subst;masc;)/		type	(cl:subst;masc;)/
tireóide	thyroid	(cl:subst;fem;)/
tiro	shot	(cl:subst;)/
toalha de mão	towel	(cl:subst;fem;)/
tocar	play	(cl:vb;)/		ring	(cl:vb;)/
todo	every	(cl:art;sing;)/(sing;)		whole	(cl:adj;)/
todos	all	(cl:art/pron;plu;)/(plu;)
tolerar	tolerate	(cl:vb;)/
tomada	outlet	(cl:subst;fem;)/
tomar	get	(cl:vb;)/		take	(cl:vb;)/
tomar ducha	shower	(cl:vb;)/
tomar parte em campanha	campaign	(cl:vb;)/		campaign	(cl:vb;)/
tomate	tomato	(cl:subst;masc;)/
topo	top	(cl:subst;)/
tornar	become	(cl:vb;refl;)/
tornar seguro	secure	(cl:vb;)/
tornar-se	become	(cl:vb;)/
tornozelo	ankle	(cl:subst;masc;)/
torre	tower	(cl:subst;fem;)/
total	total	(cl:adj;)/
trabalhador	worker	(cl:subst;)/
trabalhar	work	(cl:vb;)/		work	(cl:vb;)/
trabalho	job	(cl:subst;masc;)/		labour	(cl:subst;)/		work	(cl:subst;masc;)/
tradução	traslation	(cl:subst;fem;)/
transmissor	transmitter	(cl:subst;)/
transmissão	transmission	(cl:subst;)/
transportador	carrier	(cl:subst;)/
transporte	transport	(cl:subst;masc;)/		transportation	(cl:subst;masc;)/
transversalmente	across	(cl:adv;)/
tratado	treaty	(cl:subst;masc;)/
tratamento	treatment	(cl:subst;masc;)/		treatments	(cl:subst;)/
tratar	handle	(cl:vb;)/		treat	(cl:vb;)/		groom	(cl:vb;)/
trato	deal	(cl:subst;)/
trauma	trauma	(cl:subst;)/
trazer	bring	(cl:vb;)/
trecho	stretch	(cl:subst;)/
treinar	train	(cl:vb;)/
trem	train	(cl:subst;masc;)/
treze	thirteen	(cl:num)/(cl:num)
tribunal	court	(cl:subst;masc;)/
trigo	wheat	(cl:subst;masc;)/
trilhão	trillion	(cl:num;)/
trimestre	quarter	(cl:subst;)/
trinta	thirty	(cl:num)/(cl:num)
triste	sad	(cl:adj;)/
trocar	exchange	(cl:vb;)/		switch	(cl:vb;)/
troco	exchange	(cl:subst;masc;)/		change	(cl:subst;masc;)/
tronco	log	(cl:subst;masc;)/
trovão	thunder	(cl:subst;masc;)/
truta	trout	(cl:subst;fem;)/
três	three	(cl:num)/(cl:num)
tu	you	(cl:pron;)/
tubarão	shark	(cl:subst;masc;)/
tudo	everything	(cl:pron;)/
tumor	tumor	(cl:subst;masc;)/
turca	Turk	(cl:subst;)/
turco	Turk	(cl:subst;)/
turismo	tourism	(cl:subst;masc;)/
turista	tourist	(cl:subst;)/
tábua	board	(cl:subst;)/
tão	so	(cl:adv;)/		such	(cl:adv;)/
típico	typical	(cl:adj;)/
título	title	(cl:subst;)/
tópico	topic	(cl:subst;)/
tórax	chest	(cl:subst;)/
tóxico	toxic	(cl:adj;)/
um	a	(cl:art;sing;)/(sing;)		an	(cl:art;sing;)/(sing;)		one	(cl:num;sing;)/(sing;)		one	(cl:num)/(cl:num)
um tanto	rather	(cl:adv;)/
uma vez	once	(cl:adv;)/
uma vez que	once	(cl:conj;)/
unha	nail	(cl:subst;fem;)/
unido	united	(cl:adj;)/
uniforme	even	(cl:adj;)/
unir	unite	(cl:vb;)/
universal	universal	(cl:adj/subst;)/
universidade	university	(cl:subst;fem;)/
universo	universe	(cl:subst;masc;)/
união	union	(cl:subst;fem;)/		unity	(cl:subst;fem;)/
urina	urine	(cl:subst;fem;)/
urinação	urination	(cl:subst;)/
urinário	urinary	(cl:adj;)/
urso	bear	(cl:subst;)/
usar	use	(cl:vb;)/		use	(cl:vb;)/
uso	use	(cl:subst;)/		use	(cl:subst;masc;)/
usual	usual	(cl:adj;)/
usualmente	usually	(cl:adv;)/
usuário	user	(cl:subst;)/
uva	grape	(cl:subst;fem;)/
vaca	cow	(cl:subst;fem;)/
vacina	vaccine	(cl:subst;fem;)/
vacinação	vaccination	(cl:subst;fem;)/
vagão	wagon	(cl:subst;masc;)/
valer	be worth	(cl:vb;)/
valioso	valuable	(cl:adj;)/
valor	value	(cl:subst;)/		worth	(cl:subst;masc;)/
vantagem	advantage	(cl:subst;fem;)/
varanda	balcony	(cl:subst;fem;)/
varejo	retail	(cl:subst;)/
variar	vary	(cl:vb;)/
variedade	variety	(cl:subst;fem;)/
vasto	vast	(cl:adj;)/
vazio	empty	(cl:adj;)/
vegetariano	vegetarian	(cl:adj;)/
vela	candle	(cl:subst;fem;)/
velho	old	(cl:adj;)/
velocidade	speed	(cl:subst;fem;)/
vencer	win	(cl:vb;)/
vendedor	salesperson	(cl:subst;)/
vender	sell	(cl:vb;)/
veneno	poison	(cl:subst;masc;)/
venezuela	Venezuela	(cl:pron;sing;)/(sing;)
vento	wind	(cl:subst;masc;)/
ventre	belly	(cl:subst;masc;)/
ver	see	(cl:vb;)/		view	(cl:vb;)/
verdade	truth	(cl:subst;)/
verdadeiramente	actually	(cl:adv;)/
verdadeiro	true	(cl:adj;)/
verde	green	(cl:adj;)/
verificar	ascertain	(cl:vb;)/
verificação	check	(cl:subst;fem;)/
verme	worm	(cl:subst;masc;)/
vermelho	red	(cl:adj;)/
versão	version	(cl:subst;)/
verter	shed	(cl:vb;)/
vertical	vertical	(cl:adj;)/
verão	Summer	(cl:subst;masc;)/
vespa	wasp	(cl:subst;fem;)/
vestido	dress	(cl:subst;masc;)/
vestir	wear	(cl:vb;)/		dress	(cl:vb;)/
vetar	veto	(cl:vb;)/
veterinário	vet	(cl:subst;)/		veterinary	(cl:adj;)/
veículo	vehicle	(cl:subst;)/
viagem	trip	(cl:subst;fem;)/		travel	(cl:subst;fem;)/		trip	(cl:subst;fem;)/
viajante	traveler	(cl:subst;)/
viajar	travel	(cl:vb;)/
vice	vice	(cl:adj;)/
vida	life	(cl:subst;fem;)/
vida selvagem	wildlife	(cl:subst;)/
vidro	glass	(cl:subst;masc;)/
vigiar	watch	(cl:vb;)/		guard	(cl:vb;)/
vila	village	(cl:subst;fem;)/
vinda	coming	(cl:subst;)/
vinho	wine	(cl:subst;masc;)/
vinte	twenty	(cl:num)/(cl:num)
vinte e um	twenty-one	(cl:num)/(cl:num)
violão	guitar	(cl:subst;masc;)/
vir	come	(cl:vb;)/
virar	turn	(cl:vb;)/		turn	(cl:vb;)/
virtude	virtue	(cl:subst;fem;)/
virótico	viral	(cl:adj;)/
visita	visit	(cl:subst;fem;)/
visitante	visitor	(cl:subst;)/
visitar	visit	(cl:vb;)/
visivelmente	visibly	(cl:adv;)/
vista	view	(cl:subst;fem;)/
visto	visa	(cl:subst;masc;)/
visão	view	(cl:subst;)/
visível	visible	(cl:adj;)/
vitela	calf	(cl:subst;)/
vitória	victory	(cl:subst;fem;)/
viver	live	(cl:vb;)/
vivo	living	(cl:adj;)/		live	(cl:adj;)/
vizinhança	vicinity	(cl:subst;fem;)/
vizinho	neighbor	(cl:subst;)/
você	you	(cl:pron;)/
você mesmo	yourself	(cl:pron;sing;)/(sing;)
volta	turn	(cl:subst;fem;)/
vomitar	vomit	(cl:vb;)/
vontade	will	(cl:subst;fem;)/(sing;)
vos	you	(cl:pron;)/
vosso	yours	(cl:pron;)/(poss;)
votar	vote	(cl:vb;)/
voto	vote	(cl:subst;masc;)/		vote	(cl:subst;masc;)/
voucher	voucher	(cl:subst;)/
voz	voice	(cl:subst;fem;)/
vácuo	vacuum	(cl:subst;masc;)/
válido	valid	(cl:adj;)/
vários	several	(cl:art;plu;)/(plu;)		various	(cl:art;plu;)/(plu;)
vício	vice	(cl:subst;masc;)/
vírus	virus	(cl:subst;)/
vítima	victim	(cl:subst;)/
vós	you	(cl:pron;)/
vômito	vomit	(cl:subst;masc;)/
vôo	flight	(cl:subst;masc;)/
xícara	cup	(cl:subst;fem;)/
zangado	angry	(cl:adj;)/
zero	zero	(cl:num)/(cl:num)
às vezes	sometimes	(cl:adv;)/
ácido	acid	(cl:subst;masc;)/
água	water	(cl:subst;fem;)/
águia	eagle	(cl:subst;fem;)/
álcool	alcohol	(cl:subst;masc;)/
árabe	Arab	(cl:subst;)/
área	area	(cl:subst;)/
árvore	tree	(cl:subst;fem;)/
ásia	Asia	(cl:pron;sing;fem;)/(sing;fem;)
âmbar	amber	(cl:subst;)/
índio	indian	(cl:adj;)/		indian	(cl:subst;)/
ódio	hatred	(cl:subst;masc;)/
óleo	oil	(cl:subst;masc;)/
ônibus	bus	(cl:subst;masc;)/		bus	(cl:subst;masc;)/
último	last	(cl:num;)/
único	only	(cl:num;)/		single	(cl:num;)/		unique	(cl:adj;)/
útil	useful	(cl:adj;)/		useful	(cl:adj;)/
